<svg width="840" height="582" viewBox="0 0 840 582" fill="none" xmlns="http://www.w3.org/2000/svg">
<rect y="63.1382" width="263.175" height="179.573" rx="8" fill="#F7F5F5"/>
<rect x="576.78" y="61.5664" width="263.175" height="179.573" rx="8" fill="#F7F5F5"/>
<rect y="300.619" width="263.175" height="280.672" rx="8" fill="#F7F5F5"/>
<rect x="285.19" y="300.619" width="263.175" height="280.672" rx="8" fill="#F7F5F5"/>
<rect x="570.381" y="300.619" width="263.175" height="280.672" rx="8" fill="#1119FF"/>
<rect x="285.748" y="63.1382" width="263.175" height="179.573" rx="8" fill="#1119FF"/>
<path d="M28.1712 131.924C30.3641 131.49 31.027 130.164 31.027 126.697V113.54C31.027 111.627 30.874 110.837 29.9051 110.199V110.123H34.9537V110.199C33.9848 110.837 33.8573 111.627 33.8573 113.54V126.646C33.8573 130.853 31.8939 132.842 28.1712 133.148V131.924ZM43.6832 129.858C39.7055 129.858 37.1557 127.155 37.1557 123.178C37.1557 119.175 39.7055 116.523 43.6832 116.523C47.6609 116.523 50.2107 119.175 50.2107 123.178C50.2107 127.155 47.6609 129.858 43.6832 129.858ZM39.782 123.178C39.782 126.62 41.2354 128.66 43.7087 128.66C46.131 128.66 47.5844 126.62 47.5844 123.178C47.5844 119.71 46.131 117.721 43.7087 117.721C41.2354 117.721 39.782 119.71 39.782 123.178ZM52.2952 129.425V129.323C53.1876 128.711 53.3151 127.818 53.3151 126.008V120.373C53.3151 118.461 53.1876 117.67 52.2952 117.033V116.956H56.2474C55.9669 117.517 55.8904 118.231 55.8649 119.634C56.6554 117.925 58.2107 116.523 60.5311 116.523C62.5709 116.523 63.9733 117.492 64.3558 119.889C65.0952 118.053 66.7016 116.523 69.1239 116.523C71.5462 116.523 73.0506 117.874 73.0506 121.342V126.008C73.0506 127.818 73.1526 128.711 74.0196 129.323V129.425H69.5574V129.323C70.3733 128.711 70.5008 127.818 70.5008 126.008V121.393C70.5008 119.073 69.6594 118.078 68.002 118.078C66.1151 118.078 64.8657 119.557 64.4578 121.316V121.342V126.008C64.4578 127.818 64.5598 128.711 65.4267 129.323V129.425H60.9645V129.323C61.7805 128.711 61.908 127.818 61.908 126.008V121.393C61.908 119.073 61.0665 118.078 59.4092 118.078C57.5223 118.078 56.2729 119.557 55.8649 121.316V126.008C55.8649 127.818 55.9669 128.711 56.8338 129.323V129.425H52.2952ZM86.1238 129.654L79.1628 112.979V126.008C79.1628 127.818 79.2903 128.711 80.3612 129.323V129.425H76.3835V129.323C77.4034 128.711 77.5564 127.818 77.5564 126.008V113.54C77.5564 111.627 77.4034 110.837 76.4345 110.199V110.123H80.7437L87.1182 125.626L93.3652 110.123H97.6234V110.199C96.6545 110.837 96.527 111.627 96.527 113.54V126.008C96.527 127.818 96.68 128.711 97.6489 129.323V129.425H92.6003V129.323C93.6202 128.711 93.7732 127.818 93.7732 126.008V112.8L86.9142 129.654H86.1238ZM103.5 129.756C101.332 129.756 99.7768 128.66 99.7768 126.467C99.7768 124.147 101.587 123.305 104.749 122.387C107.146 121.699 108.344 121.367 108.37 119.736C108.37 118.384 107.503 117.67 105.947 117.67C104.239 117.67 102.684 118.639 102.658 121.036H100.236C100.44 118.078 103.143 116.497 106.177 116.497C108.803 116.497 110.894 117.619 110.894 120.704V126.238C110.894 127.665 111.327 128.226 112.092 128.226C112.449 128.226 112.73 128.124 113.01 127.895V128.838C112.5 129.323 111.837 129.629 110.945 129.629C109.543 129.629 108.395 128.711 108.395 126.467V126.161C107.732 128.099 106.1 129.756 103.5 129.756ZM102.301 126.136C102.301 127.538 103.219 128.124 104.315 128.124C106.712 128.124 108.37 125.983 108.37 123.178V121.877C107.962 122.591 106.916 122.897 105.412 123.407C103.372 124.07 102.301 124.631 102.301 126.136ZM123.508 129.425L117.694 122.872V126.008C117.694 127.818 117.821 128.711 118.739 129.323V129.425H114.022V129.323C114.966 128.711 115.093 127.818 115.093 126.008V112.928C115.093 111.372 114.966 110.582 114.226 109.995V109.893L117.694 109.46L117.872 109.536C117.745 110.301 117.694 110.913 117.694 112.928V121.954L121.442 118.843C122.335 118.104 122.666 117.339 122.564 117.007V116.956H125.981V117.135C125.114 117.492 124.425 117.9 123.38 118.741L119.581 121.877L126.567 129.246V129.425H123.508ZM130.915 129.756C128.748 129.756 127.192 128.66 127.192 126.467C127.192 124.147 129.003 123.305 132.164 122.387C134.561 121.699 135.76 121.367 135.785 119.736C135.785 118.384 134.918 117.67 133.363 117.67C131.654 117.67 130.099 118.639 130.073 121.036H127.651C127.855 118.078 130.558 116.497 133.592 116.497C136.219 116.497 138.309 117.619 138.309 120.704V126.238C138.309 127.665 138.743 128.226 139.508 128.226C139.865 128.226 140.145 128.124 140.426 127.895V128.838C139.916 129.323 139.253 129.629 138.36 129.629C136.958 129.629 135.811 128.711 135.811 126.467V126.161C135.148 128.099 133.516 129.756 130.915 129.756ZM129.717 126.136C129.717 127.538 130.634 128.124 131.731 128.124C134.128 128.124 135.785 125.983 135.785 123.178V121.877C135.377 122.591 134.332 122.897 132.827 123.407C130.787 124.07 129.717 124.631 129.717 126.136ZM141.514 129.425V129.323C142.407 128.711 142.534 127.818 142.534 126.008V120.373C142.534 118.461 142.407 117.67 141.514 117.033V116.956H145.517C145.237 117.543 145.16 118.257 145.135 119.71C145.925 117.951 147.557 116.523 149.929 116.523C152.402 116.523 153.932 117.874 153.932 121.342V126.008C153.932 127.818 154.034 128.711 154.926 129.323V129.425H150.387V129.323C151.203 128.711 151.331 127.818 151.331 126.008V121.393C151.331 119.073 150.464 118.078 148.781 118.078C146.818 118.078 145.517 119.608 145.135 121.418V126.008C145.135 127.818 145.262 128.711 146.129 129.323V129.425H141.514Z" fill="#1119FF"/>
<path d="M24.2813 477.431C26.4742 476.997 27.1371 475.672 27.1371 472.204V459.047C27.1371 457.134 26.9841 456.344 26.0152 455.707V455.63H31.0638V455.707C30.0949 456.344 29.9674 457.134 29.9674 459.047V472.153C29.9674 476.36 28.0041 478.349 24.2813 478.655V477.431ZM39.7933 475.366C35.8156 475.366 33.2658 472.663 33.2658 468.685C33.2658 464.682 35.8156 462.03 39.7933 462.03C43.771 462.03 46.3208 464.682 46.3208 468.685C46.3208 472.663 43.771 475.366 39.7933 475.366ZM35.8921 468.685C35.8921 472.127 37.3455 474.167 39.8188 474.167C42.2411 474.167 43.6945 472.127 43.6945 468.685C43.6945 465.217 42.2411 463.229 39.8188 463.229C37.3455 463.229 35.8921 465.217 35.8921 468.685ZM48.4053 474.932V474.83C49.2977 474.218 49.4252 473.326 49.4252 471.515V465.88C49.4252 463.968 49.2977 463.178 48.4053 462.54V462.464H52.3575C52.077 463.025 52.0005 463.738 51.975 465.141C52.7655 463.432 54.3209 462.03 56.6412 462.03C58.681 462.03 60.0834 462.999 60.4659 465.396C61.2053 463.56 62.8117 462.03 65.234 462.03C67.6563 462.03 69.1607 463.382 69.1607 466.849V471.515C69.1607 473.326 69.2627 474.218 70.1297 474.83V474.932H65.6675V474.83C66.4834 474.218 66.6109 473.326 66.6109 471.515V466.9C66.6109 464.58 65.7695 463.585 64.1121 463.585C62.2253 463.585 60.9759 465.064 60.5679 466.824V466.849V471.515C60.5679 473.326 60.6699 474.218 61.5368 474.83V474.932H57.0746V474.83C57.8906 474.218 58.0181 473.326 58.0181 471.515V466.9C58.0181 464.58 57.1766 463.585 55.5193 463.585C53.6324 463.585 52.383 465.064 51.975 466.824V471.515C51.975 473.326 52.077 474.218 52.944 474.83V474.932H48.4053ZM82.2339 475.162L75.2729 458.486V471.515C75.2729 473.326 75.4004 474.218 76.4713 474.83V474.932H72.4936V474.83C73.5135 474.218 73.6665 473.326 73.6665 471.515V459.047C73.6665 457.134 73.5135 456.344 72.5446 455.707V455.63H76.8538L83.2283 471.133L89.4753 455.63H93.7335V455.707C92.7646 456.344 92.6371 457.134 92.6371 459.047V471.515C92.6371 473.326 92.7901 474.218 93.759 474.83V474.932H88.7104V474.83C89.7303 474.218 89.8833 473.326 89.8833 471.515V458.307L83.0243 475.162H82.2339ZM99.6096 475.264C97.4423 475.264 95.8869 474.167 95.8869 471.974C95.8869 469.654 97.6973 468.813 100.859 467.895C103.256 467.206 104.454 466.875 104.48 465.243C104.48 463.891 103.613 463.178 102.057 463.178C100.349 463.178 98.7937 464.146 98.7682 466.543H96.3459C96.5499 463.585 99.2526 462.005 102.287 462.005C104.913 462.005 107.004 463.127 107.004 466.212V471.745C107.004 473.173 107.438 473.734 108.202 473.734C108.559 473.734 108.84 473.632 109.12 473.402V474.346C108.61 474.83 107.947 475.136 107.055 475.136C105.653 475.136 104.505 474.218 104.505 471.974V471.668C103.842 473.606 102.21 475.264 99.6096 475.264ZM98.4112 471.643C98.4112 473.045 99.3291 473.632 100.426 473.632C102.822 473.632 104.48 471.49 104.48 468.685V467.385C104.072 468.099 103.026 468.405 101.522 468.915C99.4821 469.578 98.4112 470.138 98.4112 471.643ZM119.618 474.932L113.804 468.379V471.515C113.804 473.326 113.932 474.218 114.85 474.83V474.932H110.132V474.83C111.076 474.218 111.203 473.326 111.203 471.515V458.435C111.203 456.879 111.076 456.089 110.336 455.503V455.401L113.804 454.967L113.983 455.044C113.855 455.809 113.804 456.421 113.804 458.435V467.461L117.552 464.35C118.445 463.611 118.776 462.846 118.674 462.515V462.464H122.091V462.642C121.224 462.999 120.536 463.407 119.49 464.248L115.691 467.385L122.677 474.754V474.932H119.618ZM127.025 475.264C124.858 475.264 123.302 474.167 123.302 471.974C123.302 469.654 125.113 468.813 128.274 467.895C130.671 467.206 131.87 466.875 131.895 465.243C131.895 463.891 131.028 463.178 129.473 463.178C127.764 463.178 126.209 464.146 126.184 466.543H123.761C123.965 463.585 126.668 462.005 129.702 462.005C132.329 462.005 134.419 463.127 134.419 466.212V471.745C134.419 473.173 134.853 473.734 135.618 473.734C135.975 473.734 136.255 473.632 136.536 473.402V474.346C136.026 474.83 135.363 475.136 134.47 475.136C133.068 475.136 131.921 474.218 131.921 471.974V471.668C131.258 473.606 129.626 475.264 127.025 475.264ZM125.827 471.643C125.827 473.045 126.745 473.632 127.841 473.632C130.238 473.632 131.895 471.49 131.895 468.685V467.385C131.487 468.099 130.442 468.405 128.937 468.915C126.898 469.578 125.827 470.138 125.827 471.643ZM137.624 474.932V474.83C138.517 474.218 138.644 473.326 138.644 471.515V465.88C138.644 463.968 138.517 463.178 137.624 462.54V462.464H141.627C141.347 463.05 141.27 463.764 141.245 465.217C142.035 463.458 143.667 462.03 146.039 462.03C148.512 462.03 150.042 463.382 150.042 466.849V471.515C150.042 473.326 150.144 474.218 151.036 474.83V474.932H146.498V474.83C147.314 474.218 147.441 473.326 147.441 471.515V466.9C147.441 464.58 146.574 463.585 144.891 463.585C142.928 463.585 141.627 465.115 141.245 466.926V471.515C141.245 473.326 141.372 474.218 142.239 474.83V474.932H137.624Z" fill="#1119FF"/>
<path d="M309.472 477.431C311.664 476.997 312.327 475.672 312.327 472.204V459.047C312.327 457.134 312.174 456.344 311.205 455.707V455.63H316.254V455.707C315.285 456.344 315.158 457.134 315.158 459.047V472.153C315.158 476.36 313.194 478.349 309.472 478.655V477.431ZM324.984 475.366C321.006 475.366 318.456 472.663 318.456 468.685C318.456 464.682 321.006 462.03 324.984 462.03C328.961 462.03 331.511 464.682 331.511 468.685C331.511 472.663 328.961 475.366 324.984 475.366ZM321.082 468.685C321.082 472.127 322.536 474.167 325.009 474.167C327.431 474.167 328.885 472.127 328.885 468.685C328.885 465.217 327.431 463.229 325.009 463.229C322.536 463.229 321.082 465.217 321.082 468.685ZM333.596 474.932V474.83C334.488 474.218 334.615 473.326 334.615 471.515V465.88C334.615 463.968 334.488 463.178 333.596 462.54V462.464H337.548C337.267 463.025 337.191 463.738 337.165 465.141C337.956 463.432 339.511 462.03 341.831 462.03C343.871 462.03 345.274 462.999 345.656 465.396C346.396 463.56 348.002 462.03 350.424 462.03C352.847 462.03 354.351 463.382 354.351 466.849V471.515C354.351 473.326 354.453 474.218 355.32 474.83V474.932H350.858V474.83C351.674 474.218 351.801 473.326 351.801 471.515V466.9C351.801 464.58 350.96 463.585 349.302 463.585C347.416 463.585 346.166 465.064 345.758 466.824V466.849V471.515C345.758 473.326 345.86 474.218 346.727 474.83V474.932H342.265V474.83C343.081 474.218 343.208 473.326 343.208 471.515V466.9C343.208 464.58 342.367 463.585 340.71 463.585C338.823 463.585 337.573 465.064 337.165 466.824V471.515C337.165 473.326 337.267 474.218 338.134 474.83V474.932H333.596ZM367.424 475.162L360.463 458.486V471.515C360.463 473.326 360.591 474.218 361.662 474.83V474.932H357.684V474.83C358.704 474.218 358.857 473.326 358.857 471.515V459.047C358.857 457.134 358.704 456.344 357.735 455.707V455.63H362.044L368.419 471.133L374.666 455.63H378.924V455.707C377.955 456.344 377.827 457.134 377.827 459.047V471.515C377.827 473.326 377.98 474.218 378.949 474.83V474.932H373.901V474.83C374.921 474.218 375.074 473.326 375.074 471.515V458.307L368.215 475.162H367.424ZM384.8 475.264C382.633 475.264 381.077 474.167 381.077 471.974C381.077 469.654 382.888 468.813 386.049 467.895C388.446 467.206 389.645 466.875 389.67 465.243C389.67 463.891 388.803 463.178 387.248 463.178C385.539 463.178 383.984 464.146 383.958 466.543H381.536C381.74 463.585 384.443 462.005 387.477 462.005C390.103 462.005 392.194 463.127 392.194 466.212V471.745C392.194 473.173 392.628 473.734 393.393 473.734C393.75 473.734 394.03 473.632 394.311 473.402V474.346C393.801 474.83 393.138 475.136 392.245 475.136C390.843 475.136 389.696 474.218 389.696 471.974V471.668C389.033 473.606 387.401 475.264 384.8 475.264ZM383.601 471.643C383.601 473.045 384.519 473.632 385.616 473.632C388.013 473.632 389.67 471.49 389.67 468.685V467.385C389.262 468.099 388.217 468.405 386.712 468.915C384.672 469.578 383.601 470.138 383.601 471.643ZM404.808 474.932L398.994 468.379V471.515C398.994 473.326 399.122 474.218 400.04 474.83V474.932H395.323V474.83C396.266 474.218 396.394 473.326 396.394 471.515V458.435C396.394 456.879 396.266 456.089 395.527 455.503V455.401L398.994 454.967L399.173 455.044C399.045 455.809 398.994 456.421 398.994 458.435V467.461L402.743 464.35C403.635 463.611 403.966 462.846 403.864 462.515V462.464H407.281V462.642C406.414 462.999 405.726 463.407 404.68 464.248L400.881 467.385L407.868 474.754V474.932H404.808ZM412.215 475.264C410.048 475.264 408.493 474.167 408.493 471.974C408.493 469.654 410.303 468.813 413.465 467.895C415.862 467.206 417.06 466.875 417.085 465.243C417.085 463.891 416.219 463.178 414.663 463.178C412.955 463.178 411.399 464.146 411.374 466.543H408.952C409.156 463.585 411.858 462.005 414.893 462.005C417.519 462.005 419.61 463.127 419.61 466.212V471.745C419.61 473.173 420.043 473.734 420.808 473.734C421.165 473.734 421.446 473.632 421.726 473.402V474.346C421.216 474.83 420.553 475.136 419.661 475.136C418.258 475.136 417.111 474.218 417.111 471.974V471.668C416.448 473.606 414.816 475.264 412.215 475.264ZM411.017 471.643C411.017 473.045 411.935 473.632 413.031 473.632C415.428 473.632 417.085 471.49 417.085 468.685V467.385C416.677 468.099 415.632 468.405 414.128 468.915C412.088 469.578 411.017 470.138 411.017 471.643ZM422.815 474.932V474.83C423.707 474.218 423.834 473.326 423.834 471.515V465.88C423.834 463.968 423.707 463.178 422.815 462.54V462.464H426.818C426.537 463.05 426.461 463.764 426.435 465.217C427.226 463.458 428.858 462.03 431.229 462.03C433.702 462.03 435.232 463.382 435.232 466.849V471.515C435.232 473.326 435.334 474.218 436.227 474.83V474.932H431.688V474.83C432.504 474.218 432.631 473.326 432.631 471.515V466.9C432.631 464.58 431.764 463.585 430.081 463.585C428.118 463.585 426.818 465.115 426.435 466.926V471.515C426.435 473.326 426.563 474.218 427.43 474.83V474.932H422.815Z" fill="#1119FF"/>
<path d="M594.662 477.431C596.855 476.997 597.518 475.672 597.518 472.204V459.047C597.518 457.134 597.365 456.344 596.396 455.707V455.63H601.445V455.707C600.476 456.344 600.348 457.134 600.348 459.047V472.153C600.348 476.36 598.385 478.349 594.662 478.655V477.431ZM610.174 475.366C606.196 475.366 603.647 472.663 603.647 468.685C603.647 464.682 606.196 462.03 610.174 462.03C614.152 462.03 616.702 464.682 616.702 468.685C616.702 472.663 614.152 475.366 610.174 475.366ZM606.273 468.685C606.273 472.127 607.726 474.167 610.2 474.167C612.622 474.167 614.075 472.127 614.075 468.685C614.075 465.217 612.622 463.229 610.2 463.229C607.726 463.229 606.273 465.217 606.273 468.685ZM618.786 474.932V474.83C619.679 474.218 619.806 473.326 619.806 471.515V465.88C619.806 463.968 619.679 463.178 618.786 462.54V462.464H622.738C622.458 463.025 622.381 463.738 622.356 465.141C623.146 463.432 624.702 462.03 627.022 462.03C629.062 462.03 630.464 462.999 630.847 465.396C631.586 463.56 633.193 462.03 635.615 462.03C638.037 462.03 639.542 463.382 639.542 466.849V471.515C639.542 473.326 639.644 474.218 640.51 474.83V474.932H636.048V474.83C636.864 474.218 636.992 473.326 636.992 471.515V466.9C636.992 464.58 636.15 463.585 634.493 463.585C632.606 463.585 631.357 465.064 630.949 466.824V466.849V471.515C630.949 473.326 631.051 474.218 631.918 474.83V474.932H627.455V474.83C628.271 474.218 628.399 473.326 628.399 471.515V466.9C628.399 464.58 627.557 463.585 625.9 463.585C624.013 463.585 622.764 465.064 622.356 466.824V471.515C622.356 473.326 622.458 474.218 623.325 474.83V474.932H618.786ZM652.615 475.162L645.654 458.486V471.515C645.654 473.326 645.781 474.218 646.852 474.83V474.932H642.874V474.83C643.894 474.218 644.047 473.326 644.047 471.515V459.047C644.047 457.134 643.894 456.344 642.925 455.707V455.63H647.235L653.609 471.133L659.856 455.63H664.114V455.707C663.145 456.344 663.018 457.134 663.018 459.047V471.515C663.018 473.326 663.171 474.218 664.14 474.83V474.932H659.091V474.83C660.111 474.218 660.264 473.326 660.264 471.515V458.307L653.405 475.162H652.615ZM669.99 475.264C667.823 475.264 666.268 474.167 666.268 471.974C666.268 469.654 668.078 468.813 671.24 467.895C673.637 467.206 674.835 466.875 674.861 465.243C674.861 463.891 673.994 463.178 672.438 463.178C670.73 463.178 669.175 464.146 669.149 466.543H666.727C666.931 463.585 669.633 462.005 672.668 462.005C675.294 462.005 677.385 463.127 677.385 466.212V471.745C677.385 473.173 677.818 473.734 678.583 473.734C678.94 473.734 679.221 473.632 679.501 473.402V474.346C678.991 474.83 678.328 475.136 677.436 475.136C676.033 475.136 674.886 474.218 674.886 471.974V471.668C674.223 473.606 672.591 475.264 669.99 475.264ZM668.792 471.643C668.792 473.045 669.71 473.632 670.806 473.632C673.203 473.632 674.861 471.49 674.861 468.685V467.385C674.453 468.099 673.407 468.405 671.903 468.915C669.863 469.578 668.792 470.138 668.792 471.643ZM689.998 474.932L684.185 468.379V471.515C684.185 473.326 684.312 474.218 685.23 474.83V474.932H680.513V474.83C681.457 474.218 681.584 473.326 681.584 471.515V458.435C681.584 456.879 681.457 456.089 680.717 455.503V455.401L684.185 454.967L684.363 455.044C684.236 455.809 684.185 456.421 684.185 458.435V467.461L687.933 464.35C688.826 463.611 689.157 462.846 689.055 462.515V462.464H692.472V462.642C691.605 462.999 690.916 463.407 689.871 464.248L686.072 467.385L693.058 474.754V474.932H689.998ZM697.406 475.264C695.239 475.264 693.683 474.167 693.683 471.974C693.683 469.654 695.494 468.813 698.655 467.895C701.052 467.206 702.25 466.875 702.276 465.243C702.276 463.891 701.409 463.178 699.854 463.178C698.145 463.178 696.59 464.146 696.564 466.543H694.142C694.346 463.585 697.049 462.005 700.083 462.005C702.709 462.005 704.8 463.127 704.8 466.212V471.745C704.8 473.173 705.234 473.734 705.999 473.734C706.356 473.734 706.636 473.632 706.917 473.402V474.346C706.407 474.83 705.744 475.136 704.851 475.136C703.449 475.136 702.301 474.218 702.301 471.974V471.668C701.639 473.606 700.007 475.264 697.406 475.264ZM696.207 471.643C696.207 473.045 697.125 473.632 698.222 473.632C700.619 473.632 702.276 471.49 702.276 468.685V467.385C701.868 468.099 700.823 468.405 699.318 468.915C697.278 469.578 696.207 470.138 696.207 471.643ZM708.005 474.932V474.83C708.898 474.218 709.025 473.326 709.025 471.515V465.88C709.025 463.968 708.898 463.178 708.005 462.54V462.464H712.008C711.728 463.05 711.651 463.764 711.626 465.217C712.416 463.458 714.048 462.03 716.419 462.03C718.893 462.03 720.423 463.382 720.423 466.849V471.515C720.423 473.326 720.525 474.218 721.417 474.83V474.932H716.878V474.83C717.694 474.218 717.822 473.326 717.822 471.515V466.9C717.822 464.58 716.955 463.585 715.272 463.585C713.309 463.585 712.008 465.115 711.626 466.926V471.515C711.626 473.326 711.753 474.218 712.62 474.83V474.932H708.005Z" fill="#1119FF"/>
<path d="M31.2921 94.4763H32.3177L33.0396 95.4175L33.3803 95.8358L34.5307 97.337H33.4647L32.6955 96.3351L32.4324 95.9707L31.2921 94.4763ZM34.7534 93.2618C34.7534 93.9995 34.6184 94.6337 34.3486 95.1645C34.0787 95.693 33.7087 96.1001 33.2387 96.3857C32.7709 96.6691 32.2389 96.8108 31.643 96.8108C31.0447 96.8108 30.5106 96.6691 30.0405 96.3857C29.5727 96.1001 29.2039 95.6919 28.934 95.1611C28.6641 94.6303 28.5291 93.9972 28.5291 93.2618C28.5291 92.5241 28.6641 91.891 28.934 91.3624C29.2039 90.8317 29.5727 90.4246 30.0405 90.1412C30.5106 89.8556 31.0447 89.7128 31.643 89.7128C32.2389 89.7128 32.7709 89.8556 33.2387 90.1412C33.7087 90.4246 34.0787 90.8317 34.3486 91.3624C34.6184 91.891 34.7534 92.5241 34.7534 93.2618ZM33.7211 93.2618C33.7211 92.6995 33.63 92.2261 33.4478 91.8415C33.2679 91.4546 33.0205 91.1623 32.7056 90.9644C32.393 90.7642 32.0388 90.6641 31.643 90.6641C31.2449 90.6641 30.8895 90.7642 30.5769 90.9644C30.2643 91.1623 30.0169 91.4546 29.8347 91.8415C29.6548 92.2261 29.5648 92.6995 29.5648 93.2618C29.5648 93.824 29.6548 94.2986 29.8347 94.6854C30.0169 95.07 30.2643 95.3624 30.5769 95.5625C30.8895 95.7605 31.2449 95.8594 31.643 95.8594C32.0388 95.8594 32.393 95.7605 32.7056 95.5625C33.0205 95.3624 33.2679 95.07 33.4478 94.6854C33.63 94.2986 33.7211 93.824 33.7211 93.2618ZM36.2934 96.7163H35.1869L37.6732 89.8072H38.8776L41.3639 96.7163H40.2574L38.3041 91.0622H38.2501L36.2934 96.7163ZM36.479 94.0107H40.0685V94.8878H36.479V94.0107ZM45.4594 96.7163H44.3529L46.8392 89.8072H48.0436L50.5299 96.7163H49.4234L47.4701 91.0622H47.4161L45.4594 96.7163ZM45.645 94.0107H49.2345V94.8878H45.645V94.0107ZM54.7292 94.5673V91.5345H55.7413V96.7163H54.7494V95.8189H54.6955C54.5763 96.0956 54.3851 96.3261 54.122 96.5105C53.8611 96.6927 53.5361 96.7838 53.147 96.7838C52.8141 96.7838 52.5195 96.7107 52.2631 96.5645C52.009 96.4161 51.8088 96.1968 51.6626 95.9066C51.5187 95.6165 51.4467 95.2578 51.4467 94.8305V91.5345H52.4554V94.709C52.4554 95.0621 52.5532 95.3433 52.7489 95.5524C52.9446 95.7616 53.1987 95.8662 53.5113 95.8662C53.7003 95.8662 53.8881 95.8189 54.0747 95.7245C54.2636 95.63 54.42 95.4872 54.5437 95.296C54.6696 95.1049 54.7314 94.862 54.7292 94.5673ZM59.5155 91.5345V92.3441H56.685V91.5345H59.5155ZM57.4441 90.293H58.4528V95.1948C58.4528 95.3905 58.482 95.5378 58.5405 95.6368C58.599 95.7335 58.6743 95.7998 58.7665 95.8358C58.861 95.8695 58.9633 95.8864 59.0735 95.8864C59.1545 95.8864 59.2253 95.8808 59.2861 95.8695C59.3468 95.8583 59.394 95.8493 59.4278 95.8426L59.6099 96.6758C59.5514 96.6983 59.4682 96.7208 59.3603 96.7433C59.2523 96.768 59.1174 96.7815 58.9555 96.7838C58.6901 96.7883 58.4427 96.741 58.2133 96.6421C57.9839 96.5431 57.7983 96.3902 57.6566 96.1833C57.5149 95.9764 57.4441 95.7166 57.4441 95.404V90.293ZM62.7583 96.8209C62.2725 96.8209 61.8486 96.7096 61.4865 96.4869C61.1244 96.2642 60.8432 95.9528 60.6431 95.5524C60.4429 95.1521 60.3428 94.6843 60.3428 94.149C60.3428 93.6115 60.4429 93.1414 60.6431 92.7389C60.8432 92.3363 61.1244 92.0237 61.4865 91.801C61.8486 91.5783 62.2725 91.467 62.7583 91.467C63.2441 91.467 63.6681 91.5783 64.0302 91.801C64.3923 92.0237 64.6734 92.3363 64.8736 92.7389C65.0737 93.1414 65.1738 93.6115 65.1738 94.149C65.1738 94.6843 65.0737 95.1521 64.8736 95.5524C64.6734 95.9528 64.3923 96.2642 64.0302 96.4869C63.6681 96.7096 63.2441 96.8209 62.7583 96.8209ZM62.7617 95.9741C63.0766 95.9741 63.3374 95.8909 63.5444 95.7245C63.7513 95.558 63.9042 95.3365 64.0032 95.0599C64.1044 94.7832 64.155 94.4785 64.155 94.1456C64.155 93.815 64.1044 93.5114 64.0032 93.2348C63.9042 92.9559 63.7513 92.7321 63.5444 92.5634C63.3374 92.3948 63.0766 92.3104 62.7617 92.3104C62.4446 92.3104 62.1814 92.3948 61.9723 92.5634C61.7654 92.7321 61.6113 92.9559 61.5101 93.2348C61.4111 93.5114 61.3617 93.815 61.3617 94.1456C61.3617 94.4785 61.4111 94.7832 61.5101 95.0599C61.6113 95.3365 61.7654 95.558 61.9723 95.7245C62.1814 95.8909 62.4446 95.9741 62.7617 95.9741ZM66.2997 96.7163V91.5345H67.2679V92.3779H67.332C67.44 92.0923 67.6166 91.8696 67.8617 91.7099C68.1068 91.548 68.4003 91.467 68.7422 91.467C69.0886 91.467 69.3787 91.548 69.6126 91.7099C69.8487 91.8718 70.023 92.0945 70.1355 92.3779H70.1895C70.3132 92.1013 70.51 91.8808 70.7798 91.7167C71.0497 91.5502 71.3713 91.467 71.7447 91.467C72.2147 91.467 72.5982 91.6143 72.8951 91.909C73.1942 92.2036 73.3438 92.6478 73.3438 93.2415V96.7163H72.3351V93.336C72.3351 92.9851 72.2395 92.731 72.0483 92.5736C71.8571 92.4161 71.6289 92.3374 71.3635 92.3374C71.0351 92.3374 70.7798 92.4386 70.5977 92.641C70.4155 92.8412 70.3244 93.0987 70.3244 93.4136V96.7163H69.3191V93.2719C69.3191 92.9908 69.2314 92.7647 69.0559 92.5938C68.8805 92.4229 68.6522 92.3374 68.3711 92.3374C68.1799 92.3374 68.0034 92.388 67.8415 92.4892C67.6818 92.5882 67.5525 92.7265 67.4535 92.9042C67.3568 93.0818 67.3084 93.2876 67.3084 93.5215V96.7163H66.2997ZM76.2037 96.831C75.8754 96.831 75.5785 96.7703 75.3131 96.6488C75.0477 96.5251 74.8374 96.3463 74.6822 96.1124C74.5293 95.8785 74.4528 95.5918 74.4528 95.2522C74.4528 94.9598 74.5091 94.7191 74.6215 94.5302C74.734 94.3413 74.8858 94.1917 75.0769 94.0815C75.2681 93.9713 75.4818 93.8881 75.7179 93.8319C75.9541 93.7757 76.1947 93.7329 76.4399 93.7037C76.7502 93.6677 77.0021 93.6385 77.1956 93.616C77.389 93.5912 77.5295 93.5519 77.6172 93.4979C77.705 93.4439 77.7488 93.3562 77.7488 93.2348V93.2112C77.7488 92.9165 77.6656 92.6883 77.4992 92.5263C77.335 92.3644 77.0898 92.2834 76.7637 92.2834C76.4241 92.2834 76.1565 92.3588 75.9608 92.5095C75.7674 92.6579 75.6336 92.8232 75.5594 93.0054L74.6114 92.7895C74.7238 92.4746 74.888 92.2205 75.1039 92.027C75.3221 91.8314 75.5729 91.6897 75.8562 91.602C76.1396 91.512 76.4376 91.467 76.7502 91.467C76.9572 91.467 77.1764 91.4918 77.4081 91.5412C77.642 91.5885 77.8601 91.6762 78.0626 91.8044C78.2672 91.9326 78.4348 92.1159 78.5652 92.3543C78.6957 92.5904 78.7609 92.8974 78.7609 93.2753V96.7163H77.7758V96.0079H77.7353C77.6701 96.1383 77.5723 96.2665 77.4418 96.3924C77.3114 96.5184 77.1438 96.623 76.9392 96.7062C76.7345 96.7894 76.4893 96.831 76.2037 96.831ZM76.423 96.0214C76.7019 96.0214 76.9403 95.9662 77.1382 95.856C77.3384 95.7458 77.4902 95.6019 77.5936 95.4242C77.6993 95.2443 77.7522 95.052 77.7522 94.8473V94.1794C77.7162 94.2154 77.6465 94.2491 77.543 94.2806C77.4418 94.3098 77.326 94.3357 77.1956 94.3582C77.0651 94.3784 76.938 94.3975 76.8143 94.4155C76.6906 94.4313 76.5872 94.4448 76.504 94.456C76.3083 94.4807 76.1295 94.5224 75.9676 94.5808C75.8079 94.6393 75.6797 94.7236 75.583 94.8339C75.4885 94.9418 75.4413 95.0857 75.4413 95.2657C75.4413 95.5153 75.5335 95.7042 75.7179 95.8324C75.9023 95.9584 76.1374 96.0214 76.423 96.0214ZM82.5233 91.5345V92.3441H79.6928V91.5345H82.5233ZM80.4519 90.293H81.4606V95.1948C81.4606 95.3905 81.4898 95.5378 81.5483 95.6368C81.6068 95.7335 81.6821 95.7998 81.7743 95.8358C81.8688 95.8695 81.9711 95.8864 82.0813 95.8864C82.1623 95.8864 82.2331 95.8808 82.2939 95.8695C82.3546 95.8583 82.4018 95.8493 82.4356 95.8426L82.6177 96.6758C82.5593 96.6983 82.476 96.7208 82.3681 96.7433C82.2601 96.768 82.1252 96.7815 81.9633 96.7838C81.6979 96.7883 81.4505 96.741 81.2211 96.6421C80.9917 96.5431 80.8061 96.3902 80.6644 96.1833C80.5227 95.9764 80.4519 95.7166 80.4519 95.404V90.293ZM83.6391 96.7163V91.5345H84.6478V96.7163H83.6391ZM84.1485 90.735C83.9731 90.735 83.8224 90.6765 83.6964 90.5595C83.5727 90.4403 83.5109 90.2986 83.5109 90.1345C83.5109 89.968 83.5727 89.8263 83.6964 89.7094C83.8224 89.5902 83.9731 89.5306 84.1485 89.5306C84.3239 89.5306 84.4735 89.5902 84.5972 89.7094C84.7231 89.8263 84.7861 89.968 84.7861 90.1345C84.7861 90.2986 84.7231 90.4403 84.5972 90.5595C84.4735 90.6765 84.3239 90.735 84.1485 90.735ZM88.1875 96.8209C87.7017 96.8209 87.2778 96.7096 86.9157 96.4869C86.5536 96.2642 86.2724 95.9528 86.0723 95.5524C85.8721 95.1521 85.772 94.6843 85.772 94.149C85.772 93.6115 85.8721 93.1414 86.0723 92.7389C86.2724 92.3363 86.5536 92.0237 86.9157 91.801C87.2778 91.5783 87.7017 91.467 88.1875 91.467C88.6733 91.467 89.0973 91.5783 89.4594 91.801C89.8215 92.0237 90.1026 92.3363 90.3028 92.7389C90.5029 93.1414 90.603 93.6115 90.603 94.149C90.603 94.6843 90.5029 95.1521 90.3028 95.5524C90.1026 95.9528 89.8215 96.2642 89.4594 96.4869C89.0973 96.7096 88.6733 96.8209 88.1875 96.8209ZM88.1909 95.9741C88.5058 95.9741 88.7666 95.8909 88.9736 95.7245C89.1805 95.558 89.3334 95.3365 89.4324 95.0599C89.5336 94.7832 89.5842 94.4785 89.5842 94.1456C89.5842 93.815 89.5336 93.5114 89.4324 93.2348C89.3334 92.9559 89.1805 92.7321 88.9736 92.5634C88.7666 92.3948 88.5058 92.3104 88.1909 92.3104C87.8738 92.3104 87.6106 92.3948 87.4015 92.5634C87.1946 92.7321 87.0405 92.9559 86.9393 93.2348C86.8403 93.5114 86.7909 93.815 86.7909 94.1456C86.7909 94.4785 86.8403 94.7832 86.9393 95.0599C87.0405 95.3365 87.1946 95.558 87.4015 95.7245C87.6106 95.8909 87.8738 95.9741 88.1909 95.9741ZM92.7376 93.6396V96.7163H91.7289V91.5345H92.6971V92.3779H92.7612C92.8804 92.1035 93.0671 91.8831 93.3213 91.7167C93.5777 91.5502 93.9004 91.467 94.2895 91.467C94.6426 91.467 94.9518 91.5412 95.2172 91.6897C95.4826 91.8359 95.6884 92.054 95.8346 92.3441C95.9808 92.6343 96.0539 92.993 96.0539 93.4203V96.7163H95.0452V93.5418C95.0452 93.1662 94.9473 92.8727 94.7517 92.6613C94.556 92.4476 94.2872 92.3408 93.9454 92.3408C93.7115 92.3408 93.5034 92.3914 93.3213 92.4926C93.1413 92.5938 92.9985 92.7422 92.8928 92.9379C92.7894 93.1313 92.7376 93.3652 92.7376 93.6396Z" fill="#505050"/>
<path d="M27.4022 328.003H28.4278L29.1497 328.944L29.4905 329.363L30.6408 330.864H29.5748L28.8056 329.862L28.5425 329.498L27.4022 328.003ZM30.8635 326.789C30.8635 327.526 30.7286 328.161 30.4587 328.691C30.1888 329.22 29.8188 329.627 29.3488 329.913C28.881 330.196 28.3491 330.338 27.7531 330.338C27.1548 330.338 26.6207 330.196 26.1506 329.913C25.6828 329.627 25.314 329.219 25.0441 328.688C24.7742 328.157 24.6392 327.524 24.6392 326.789C24.6392 326.051 24.7742 325.418 25.0441 324.889C25.314 324.359 25.6828 323.951 26.1506 323.668C26.6207 323.382 27.1548 323.24 27.7531 323.24C28.3491 323.24 28.881 323.382 29.3488 323.668C29.8188 323.951 30.1888 324.359 30.4587 324.889C30.7286 325.418 30.8635 326.051 30.8635 326.789ZM29.8312 326.789C29.8312 326.226 29.7401 325.753 29.5579 325.368C29.378 324.982 29.1306 324.689 28.8157 324.491C28.5031 324.291 28.1489 324.191 27.7531 324.191C27.355 324.191 26.9996 324.291 26.687 324.491C26.3744 324.689 26.127 324.982 25.9448 325.368C25.7649 325.753 25.6749 326.226 25.6749 326.789C25.6749 327.351 25.7649 327.825 25.9448 328.212C26.127 328.597 26.3744 328.889 26.687 329.089C26.9996 329.287 27.355 329.386 27.7531 329.386C28.1489 329.386 28.5031 329.287 28.8157 329.089C29.1306 328.889 29.378 328.597 29.5579 328.212C29.7401 327.825 29.8312 327.351 29.8312 326.789ZM32.4035 330.243H31.297L33.7833 323.334H34.9877L37.474 330.243H36.3675L34.4142 324.589H34.3602L32.4035 330.243ZM32.5891 327.538H36.1786V328.415H32.5891V327.538ZM41.5696 330.243H40.463L42.9493 323.334H44.1537L46.64 330.243H45.5335L43.5802 324.589H43.5262L41.5696 330.243ZM41.7551 327.538H45.3446V328.415H41.7551V327.538ZM50.8393 328.094V325.061H51.8514V330.243H50.8595V329.346H50.8056C50.6864 329.622 50.4952 329.853 50.2321 330.037C49.9712 330.22 49.6462 330.311 49.2571 330.311C48.9242 330.311 48.6296 330.238 48.3732 330.091C48.1191 329.943 47.9189 329.724 47.7727 329.434C47.6288 329.143 47.5568 328.785 47.5568 328.357V325.061H48.5655V328.236C48.5655 328.589 48.6633 328.87 48.859 329.079C49.0547 329.288 49.3088 329.393 49.6214 329.393C49.8104 329.393 49.9982 329.346 50.1848 329.251C50.3738 329.157 50.5301 329.014 50.6538 328.823C50.7797 328.632 50.8416 328.389 50.8393 328.094ZM55.6256 325.061V325.871H52.7951V325.061H55.6256ZM53.5542 323.82H54.5629V328.722C54.5629 328.917 54.5921 329.065 54.6506 329.164C54.7091 329.26 54.7844 329.327 54.8766 329.363C54.9711 329.396 55.0734 329.413 55.1836 329.413C55.2646 329.413 55.3354 329.408 55.3962 329.396C55.4569 329.385 55.5041 329.376 55.5379 329.369L55.72 330.203C55.6616 330.225 55.5783 330.248 55.4704 330.27C55.3624 330.295 55.2275 330.308 55.0656 330.311C54.8002 330.315 54.5528 330.268 54.3234 330.169C54.094 330.07 53.9084 329.917 53.7667 329.71C53.625 329.503 53.5542 329.243 53.5542 328.931V323.82ZM58.8684 330.348C58.3826 330.348 57.9587 330.236 57.5966 330.014C57.2345 329.791 56.9534 329.48 56.7532 329.079C56.553 328.679 56.4529 328.211 56.4529 327.676C56.4529 327.138 56.553 326.668 56.7532 326.266C56.9534 325.863 57.2345 325.551 57.5966 325.328C57.9587 325.105 58.3826 324.994 58.8684 324.994C59.3542 324.994 59.7782 325.105 60.1403 325.328C60.5024 325.551 60.7835 325.863 60.9837 326.266C61.1838 326.668 61.2839 327.138 61.2839 327.676C61.2839 328.211 61.1838 328.679 60.9837 329.079C60.7835 329.48 60.5024 329.791 60.1403 330.014C59.7782 330.236 59.3542 330.348 58.8684 330.348ZM58.8718 329.501C59.1867 329.501 59.4476 329.418 59.6545 329.251C59.8614 329.085 60.0143 328.863 60.1133 328.587C60.2145 328.31 60.2651 328.005 60.2651 327.672C60.2651 327.342 60.2145 327.038 60.1133 326.762C60.0143 326.483 59.8614 326.259 59.6545 326.09C59.4476 325.922 59.1867 325.837 58.8718 325.837C58.5547 325.837 58.2915 325.922 58.0824 326.09C57.8755 326.259 57.7214 326.483 57.6202 326.762C57.5212 327.038 57.4718 327.342 57.4718 327.672C57.4718 328.005 57.5212 328.31 57.6202 328.587C57.7214 328.863 57.8755 329.085 58.0824 329.251C58.2915 329.418 58.5547 329.501 58.8718 329.501ZM62.4098 330.243V325.061H63.3781V325.905H63.4422C63.5501 325.619 63.7267 325.396 63.9718 325.237C64.217 325.075 64.5105 324.994 64.8523 324.994C65.1987 324.994 65.4888 325.075 65.7227 325.237C65.9588 325.399 66.1331 325.621 66.2456 325.905H66.2996C66.4233 325.628 66.6201 325.408 66.89 325.244C67.1598 325.077 67.4815 324.994 67.8548 324.994C68.3248 324.994 68.7083 325.141 69.0052 325.436C69.3043 325.73 69.4539 326.175 69.4539 326.768V330.243H68.4452V326.863C68.4452 326.512 68.3496 326.258 68.1584 326.1C67.9673 325.943 67.739 325.864 67.4736 325.864C67.1452 325.864 66.89 325.965 66.7078 326.168C66.5256 326.368 66.4345 326.626 66.4345 326.94V330.243H65.4292V326.799C65.4292 326.518 65.3415 326.292 65.1661 326.121C64.9906 325.95 64.7623 325.864 64.4812 325.864C64.29 325.864 64.1135 325.915 63.9516 326.016C63.7919 326.115 63.6626 326.253 63.5636 326.431C63.4669 326.609 63.4185 326.814 63.4185 327.048V330.243H62.4098ZM72.3138 330.358C71.9855 330.358 71.6886 330.297 71.4232 330.176C71.1578 330.052 70.9475 329.873 70.7923 329.639C70.6394 329.405 70.5629 329.119 70.5629 328.779C70.5629 328.487 70.6192 328.246 70.7316 328.057C70.8441 327.868 70.9959 327.719 71.1871 327.608C71.3782 327.498 71.5919 327.415 71.828 327.359C72.0642 327.303 72.3048 327.26 72.55 327.231C72.8603 327.195 73.1122 327.165 73.3057 327.143C73.4991 327.118 73.6396 327.079 73.7274 327.025C73.8151 326.971 73.8589 326.883 73.8589 326.762V326.738C73.8589 326.443 73.7757 326.215 73.6093 326.053C73.4451 325.891 73.2 325.81 72.8738 325.81C72.5342 325.81 72.2666 325.886 72.0709 326.036C71.8775 326.185 71.7437 326.35 71.6695 326.532L70.7215 326.316C70.8339 326.001 70.9981 325.747 71.214 325.554C71.4322 325.358 71.683 325.217 71.9663 325.129C72.2497 325.039 72.5477 324.994 72.8603 324.994C73.0673 324.994 73.2865 325.019 73.5182 325.068C73.7521 325.115 73.9703 325.203 74.1727 325.331C74.3773 325.459 74.5449 325.643 74.6753 325.881C74.8058 326.117 74.871 326.424 74.871 326.802V330.243H73.8859V329.535H73.8454C73.7802 329.665 73.6824 329.793 73.5519 329.919C73.4215 330.045 73.2539 330.15 73.0493 330.233C72.8446 330.316 72.5995 330.358 72.3138 330.358ZM72.5331 329.548C72.812 329.548 73.0504 329.493 73.2483 329.383C73.4485 329.273 73.6003 329.129 73.7037 328.951C73.8094 328.771 73.8623 328.579 73.8623 328.374V327.706C73.8263 327.742 73.7566 327.776 73.6531 327.807C73.5519 327.837 73.4361 327.863 73.3057 327.885C73.1752 327.905 73.0481 327.924 72.9244 327.942C72.8007 327.958 72.6973 327.972 72.6141 327.983C72.4184 328.008 72.2396 328.049 72.0777 328.108C71.918 328.166 71.7898 328.251 71.6931 328.361C71.5986 328.469 71.5514 328.613 71.5514 328.793C71.5514 329.042 71.6436 329.231 71.828 329.359C72.0125 329.485 72.2475 329.548 72.5331 329.548ZM78.6334 325.061V325.871H75.803V325.061H78.6334ZM76.562 323.82H77.5707V328.722C77.5707 328.917 77.5999 329.065 77.6584 329.164C77.7169 329.26 77.7922 329.327 77.8844 329.363C77.9789 329.396 78.0812 329.413 78.1914 329.413C78.2724 329.413 78.3433 329.408 78.404 329.396C78.4647 329.385 78.5119 329.376 78.5457 329.369L78.7278 330.203C78.6694 330.225 78.5862 330.248 78.4782 330.27C78.3702 330.295 78.2353 330.308 78.0734 330.311C77.808 330.315 77.5606 330.268 77.3312 330.169C77.1018 330.07 76.9162 329.917 76.7745 329.71C76.6329 329.503 76.562 329.243 76.562 328.931V323.82ZM79.7492 330.243V325.061H80.7579V330.243H79.7492ZM80.2586 324.262C80.0832 324.262 79.9325 324.203 79.8065 324.086C79.6828 323.967 79.621 323.825 79.621 323.661C79.621 323.495 79.6828 323.353 79.8065 323.236C79.9325 323.117 80.0832 323.057 80.2586 323.057C80.434 323.057 80.5836 323.117 80.7073 323.236C80.8332 323.353 80.8962 323.495 80.8962 323.661C80.8962 323.825 80.8332 323.967 80.7073 324.086C80.5836 324.203 80.434 324.262 80.2586 324.262ZM84.2976 330.348C83.8118 330.348 83.3879 330.236 83.0258 330.014C82.6637 329.791 82.3826 329.48 82.1824 329.079C81.9822 328.679 81.8821 328.211 81.8821 327.676C81.8821 327.138 81.9822 326.668 82.1824 326.266C82.3826 325.863 82.6637 325.551 83.0258 325.328C83.3879 325.105 83.8118 324.994 84.2976 324.994C84.7834 324.994 85.2074 325.105 85.5695 325.328C85.9316 325.551 86.2127 325.863 86.4129 326.266C86.613 326.668 86.7131 327.138 86.7131 327.676C86.7131 328.211 86.613 328.679 86.4129 329.079C86.2127 329.48 85.9316 329.791 85.5695 330.014C85.2074 330.236 84.7834 330.348 84.2976 330.348ZM84.301 329.501C84.6159 329.501 84.8768 329.418 85.0837 329.251C85.2906 329.085 85.4435 328.863 85.5425 328.587C85.6437 328.31 85.6943 328.005 85.6943 327.672C85.6943 327.342 85.6437 327.038 85.5425 326.762C85.4435 326.483 85.2906 326.259 85.0837 326.09C84.8768 325.922 84.6159 325.837 84.301 325.837C83.9839 325.837 83.7207 325.922 83.5116 326.09C83.3047 326.259 83.1506 326.483 83.0494 326.762C82.9504 327.038 82.901 327.342 82.901 327.672C82.901 328.005 82.9504 328.31 83.0494 328.587C83.1506 328.863 83.3047 329.085 83.5116 329.251C83.7207 329.418 83.9839 329.501 84.301 329.501ZM88.8477 327.166V330.243H87.839V325.061H88.8073V325.905H88.8714C88.9906 325.63 89.1772 325.41 89.4314 325.244C89.6878 325.077 90.0105 324.994 90.3996 324.994C90.7527 324.994 91.0619 325.068 91.3273 325.217C91.5927 325.363 91.7985 325.581 91.9447 325.871C92.0909 326.161 92.164 326.52 92.164 326.947V330.243H91.1553V327.069C91.1553 326.693 91.0574 326.4 90.8618 326.188C90.6661 325.974 90.3973 325.868 90.0555 325.868C89.8216 325.868 89.6135 325.918 89.4314 326.019C89.2514 326.121 89.1086 326.269 89.0029 326.465C88.8995 326.658 88.8477 326.892 88.8477 327.166Z" fill="#505050"/>
<path d="M314.495 323.334H315.541V327.878C315.541 328.362 315.427 328.79 315.2 329.164C314.973 329.535 314.654 329.827 314.242 330.041C313.831 330.252 313.348 330.358 312.795 330.358C312.244 330.358 311.763 330.252 311.351 330.041C310.939 329.827 310.62 329.535 310.393 329.164C310.166 328.79 310.052 328.362 310.052 327.878V323.334H311.095V327.794C311.095 328.107 311.163 328.384 311.3 328.627C311.44 328.87 311.637 329.061 311.891 329.201C312.145 329.338 312.446 329.407 312.795 329.407C313.146 329.407 313.448 329.338 313.702 329.201C313.959 329.061 314.154 328.87 314.289 328.627C314.427 328.384 314.495 328.107 314.495 327.794V323.334ZM318.099 323.334V330.243H317.057V323.334H318.099ZM322.168 323.01L319.941 331.282H319.04L321.267 323.01H322.168ZM327.548 323.334H328.594V327.878C328.594 328.362 328.481 328.79 328.253 329.164C328.026 329.535 327.707 329.827 327.295 330.041C326.884 330.252 326.401 330.358 325.848 330.358C325.297 330.358 324.816 330.252 324.404 330.041C323.993 329.827 323.673 329.535 323.446 329.164C323.219 328.79 323.105 328.362 323.105 327.878V323.334H324.148V327.794C324.148 328.107 324.216 328.384 324.354 328.627C324.493 328.87 324.69 329.061 324.944 329.201C325.198 329.338 325.5 329.407 325.848 329.407C326.199 329.407 326.501 329.338 326.756 329.201C327.012 329.061 327.208 328.87 327.343 328.627C327.48 328.384 327.548 328.107 327.548 327.794V323.334ZM330.835 323.334L332.488 326.036H332.542L334.195 323.334H335.403L333.251 326.789L335.416 330.243H334.202L332.542 327.578H332.488L330.828 330.243H329.614L331.817 326.789L329.627 323.334H330.835ZM341.188 330.243H338.951V323.334H341.259C341.936 323.334 342.517 323.472 343.003 323.749C343.489 324.023 343.861 324.418 344.119 324.933C344.38 325.446 344.511 326.061 344.511 326.778C344.511 327.498 344.379 328.117 344.116 328.634C343.855 329.151 343.477 329.549 342.983 329.828C342.488 330.105 341.889 330.243 341.188 330.243ZM339.994 329.332H341.13C341.657 329.332 342.094 329.233 342.443 329.035C342.791 328.835 343.052 328.546 343.225 328.168C343.399 327.788 343.485 327.325 343.485 326.778C343.485 326.236 343.399 325.777 343.225 325.399C343.054 325.021 342.799 324.734 342.46 324.538C342.12 324.343 341.698 324.245 341.195 324.245H339.994V329.332ZM347.959 330.348C347.449 330.348 347.009 330.239 346.64 330.021C346.274 329.8 345.99 329.491 345.79 329.093C345.592 328.692 345.493 328.224 345.493 327.686C345.493 327.155 345.592 326.687 345.79 326.283C345.99 325.878 346.269 325.562 346.627 325.335C346.987 325.107 347.407 324.994 347.889 324.994C348.181 324.994 348.464 325.042 348.739 325.139C349.013 325.236 349.259 325.387 349.478 325.594C349.696 325.801 349.868 326.07 349.994 326.401C350.12 326.729 350.183 327.128 350.183 327.598V327.956H346.063V327.2H349.194C349.194 326.935 349.14 326.7 349.032 326.495C348.924 326.288 348.772 326.125 348.577 326.006C348.383 325.887 348.156 325.827 347.895 325.827C347.612 325.827 347.365 325.897 347.153 326.036C346.944 326.174 346.782 326.353 346.667 326.576C346.555 326.796 346.499 327.036 346.499 327.295V327.885C346.499 328.231 346.559 328.526 346.681 328.769C346.805 329.012 346.977 329.197 347.197 329.326C347.417 329.451 347.675 329.514 347.97 329.514C348.161 329.514 348.335 329.487 348.492 329.434C348.65 329.377 348.786 329.294 348.901 329.184C349.015 329.074 349.103 328.938 349.164 328.776L350.118 328.948C350.042 329.229 349.905 329.475 349.707 329.687C349.511 329.896 349.265 330.059 348.968 330.176C348.673 330.29 348.337 330.348 347.959 330.348ZM355.185 326.326L354.271 326.488C354.232 326.371 354.172 326.26 354.088 326.154C354.007 326.049 353.897 325.962 353.758 325.895C353.618 325.827 353.444 325.793 353.235 325.793C352.949 325.793 352.711 325.858 352.52 325.986C352.328 326.112 352.233 326.275 352.233 326.475C352.233 326.648 352.297 326.787 352.425 326.893C352.553 326.999 352.76 327.085 353.046 327.153L353.869 327.342C354.346 327.452 354.701 327.622 354.935 327.851C355.169 328.081 355.286 328.379 355.286 328.745C355.286 329.056 355.196 329.332 355.016 329.575C354.838 329.816 354.59 330.005 354.271 330.142C353.953 330.279 353.586 330.348 353.167 330.348C352.587 330.348 352.114 330.224 351.747 329.977C351.38 329.727 351.156 329.373 351.072 328.914L352.047 328.766C352.108 329.02 352.233 329.212 352.422 329.342C352.611 329.471 352.857 329.535 353.161 329.535C353.491 329.535 353.755 329.466 353.953 329.329C354.151 329.189 354.25 329.02 354.25 328.82C354.25 328.658 354.19 328.522 354.068 328.411C353.949 328.301 353.766 328.218 353.518 328.162L352.641 327.969C352.158 327.859 351.8 327.684 351.568 327.443C351.339 327.202 351.224 326.898 351.224 326.529C351.224 326.223 351.31 325.955 351.481 325.726C351.652 325.497 351.888 325.318 352.189 325.19C352.49 325.059 352.836 324.994 353.225 324.994C353.785 324.994 354.226 325.115 354.547 325.358C354.869 325.599 355.081 325.922 355.185 326.326ZM356.395 330.243V325.061H357.404V330.243H356.395ZM356.904 324.262C356.729 324.262 356.578 324.203 356.452 324.086C356.329 323.967 356.267 323.825 356.267 323.661C356.267 323.495 356.329 323.353 356.452 323.236C356.578 323.117 356.729 323.057 356.904 323.057C357.08 323.057 357.229 323.117 357.353 323.236C357.479 323.353 357.542 323.495 357.542 323.661C357.542 323.825 357.479 323.967 357.353 324.086C357.229 324.203 357.08 324.262 356.904 324.262ZM360.933 332.294C360.522 332.294 360.168 332.24 359.871 332.132C359.576 332.024 359.335 331.882 359.149 331.704C358.962 331.526 358.823 331.332 358.73 331.12L359.597 330.763C359.658 330.862 359.739 330.966 359.84 331.076C359.944 331.189 360.083 331.284 360.259 331.363C360.436 331.442 360.665 331.481 360.943 331.481C361.326 331.481 361.642 331.388 361.891 331.201C362.141 331.017 362.266 330.722 362.266 330.317V329.299H362.202C362.141 329.409 362.053 329.531 361.939 329.666C361.826 329.801 361.671 329.918 361.473 330.017C361.275 330.116 361.018 330.166 360.701 330.166C360.291 330.166 359.922 330.07 359.594 329.879C359.268 329.685 359.009 329.401 358.818 329.025C358.629 328.647 358.535 328.183 358.535 327.632C358.535 327.081 358.628 326.609 358.815 326.215C359.004 325.822 359.262 325.52 359.591 325.311C359.919 325.1 360.291 324.994 360.707 324.994C361.029 324.994 361.289 325.048 361.487 325.156C361.685 325.262 361.839 325.385 361.949 325.527C362.061 325.669 362.148 325.793 362.209 325.901H362.283V325.061H363.271V330.358C363.271 330.803 363.168 331.169 362.961 331.454C362.754 331.74 362.474 331.951 362.121 332.089C361.77 332.226 361.374 332.294 360.933 332.294ZM360.923 329.329C361.213 329.329 361.459 329.261 361.659 329.127C361.861 328.989 362.014 328.794 362.117 328.54C362.223 328.283 362.276 327.976 362.276 327.619C362.276 327.27 362.224 326.963 362.121 326.698C362.017 326.432 361.866 326.225 361.665 326.077C361.465 325.926 361.218 325.851 360.923 325.851C360.62 325.851 360.367 325.929 360.164 326.087C359.962 326.242 359.809 326.454 359.705 326.721C359.604 326.989 359.554 327.288 359.554 327.619C359.554 327.958 359.605 328.256 359.709 328.513C359.812 328.769 359.965 328.969 360.168 329.113C360.372 329.257 360.624 329.329 360.923 329.329ZM365.633 327.166V330.243H364.624V325.061H365.592V325.905H365.656C365.776 325.63 365.962 325.41 366.216 325.244C366.473 325.077 366.796 324.994 367.185 324.994C367.538 324.994 367.847 325.068 368.112 325.217C368.378 325.363 368.584 325.581 368.73 325.871C368.876 326.161 368.949 326.52 368.949 326.947V330.243H367.94V327.069C367.94 326.693 367.842 326.4 367.647 326.188C367.451 325.974 367.182 325.868 366.84 325.868C366.607 325.868 366.399 325.918 366.216 326.019C366.036 326.121 365.894 326.269 365.788 326.465C365.684 326.658 365.633 326.892 365.633 327.166Z" fill="#505050"/>
<path d="M599.686 323.334H600.732V327.878C600.732 328.362 600.618 328.79 600.391 329.164C600.164 329.535 599.844 329.827 599.433 330.041C599.021 330.252 598.539 330.358 597.985 330.358C597.434 330.358 596.953 330.252 596.542 330.041C596.13 329.827 595.811 329.535 595.583 329.164C595.356 328.79 595.243 328.362 595.243 327.878V323.334H596.285V327.794C596.285 328.107 596.354 328.384 596.491 328.627C596.63 328.87 596.827 329.061 597.081 329.201C597.335 329.338 597.637 329.407 597.985 329.407C598.336 329.407 598.639 329.338 598.893 329.201C599.149 329.061 599.345 328.87 599.48 328.627C599.617 328.384 599.686 328.107 599.686 327.794V323.334ZM603.29 323.334V330.243H602.247V323.334H603.29ZM607.358 323.01L605.132 331.282H604.231L606.457 323.01H607.358ZM612.739 323.334H613.785V327.878C613.785 328.362 613.671 328.79 613.444 329.164C613.217 329.535 612.898 329.827 612.486 330.041C612.074 330.252 611.592 330.358 611.039 330.358C610.488 330.358 610.006 330.252 609.595 330.041C609.183 329.827 608.864 329.535 608.637 329.164C608.41 328.79 608.296 328.362 608.296 327.878V323.334H609.338V327.794C609.338 328.107 609.407 328.384 609.544 328.627C609.684 328.87 609.88 329.061 610.135 329.201C610.389 329.338 610.69 329.407 611.039 329.407C611.39 329.407 611.692 329.338 611.946 329.201C612.203 329.061 612.398 328.87 612.533 328.627C612.67 328.384 612.739 328.107 612.739 327.794V323.334ZM616.026 323.334L617.679 326.036H617.733L619.386 323.334H620.593L618.441 326.789L620.607 330.243H619.392L617.733 327.578H617.679L616.019 330.243H614.804L617.007 326.789L614.818 323.334H616.026ZM626.378 330.243H624.142V323.334H626.449C627.126 323.334 627.708 323.472 628.193 323.749C628.679 324.023 629.051 324.418 629.31 324.933C629.571 325.446 629.701 326.061 629.701 326.778C629.701 327.498 629.57 328.117 629.307 328.634C629.046 329.151 628.668 329.549 628.173 329.828C627.678 330.105 627.08 330.243 626.378 330.243ZM625.184 329.332H626.321C626.847 329.332 627.285 329.233 627.633 329.035C627.982 328.835 628.243 328.546 628.416 328.168C628.589 327.788 628.676 327.325 628.676 326.778C628.676 326.236 628.589 325.777 628.416 325.399C628.245 325.021 627.99 324.734 627.65 324.538C627.311 324.343 626.889 324.245 626.385 324.245H625.184V329.332ZM633.15 330.348C632.639 330.348 632.2 330.239 631.831 330.021C631.464 329.8 631.181 329.491 630.981 329.093C630.783 328.692 630.684 328.224 630.684 327.686C630.684 327.155 630.783 326.687 630.981 326.283C631.181 325.878 631.46 325.562 631.817 325.335C632.177 325.107 632.598 324.994 633.079 324.994C633.371 324.994 633.655 325.042 633.929 325.139C634.204 325.236 634.45 325.387 634.668 325.594C634.886 325.801 635.058 326.07 635.184 326.401C635.31 326.729 635.373 327.128 635.373 327.598V327.956H631.254V327.2H634.385C634.385 326.935 634.331 326.7 634.223 326.495C634.115 326.288 633.963 326.125 633.767 326.006C633.574 325.887 633.347 325.827 633.086 325.827C632.802 325.827 632.555 325.897 632.344 326.036C632.135 326.174 631.973 326.353 631.858 326.576C631.745 326.796 631.689 327.036 631.689 327.295V327.885C631.689 328.231 631.75 328.526 631.871 328.769C631.995 329.012 632.167 329.197 632.388 329.326C632.608 329.451 632.865 329.514 633.16 329.514C633.351 329.514 633.526 329.487 633.683 329.434C633.84 329.377 633.976 329.294 634.091 329.184C634.206 329.074 634.294 328.938 634.354 328.776L635.309 328.948C635.233 329.229 635.095 329.475 634.897 329.687C634.702 329.896 634.456 330.059 634.159 330.176C633.864 330.29 633.528 330.348 633.15 330.348ZM640.375 326.326L639.461 326.488C639.423 326.371 639.362 326.26 639.279 326.154C639.198 326.049 639.088 325.962 638.948 325.895C638.809 325.827 638.635 325.793 638.425 325.793C638.14 325.793 637.901 325.858 637.71 325.986C637.519 326.112 637.423 326.275 637.423 326.475C637.423 326.648 637.488 326.787 637.616 326.893C637.744 326.999 637.951 327.085 638.236 327.153L639.06 327.342C639.536 327.452 639.892 327.622 640.126 327.851C640.36 328.081 640.477 328.379 640.477 328.745C640.477 329.056 640.387 329.332 640.207 329.575C640.029 329.816 639.78 330.005 639.461 330.142C639.144 330.279 638.776 330.348 638.358 330.348C637.778 330.348 637.304 330.224 636.938 329.977C636.571 329.727 636.346 329.373 636.263 328.914L637.238 328.766C637.299 329.02 637.423 329.212 637.612 329.342C637.801 329.471 638.048 329.535 638.351 329.535C638.682 329.535 638.946 329.466 639.144 329.329C639.342 329.189 639.441 329.02 639.441 328.82C639.441 328.658 639.38 328.522 639.259 328.411C639.139 328.301 638.956 328.218 638.709 328.162L637.832 327.969C637.348 327.859 636.99 327.684 636.759 327.443C636.529 327.202 636.415 326.898 636.415 326.529C636.415 326.223 636.5 325.955 636.671 325.726C636.842 325.497 637.078 325.318 637.38 325.19C637.681 325.059 638.026 324.994 638.415 324.994C638.975 324.994 639.416 325.115 639.738 325.358C640.059 325.599 640.272 325.922 640.375 326.326ZM641.586 330.243V325.061H642.594V330.243H641.586ZM642.095 324.262C641.92 324.262 641.769 324.203 641.643 324.086C641.519 323.967 641.457 323.825 641.457 323.661C641.457 323.495 641.519 323.353 641.643 323.236C641.769 323.117 641.92 323.057 642.095 323.057C642.27 323.057 642.42 323.117 642.544 323.236C642.67 323.353 642.733 323.495 642.733 323.661C642.733 323.825 642.67 323.967 642.544 324.086C642.42 324.203 642.27 324.262 642.095 324.262ZM646.124 332.294C645.712 332.294 645.358 332.24 645.061 332.132C644.767 332.024 644.526 331.882 644.339 331.704C644.153 331.526 644.013 331.332 643.921 331.12L644.788 330.763C644.849 330.862 644.93 330.966 645.031 331.076C645.134 331.189 645.274 331.284 645.449 331.363C645.627 331.442 645.855 331.481 646.134 331.481C646.516 331.481 646.832 331.388 647.082 331.201C647.332 331.017 647.456 330.722 647.456 330.317V329.299H647.392C647.332 329.409 647.244 329.531 647.129 329.666C647.017 329.801 646.862 329.918 646.664 330.017C646.466 330.116 646.208 330.166 645.891 330.166C645.482 330.166 645.113 330.07 644.785 329.879C644.458 329.685 644.2 329.401 644.009 329.025C643.82 328.647 643.725 328.183 643.725 327.632C643.725 327.081 643.819 326.609 644.005 326.215C644.194 325.822 644.453 325.52 644.781 325.311C645.11 325.1 645.482 324.994 645.898 324.994C646.219 324.994 646.479 325.048 646.677 325.156C646.875 325.262 647.029 325.385 647.139 325.527C647.252 325.669 647.338 325.793 647.399 325.901H647.473V325.061H648.462V330.358C648.462 330.803 648.358 331.169 648.151 331.454C647.945 331.74 647.665 331.951 647.311 332.089C646.961 332.226 646.565 332.294 646.124 332.294ZM646.114 329.329C646.404 329.329 646.649 329.261 646.849 329.127C647.052 328.989 647.205 328.794 647.308 328.54C647.414 328.283 647.467 327.976 647.467 327.619C647.467 327.27 647.415 326.963 647.311 326.698C647.208 326.432 647.056 326.225 646.856 326.077C646.656 325.926 646.408 325.851 646.114 325.851C645.81 325.851 645.557 325.929 645.355 326.087C645.152 326.242 644.999 326.454 644.896 326.721C644.795 326.989 644.744 327.288 644.744 327.619C644.744 327.958 644.796 328.256 644.899 328.513C645.003 328.769 645.156 328.969 645.358 329.113C645.563 329.257 645.815 329.329 646.114 329.329ZM650.823 327.166V330.243H649.815V325.061H650.783V325.905H650.847C650.966 325.63 651.153 325.41 651.407 325.244C651.663 325.077 651.986 324.994 652.375 324.994C652.728 324.994 653.037 325.068 653.303 325.217C653.568 325.363 653.774 325.581 653.92 325.871C654.066 326.161 654.14 326.52 654.14 326.947V330.243H653.131V327.069C653.131 326.693 653.033 326.4 652.837 326.188C652.642 325.974 652.373 325.868 652.031 325.868C651.797 325.868 651.589 325.918 651.407 326.019C651.227 326.121 651.084 326.269 650.978 326.465C650.875 326.658 650.823 326.892 650.823 327.166Z" fill="#F7F5F5"/>
<path d="M220.131 96.7163H219.025L221.511 89.8072H222.715L225.202 96.7163H224.095L222.142 91.0622H222.088L220.131 96.7163ZM220.317 94.0107H223.906V94.8878H220.317V94.0107ZM228.218 96.8209C227.716 96.8209 227.284 96.7073 226.922 96.4802C226.562 96.2508 226.286 95.9348 226.092 95.5322C225.899 95.1296 225.802 94.6685 225.802 94.149C225.802 93.6227 225.901 93.1583 226.099 92.7557C226.297 92.3509 226.576 92.0349 226.936 91.8078C227.296 91.5806 227.72 91.467 228.208 91.467C228.601 91.467 228.952 91.5401 229.26 91.6863C229.568 91.8302 229.817 92.0327 230.006 92.2935C230.197 92.5544 230.311 92.8592 230.346 93.2078H229.365C229.311 92.9649 229.187 92.7557 228.994 92.5803C228.803 92.4049 228.546 92.3172 228.225 92.3172C227.943 92.3172 227.697 92.3914 227.486 92.5398C227.277 92.686 227.113 92.8952 226.997 93.1673C226.88 93.4372 226.821 93.7566 226.821 94.1254C226.821 94.5032 226.878 94.8294 226.993 95.1037C227.108 95.3781 227.27 95.5907 227.479 95.7413C227.69 95.892 227.939 95.9674 228.225 95.9674C228.416 95.9674 228.589 95.9325 228.744 95.8628C228.901 95.7908 229.033 95.6885 229.139 95.5558C229.247 95.4231 229.322 95.2634 229.365 95.0767H230.346C230.311 95.4119 230.201 95.711 230.019 95.9741C229.837 96.2373 229.593 96.4442 229.287 96.5949C228.984 96.7455 228.627 96.8209 228.218 96.8209ZM233.844 91.5345V92.3441H231.014V91.5345H233.844ZM231.773 90.293H232.781V95.1948C232.781 95.3905 232.811 95.5378 232.869 95.6368C232.928 95.7335 233.003 95.7998 233.095 95.8358C233.19 95.8695 233.292 95.8864 233.402 95.8864C233.483 95.8864 233.554 95.8808 233.615 95.8695C233.675 95.8583 233.723 95.8493 233.756 95.8426L233.939 96.6758C233.88 96.6983 233.797 96.7208 233.689 96.7433C233.581 96.768 233.446 96.7815 233.284 96.7838C233.019 96.7883 232.771 96.741 232.542 96.6421C232.312 96.5431 232.127 96.3902 231.985 96.1833C231.844 95.9764 231.773 95.7166 231.773 95.404V90.293ZM234.96 96.7163V91.5345H235.969V96.7163H234.96ZM235.469 90.735C235.294 90.735 235.143 90.6765 235.017 90.5595C234.894 90.4403 234.832 90.2986 234.832 90.1345C234.832 89.968 234.894 89.8263 235.017 89.7094C235.143 89.5902 235.294 89.5306 235.469 89.5306C235.645 89.5306 235.794 89.5902 235.918 89.7094C236.044 89.8263 236.107 89.968 236.107 90.1345C236.107 90.2986 236.044 90.4403 235.918 90.5595C235.794 90.6765 235.645 90.735 235.469 90.735ZM241.758 91.5345L239.879 96.7163H238.8L236.917 91.5345H238L239.313 95.5221H239.367L240.676 91.5345H241.758ZM244.763 96.8209C244.253 96.8209 243.813 96.7118 243.444 96.4937C243.078 96.2732 242.794 95.964 242.594 95.5659C242.396 95.1656 242.297 94.6967 242.297 94.1591C242.297 93.6284 242.396 93.1606 242.594 92.7557C242.794 92.3509 243.073 92.0349 243.431 91.8078C243.791 91.5806 244.211 91.467 244.693 91.467C244.985 91.467 245.268 91.5154 245.543 91.6121C245.817 91.7088 246.063 91.8606 246.282 92.0675C246.5 92.2744 246.672 92.5432 246.798 92.8738C246.924 93.2022 246.987 93.6014 246.987 94.0714V94.429H242.868V93.6733H245.998C245.998 93.408 245.944 93.1729 245.836 92.9683C245.728 92.7613 245.577 92.5983 245.381 92.4791C245.187 92.3599 244.96 92.3003 244.699 92.3003C244.416 92.3003 244.169 92.37 243.957 92.5095C243.748 92.6466 243.586 92.8266 243.471 93.0492C243.359 93.2696 243.303 93.5092 243.303 93.7678V94.3582C243.303 94.7045 243.363 94.9992 243.485 95.2421C243.609 95.485 243.781 95.6705 244.001 95.7987C244.221 95.9246 244.479 95.9876 244.774 95.9876C244.965 95.9876 245.139 95.9606 245.297 95.9066C245.454 95.8504 245.59 95.7672 245.705 95.657C245.819 95.5468 245.907 95.4107 245.968 95.2488L246.923 95.4209C246.846 95.702 246.709 95.9483 246.511 96.1597C246.315 96.3688 246.069 96.5319 245.772 96.6488C245.478 96.7635 245.141 96.8209 244.763 96.8209Z" fill="#505050"/>
<path d="M216.241 330.243H215.135L217.621 323.334H218.826L221.312 330.243H220.205L218.252 324.589H218.198L216.241 330.243ZM216.427 327.538H220.016V328.415H216.427V327.538ZM224.328 330.348C223.826 330.348 223.395 330.234 223.032 330.007C222.673 329.778 222.396 329.462 222.203 329.059C222.009 328.656 221.912 328.195 221.912 327.676C221.912 327.15 222.011 326.685 222.209 326.283C222.407 325.878 222.686 325.562 223.046 325.335C223.406 325.107 223.83 324.994 224.318 324.994C224.711 324.994 225.062 325.067 225.37 325.213C225.678 325.357 225.927 325.56 226.116 325.82C226.307 326.081 226.421 326.386 226.457 326.735H225.475C225.421 326.492 225.297 326.283 225.104 326.107C224.913 325.932 224.656 325.844 224.335 325.844C224.053 325.844 223.807 325.918 223.596 326.067C223.387 326.213 223.224 326.422 223.107 326.694C222.99 326.964 222.931 327.283 222.931 327.652C222.931 328.03 222.989 328.356 223.103 328.631C223.218 328.905 223.38 329.118 223.589 329.268C223.8 329.419 224.049 329.494 224.335 329.494C224.526 329.494 224.699 329.459 224.854 329.39C225.012 329.318 225.143 329.215 225.249 329.083C225.357 328.95 225.432 328.79 225.475 328.604H226.457C226.421 328.939 226.312 329.238 226.129 329.501C225.947 329.764 225.703 329.971 225.397 330.122C225.094 330.272 224.737 330.348 224.328 330.348ZM229.954 325.061V325.871H227.124V325.061H229.954ZM227.883 323.82H228.891V328.722C228.891 328.917 228.921 329.065 228.979 329.164C229.038 329.26 229.113 329.327 229.205 329.363C229.3 329.396 229.402 329.413 229.512 329.413C229.593 329.413 229.664 329.408 229.725 329.396C229.785 329.385 229.833 329.376 229.866 329.369L230.049 330.203C229.99 330.225 229.907 330.248 229.799 330.27C229.691 330.295 229.556 330.308 229.394 330.311C229.129 330.315 228.881 330.268 228.652 330.169C228.423 330.07 228.237 329.917 228.095 329.71C227.954 329.503 227.883 329.243 227.883 328.931V323.82ZM231.07 330.243V325.061H232.079V330.243H231.07ZM231.579 324.262C231.404 324.262 231.253 324.203 231.127 324.086C231.004 323.967 230.942 323.825 230.942 323.661C230.942 323.495 231.004 323.353 231.127 323.236C231.253 323.117 231.404 323.057 231.579 323.057C231.755 323.057 231.904 323.117 232.028 323.236C232.154 323.353 232.217 323.495 232.217 323.661C232.217 323.825 232.154 323.967 232.028 324.086C231.904 324.203 231.755 324.262 231.579 324.262ZM237.869 325.061L235.989 330.243H234.91L233.027 325.061H234.11L235.423 329.049H235.477L236.786 325.061H237.869ZM240.874 330.348C240.363 330.348 239.923 330.239 239.555 330.021C239.188 329.8 238.905 329.491 238.704 329.093C238.506 328.692 238.408 328.224 238.408 327.686C238.408 327.155 238.506 326.687 238.704 326.283C238.905 325.878 239.183 325.562 239.541 325.335C239.901 325.107 240.321 324.994 240.803 324.994C241.095 324.994 241.379 325.042 241.653 325.139C241.927 325.236 242.174 325.387 242.392 325.594C242.61 325.801 242.782 326.07 242.908 326.401C243.034 326.729 243.097 327.128 243.097 327.598V327.956H238.978V327.2H242.108C242.108 326.935 242.054 326.7 241.946 326.495C241.838 326.288 241.687 326.125 241.491 326.006C241.298 325.887 241.07 325.827 240.809 325.827C240.526 325.827 240.279 325.897 240.067 326.036C239.858 326.174 239.696 326.353 239.582 326.576C239.469 326.796 239.413 327.036 239.413 327.295V327.885C239.413 328.231 239.474 328.526 239.595 328.769C239.719 329.012 239.891 329.197 240.111 329.326C240.332 329.451 240.589 329.514 240.884 329.514C241.075 329.514 241.249 329.487 241.407 329.434C241.564 329.377 241.7 329.294 241.815 329.184C241.93 329.074 242.017 328.938 242.078 328.776L243.033 328.948C242.956 329.229 242.819 329.475 242.621 329.687C242.425 329.896 242.179 330.059 241.882 330.176C241.588 330.29 241.251 330.348 240.874 330.348Z" fill="#505050"/>
<path d="M485.314 325.581H484.261C484.221 325.356 484.145 325.158 484.035 324.987C483.925 324.816 483.79 324.671 483.63 324.552C483.47 324.433 483.292 324.343 483.094 324.282C482.898 324.221 482.69 324.191 482.47 324.191C482.072 324.191 481.715 324.291 481.4 324.491C481.088 324.691 480.84 324.985 480.658 325.372C480.478 325.759 480.388 326.231 480.388 326.789C480.388 327.351 480.478 327.825 480.658 328.212C480.84 328.599 481.089 328.891 481.404 329.089C481.718 329.287 482.073 329.386 482.466 329.386C482.684 329.386 482.891 329.357 483.087 329.299C483.285 329.238 483.464 329.149 483.623 329.032C483.783 328.915 483.918 328.772 484.028 328.604C484.141 328.433 484.218 328.237 484.261 328.017L485.314 328.02C485.257 328.36 485.148 328.672 484.986 328.958C484.827 329.241 484.621 329.486 484.369 329.693C484.119 329.898 483.834 330.056 483.512 330.169C483.19 330.281 482.84 330.338 482.46 330.338C481.861 330.338 481.328 330.196 480.86 329.913C480.393 329.627 480.024 329.219 479.754 328.688C479.486 328.157 479.352 327.524 479.352 326.789C479.352 326.051 479.487 325.418 479.757 324.889C480.027 324.359 480.396 323.951 480.864 323.668C481.332 323.382 481.864 323.24 482.46 323.24C482.826 323.24 483.168 323.292 483.485 323.398C483.804 323.502 484.091 323.655 484.345 323.857C484.6 324.057 484.81 324.302 484.976 324.592C485.143 324.88 485.255 325.21 485.314 325.581ZM488.663 330.348C488.177 330.348 487.753 330.236 487.391 330.014C487.029 329.791 486.748 329.48 486.547 329.079C486.347 328.679 486.247 328.211 486.247 327.676C486.247 327.138 486.347 326.668 486.547 326.266C486.748 325.863 487.029 325.551 487.391 325.328C487.753 325.105 488.177 324.994 488.663 324.994C489.149 324.994 489.572 325.105 489.935 325.328C490.297 325.551 490.578 325.863 490.778 326.266C490.978 326.668 491.078 327.138 491.078 327.676C491.078 328.211 490.978 328.679 490.778 329.079C490.578 329.48 490.297 329.791 489.935 330.014C489.572 330.236 489.149 330.348 488.663 330.348ZM488.666 329.501C488.981 329.501 489.242 329.418 489.449 329.251C489.656 329.085 489.809 328.863 489.908 328.587C490.009 328.31 490.059 328.005 490.059 327.672C490.059 327.342 490.009 327.038 489.908 326.762C489.809 326.483 489.656 326.259 489.449 326.09C489.242 325.922 488.981 325.837 488.666 325.837C488.349 325.837 488.086 325.922 487.877 326.09C487.67 326.259 487.516 326.483 487.414 326.762C487.316 327.038 487.266 327.342 487.266 327.672C487.266 328.005 487.316 328.31 487.414 328.587C487.516 328.863 487.67 329.085 487.877 329.251C488.086 329.418 488.349 329.501 488.666 329.501ZM492.204 330.243V325.061H493.172V325.905H493.236C493.344 325.619 493.521 325.396 493.766 325.237C494.011 325.075 494.305 324.994 494.647 324.994C494.993 324.994 495.283 325.075 495.517 325.237C495.753 325.399 495.927 325.621 496.04 325.905H496.094C496.218 325.628 496.414 325.408 496.684 325.244C496.954 325.077 497.276 324.994 497.649 324.994C498.119 324.994 498.503 325.141 498.799 325.436C499.099 325.73 499.248 326.175 499.248 326.768V330.243H498.239V326.863C498.239 326.512 498.144 326.258 497.953 326.1C497.762 325.943 497.533 325.864 497.268 325.864C496.94 325.864 496.684 325.965 496.502 326.168C496.32 326.368 496.229 326.626 496.229 326.94V330.243H495.223V326.799C495.223 326.518 495.136 326.292 494.96 326.121C494.785 325.95 494.557 325.864 494.275 325.864C494.084 325.864 493.908 325.915 493.746 326.016C493.586 326.115 493.457 326.253 493.358 326.431C493.261 326.609 493.213 326.814 493.213 327.048V330.243H492.204ZM500.6 332.186V325.061H501.585V325.901H501.67C501.728 325.793 501.812 325.669 501.923 325.527C502.033 325.385 502.186 325.262 502.381 325.156C502.577 325.048 502.836 324.994 503.157 324.994C503.576 324.994 503.949 325.1 504.277 325.311C504.606 325.522 504.863 325.827 505.05 326.225C505.239 326.623 505.333 327.102 505.333 327.662C505.333 328.222 505.24 328.703 505.053 329.103C504.867 329.501 504.61 329.808 504.284 330.024C503.958 330.238 503.586 330.344 503.167 330.344C502.853 330.344 502.595 330.292 502.395 330.186C502.197 330.08 502.042 329.956 501.929 329.815C501.817 329.673 501.73 329.547 501.67 329.437H501.609V332.186H500.6ZM501.589 327.652C501.589 328.017 501.641 328.336 501.747 328.61C501.853 328.885 502.006 329.1 502.206 329.255C502.406 329.408 502.651 329.484 502.941 329.484C503.243 329.484 503.495 329.404 503.697 329.245C503.899 329.083 504.052 328.863 504.156 328.587C504.262 328.31 504.314 327.999 504.314 327.652C504.314 327.31 504.263 327.003 504.159 326.731C504.058 326.459 503.905 326.244 503.7 326.087C503.498 325.929 503.245 325.851 502.941 325.851C502.649 325.851 502.402 325.926 502.199 326.077C501.999 326.227 501.847 326.438 501.744 326.708C501.64 326.978 501.589 327.292 501.589 327.652ZM507.472 323.334V330.243H506.463V323.334H507.472ZM511.062 330.348C510.552 330.348 510.112 330.239 509.743 330.021C509.377 329.8 509.093 329.491 508.893 329.093C508.695 328.692 508.596 328.224 508.596 327.686C508.596 327.155 508.695 326.687 508.893 326.283C509.093 325.878 509.372 325.562 509.73 325.335C510.09 325.107 510.51 324.994 510.992 324.994C511.284 324.994 511.567 325.042 511.842 325.139C512.116 325.236 512.362 325.387 512.581 325.594C512.799 325.801 512.971 326.07 513.097 326.401C513.223 326.729 513.286 327.128 513.286 327.598V327.956H509.166V327.2H512.297C512.297 326.935 512.243 326.7 512.135 326.495C512.027 326.288 511.875 326.125 511.68 326.006C511.486 325.887 511.259 325.827 510.998 325.827C510.715 325.827 510.468 325.897 510.256 326.036C510.047 326.174 509.885 326.353 509.77 326.576C509.658 326.796 509.602 327.036 509.602 327.295V327.885C509.602 328.231 509.662 328.526 509.784 328.769C509.908 329.012 510.08 329.197 510.3 329.326C510.52 329.451 510.778 329.514 511.073 329.514C511.264 329.514 511.438 329.487 511.595 329.434C511.753 329.377 511.889 329.294 512.004 329.184C512.118 329.074 512.206 328.938 512.267 328.776L513.222 328.948C513.145 329.229 513.008 329.475 512.81 329.687C512.614 329.896 512.368 330.059 512.071 330.176C511.777 330.29 511.44 330.348 511.062 330.348ZM516.824 325.061V325.871H513.993V325.061H516.824ZM514.752 323.82H515.761V328.722C515.761 328.917 515.79 329.065 515.849 329.164C515.907 329.26 515.983 329.327 516.075 329.363C516.169 329.396 516.272 329.413 516.382 329.413C516.463 329.413 516.534 329.408 516.594 329.396C516.655 329.385 516.702 329.376 516.736 329.369L516.918 330.203C516.86 330.225 516.776 330.248 516.668 330.27C516.561 330.295 516.426 330.308 516.264 330.311C515.998 330.315 515.751 330.268 515.521 330.169C515.292 330.07 515.107 329.917 514.965 329.71C514.823 329.503 514.752 329.243 514.752 328.931V323.82ZM520.117 330.348C519.607 330.348 519.167 330.239 518.798 330.021C518.431 329.8 518.148 329.491 517.948 329.093C517.75 328.692 517.651 328.224 517.651 327.686C517.651 327.155 517.75 326.687 517.948 326.283C518.148 325.878 518.427 325.562 518.785 325.335C519.144 325.107 519.565 324.994 520.046 324.994C520.339 324.994 520.622 325.042 520.896 325.139C521.171 325.236 521.417 325.387 521.635 325.594C521.853 325.801 522.025 326.07 522.151 326.401C522.277 326.729 522.34 327.128 522.34 327.598V327.956H518.221V327.2H521.352C521.352 326.935 521.298 326.7 521.19 326.495C521.082 326.288 520.93 326.125 520.734 326.006C520.541 325.887 520.314 325.827 520.053 325.827C519.77 325.827 519.522 325.897 519.311 326.036C519.102 326.174 518.94 326.353 518.825 326.576C518.713 326.796 518.656 327.036 518.656 327.295V327.885C518.656 328.231 518.717 328.526 518.839 328.769C518.962 329.012 519.134 329.197 519.355 329.326C519.575 329.451 519.833 329.514 520.127 329.514C520.318 329.514 520.493 329.487 520.65 329.434C520.808 329.377 520.944 329.294 521.058 329.184C521.173 329.074 521.261 328.938 521.321 328.776L522.276 328.948C522.2 329.229 522.063 329.475 521.865 329.687C521.669 329.896 521.423 330.059 521.126 330.176C520.831 330.29 520.495 330.348 520.117 330.348ZM525.399 330.344C524.981 330.344 524.608 330.238 524.279 330.024C523.953 329.808 523.697 329.501 523.51 329.103C523.326 328.703 523.233 328.222 523.233 327.662C523.233 327.102 523.327 326.623 523.513 326.225C523.702 325.827 523.961 325.522 524.289 325.311C524.618 325.1 524.99 324.994 525.406 324.994C525.728 324.994 525.986 325.048 526.182 325.156C526.38 325.262 526.533 325.385 526.641 325.527C526.751 325.669 526.836 325.793 526.897 325.901H526.958V323.334H527.967V330.243H526.982V329.437H526.897C526.836 329.547 526.749 329.673 526.634 329.815C526.522 329.956 526.366 330.08 526.168 330.186C525.971 330.292 525.714 330.344 525.399 330.344ZM525.622 329.484C525.912 329.484 526.157 329.408 526.357 329.255C526.56 329.1 526.713 328.885 526.816 328.61C526.922 328.336 526.975 328.017 526.975 327.652C526.975 327.292 526.923 326.978 526.82 326.708C526.716 326.438 526.564 326.227 526.364 326.077C526.164 325.926 525.917 325.851 525.622 325.851C525.318 325.851 525.065 325.929 524.863 326.087C524.66 326.244 524.508 326.459 524.404 326.731C524.303 327.003 524.252 327.31 524.252 327.652C524.252 327.999 524.304 328.31 524.407 328.587C524.511 328.863 524.664 329.083 524.866 329.245C525.071 329.404 525.323 329.484 525.622 329.484Z" fill="#505050"/>
<path d="M790.731 330.243V329.487L793.069 327.065C793.319 326.802 793.525 326.572 793.687 326.374C793.851 326.174 793.973 325.983 794.054 325.804C794.135 325.624 794.176 325.432 794.176 325.23C794.176 325.001 794.122 324.803 794.014 324.636C793.906 324.468 793.759 324.338 793.572 324.248C793.385 324.156 793.175 324.11 792.941 324.11C792.694 324.11 792.478 324.161 792.293 324.262C792.109 324.363 791.967 324.506 791.868 324.69C791.769 324.875 791.72 325.091 791.72 325.338H790.725C790.725 324.917 790.821 324.55 791.015 324.235C791.208 323.92 791.473 323.676 791.811 323.503C792.148 323.327 792.532 323.24 792.961 323.24C793.395 323.24 793.778 323.326 794.108 323.499C794.441 323.67 794.701 323.904 794.888 324.201C795.074 324.496 795.168 324.829 795.168 325.2C795.168 325.456 795.119 325.707 795.022 325.952C794.928 326.197 794.763 326.47 794.527 326.772C794.29 327.071 793.962 327.434 793.541 327.861L792.168 329.299V329.349H795.279V330.243H790.731ZM798.963 330.358C798.43 330.356 797.974 330.215 797.597 329.936C797.219 329.657 796.93 329.251 796.73 328.718C796.529 328.185 796.429 327.543 796.429 326.792C796.429 326.043 796.529 325.403 796.73 324.872C796.932 324.342 797.222 323.937 797.6 323.658C797.98 323.379 798.434 323.24 798.963 323.24C799.491 323.24 799.945 323.38 800.322 323.661C800.7 323.94 800.989 324.345 801.189 324.876C801.392 325.404 801.493 326.043 801.493 326.792C801.493 327.545 801.393 328.189 801.193 328.722C800.993 329.252 800.704 329.658 800.326 329.94C799.948 330.218 799.494 330.358 798.963 330.358ZM798.963 329.457C799.431 329.457 799.796 329.229 800.059 328.772C800.325 328.316 800.457 327.656 800.457 326.792C800.457 326.218 800.397 325.734 800.275 325.338C800.156 324.94 799.984 324.639 799.759 324.434C799.536 324.227 799.271 324.123 798.963 324.123C798.497 324.123 798.132 324.353 797.866 324.812C797.601 325.271 797.467 325.931 797.465 326.792C797.465 327.368 797.525 327.855 797.644 328.253C797.765 328.649 797.937 328.949 798.16 329.153C798.383 329.356 798.65 329.457 798.963 329.457ZM802.69 330.243V329.487L805.028 327.065C805.277 326.802 805.483 326.572 805.645 326.374C805.809 326.174 805.932 325.983 806.013 325.804C806.094 325.624 806.134 325.432 806.134 325.23C806.134 325.001 806.08 324.803 805.972 324.636C805.864 324.468 805.717 324.338 805.53 324.248C805.344 324.156 805.133 324.11 804.899 324.11C804.652 324.11 804.436 324.161 804.252 324.262C804.067 324.363 803.926 324.506 803.827 324.69C803.728 324.875 803.678 325.091 803.678 325.338H802.683C802.683 324.917 802.78 324.55 802.973 324.235C803.167 323.92 803.432 323.676 803.769 323.503C804.107 323.327 804.49 323.24 804.92 323.24C805.354 323.24 805.736 323.326 806.067 323.499C806.4 323.67 806.659 323.904 806.846 324.201C807.033 324.496 807.126 324.829 807.126 325.2C807.126 325.456 807.078 325.707 806.981 325.952C806.887 326.197 806.721 326.47 806.485 326.772C806.249 327.071 805.921 327.434 805.5 327.861L804.127 329.299V329.349H807.237V330.243H802.69ZM808.222 328.894V328.05L811.208 323.334H811.873V324.576H811.451L809.315 327.956V328.01H813.408V328.894H808.222ZM811.498 330.243V328.637L811.505 328.253V323.334H812.493V330.243H811.498Z" fill="#F7F5F5"/>
<path d="M510.15 96.7163V95.9606L512.488 93.5384C512.737 93.2753 512.943 93.0447 513.105 92.8468C513.269 92.6466 513.392 92.4566 513.473 92.2767C513.554 92.0968 513.594 91.9056 513.594 91.7032C513.594 91.4738 513.54 91.2758 513.432 91.1094C513.324 90.9407 513.177 90.8114 512.99 90.7215C512.804 90.6292 512.594 90.5831 512.36 90.5831C512.112 90.5831 511.896 90.6337 511.712 90.735C511.527 90.8362 511.386 90.979 511.287 91.1634C511.188 91.3478 511.138 91.5637 511.138 91.8111H510.143C510.143 91.3906 510.24 91.0228 510.433 90.708C510.627 90.3931 510.892 90.1491 511.229 89.9759C511.567 89.8005 511.95 89.7128 512.38 89.7128C512.814 89.7128 513.196 89.7993 513.527 89.9725C513.86 90.1435 514.119 90.3774 514.306 90.6742C514.493 90.9689 514.586 91.3017 514.586 91.6728C514.586 91.9292 514.538 92.18 514.441 92.4251C514.347 92.6703 514.181 92.9435 513.945 93.2449C513.709 93.544 513.381 93.9072 512.96 94.3346L511.587 95.7717V95.8223H514.698V96.7163H510.15ZM518.381 96.831C517.848 96.8288 517.393 96.6882 517.015 96.4093C516.637 96.1304 516.348 95.7245 516.148 95.1915C515.948 94.6584 515.848 94.0163 515.848 93.2651C515.848 92.5162 515.948 91.8763 516.148 91.3456C516.351 90.8148 516.641 90.41 517.019 90.1311C517.399 89.8522 517.853 89.7128 518.381 89.7128C518.91 89.7128 519.363 89.8533 519.741 90.1345C520.119 90.4133 520.408 90.8182 520.608 91.3489C520.81 91.8775 520.912 92.5162 520.912 93.2651C520.912 94.0186 520.812 94.6618 520.611 95.1948C520.411 95.7256 520.122 96.1316 519.744 96.4127C519.367 96.6916 518.912 96.831 518.381 96.831ZM518.381 95.9303C518.849 95.9303 519.215 95.702 519.478 95.2454C519.743 94.7889 519.876 94.1288 519.876 93.2651C519.876 92.6916 519.815 92.207 519.694 91.8111C519.575 91.413 519.403 91.1117 519.178 90.907C518.955 90.7001 518.69 90.5966 518.381 90.5966C517.916 90.5966 517.55 90.826 517.285 91.2848C517.02 91.7437 516.886 92.4037 516.884 93.2651C516.884 93.8409 516.943 94.3278 517.062 94.7259C517.184 95.1217 517.356 95.422 517.579 95.6266C517.801 95.8291 518.069 95.9303 518.381 95.9303ZM522.108 96.7163V95.9606L524.446 93.5384C524.696 93.2753 524.902 93.0447 525.064 92.8468C525.228 92.6466 525.35 92.4566 525.431 92.2767C525.512 92.0968 525.553 91.9056 525.553 91.7032C525.553 91.4738 525.499 91.2758 525.391 91.1094C525.283 90.9407 525.136 90.8114 524.949 90.7215C524.762 90.6292 524.552 90.5831 524.318 90.5831C524.071 90.5831 523.855 90.6337 523.67 90.735C523.486 90.8362 523.344 90.979 523.245 91.1634C523.146 91.3478 523.097 91.5637 523.097 91.8111H522.102C522.102 91.3906 522.198 91.0228 522.392 90.708C522.585 90.3931 522.851 90.1491 523.188 89.9759C523.525 89.8005 523.909 89.7128 524.338 89.7128C524.772 89.7128 525.155 89.7993 525.485 89.9725C525.818 90.1435 526.078 90.3774 526.265 90.6742C526.451 90.9689 526.545 91.3017 526.545 91.6728C526.545 91.9292 526.496 92.18 526.4 92.4251C526.305 92.6703 526.14 92.9435 525.904 93.2449C525.668 93.544 525.339 93.9072 524.919 94.3346L523.546 95.7717V95.8223H526.656V96.7163H522.108ZM527.641 95.3669V94.5235L530.627 89.8072H531.291V91.0487H530.87L528.734 94.429V94.483H532.826V95.3669H527.641ZM530.917 96.7163V95.1105L530.924 94.7259V89.8072H531.912V96.7163H530.917Z" fill="#D9D9D9"/>
<path d="M320.202 94.4763H321.227L321.949 95.4175L322.29 95.8358L323.44 97.337H322.374L321.605 96.3351L321.342 95.9707L320.202 94.4763ZM323.663 93.2618C323.663 93.9995 323.528 94.6337 323.258 95.1645C322.988 95.693 322.618 96.1001 322.148 96.3857C321.68 96.6691 321.149 96.8108 320.553 96.8108C319.954 96.8108 319.42 96.6691 318.95 96.3857C318.482 96.1001 318.113 95.6919 317.844 95.1611C317.574 94.6303 317.439 93.9972 317.439 93.2618C317.439 92.5241 317.574 91.891 317.844 91.3624C318.113 90.8317 318.482 90.4246 318.95 90.1412C319.42 89.8556 319.954 89.7128 320.553 89.7128C321.149 89.7128 321.68 89.8556 322.148 90.1412C322.618 90.4246 322.988 90.8317 323.258 91.3624C323.528 91.891 323.663 92.5241 323.663 93.2618ZM322.631 93.2618C322.631 92.6995 322.54 92.2261 322.357 91.8415C322.178 91.4546 321.93 91.1623 321.615 90.9644C321.303 90.7642 320.948 90.6641 320.553 90.6641C320.155 90.6641 319.799 90.7642 319.487 90.9644C319.174 91.1623 318.927 91.4546 318.744 91.8415C318.564 92.2261 318.474 92.6995 318.474 93.2618C318.474 93.824 318.564 94.2986 318.744 94.6854C318.927 95.07 319.174 95.3624 319.487 95.5625C319.799 95.7605 320.155 95.8594 320.553 95.8594C320.948 95.8594 321.303 95.7605 321.615 95.5625C321.93 95.3624 322.178 95.07 322.357 94.6854C322.54 94.2986 322.631 93.824 322.631 93.2618ZM325.203 96.7163H324.097L326.583 89.8072H327.787L330.274 96.7163H329.167L327.214 91.0622H327.16L325.203 96.7163ZM325.389 94.0107H328.978V94.8878H325.389V94.0107Z" fill="#D9D9D9"/>
<rect x="147.925" y="202.523" width="103.037" height="21.8345" rx="8" fill="#1119FF"/>
<rect x="144.035" y="541.103" width="103.037" height="21.8345" rx="8" fill="#1119FF"/>
<rect x="429.225" y="541.103" width="103.037" height="21.8345" rx="8" fill="#1119FF"/>
<rect x="714.415" y="541.103" width="103.037" height="21.8345" rx="8" fill="#F7F5F5"/>
<rect x="433.672" y="202.523" width="103.037" height="21.8345" rx="8" fill="#F7F5F5"/>
<rect x="147.925" width="25.3422" height="21.8345" rx="8" fill="#1119FF"/>
<rect x="179.569" width="25.3422" height="21.8345" rx="8" fill="#3238D1"/>
<rect x="211.213" width="25.3422" height="21.8345" rx="8" fill="#1119FF"/>
<path d="M34.389 149.603H33.5524C33.5029 149.362 33.4163 149.151 33.2926 148.969C33.1712 148.787 33.0227 148.634 32.8473 148.51C32.6741 148.384 32.4818 148.29 32.2704 148.227C32.059 148.164 31.8386 148.132 31.6092 148.132C31.1909 148.132 30.8119 148.238 30.4723 148.449C30.135 148.661 29.8662 148.972 29.666 149.384C29.4681 149.795 29.3692 150.3 29.3692 150.898C29.3692 151.497 29.4681 152.002 29.666 152.413C29.8662 152.825 30.135 153.136 30.4723 153.348C30.8119 153.559 31.1909 153.665 31.6092 153.665C31.8386 153.665 32.059 153.633 32.2704 153.57C32.4818 153.507 32.6741 153.414 32.8473 153.29C33.0227 153.164 33.1712 153.01 33.2926 152.828C33.4163 152.644 33.5029 152.432 33.5524 152.194H34.389C34.3261 152.547 34.2114 152.863 34.0449 153.142C33.8785 153.421 33.6716 153.658 33.4242 153.854C33.1768 154.047 32.899 154.194 32.5909 154.296C32.2851 154.397 31.9578 154.447 31.6092 154.447C31.02 154.447 30.4959 154.304 30.0371 154.016C29.5783 153.728 29.2173 153.318 28.9542 152.788C28.6911 152.257 28.5595 151.627 28.5595 150.898C28.5595 150.17 28.6911 149.54 28.9542 149.009C29.2173 148.479 29.5783 148.069 30.0371 147.781C30.4959 147.493 31.02 147.349 31.6092 147.349C31.9578 147.349 32.2851 147.4 32.5909 147.501C32.899 147.602 33.1768 147.751 33.4242 147.947C33.6716 148.14 33.8785 148.376 34.0449 148.655C34.2114 148.932 34.3261 149.248 34.389 149.603ZM35.6331 154.353V149.171H36.4022V149.954H36.4562C36.5507 149.697 36.7216 149.489 36.969 149.33C37.2164 149.17 37.4953 149.09 37.8056 149.09C37.8641 149.09 37.9372 149.091 38.0249 149.094C38.1126 149.096 38.179 149.099 38.224 149.104V149.913C38.197 149.907 38.1351 149.897 38.0384 149.883C37.944 149.867 37.8439 149.859 37.7382 149.859C37.4863 149.859 37.2614 149.912 37.0634 150.018C36.8678 150.121 36.7126 150.265 36.5979 150.45C36.4854 150.632 36.4292 150.84 36.4292 151.074V154.353H35.6331ZM41.1826 154.461C40.6833 154.461 40.2526 154.351 39.8905 154.13C39.5307 153.908 39.2529 153.597 39.0572 153.199C38.8638 152.799 38.7671 152.333 38.7671 151.803C38.7671 151.272 38.8638 150.804 39.0572 150.399C39.2529 149.992 39.525 149.675 39.8736 149.448C40.2245 149.218 40.6338 149.104 41.1016 149.104C41.3715 149.104 41.638 149.149 41.9012 149.239C42.1643 149.329 42.4038 149.475 42.6197 149.677C42.8356 149.877 43.0077 150.143 43.1359 150.473C43.2641 150.804 43.3282 151.211 43.3282 151.695V152.032H39.3339V151.344H42.5185C42.5185 151.051 42.4601 150.791 42.3431 150.561C42.2284 150.332 42.0642 150.151 41.8506 150.018C41.6391 149.885 41.3895 149.819 41.1016 149.819C40.7845 149.819 40.5101 149.898 40.2785 150.055C40.0491 150.21 39.8725 150.413 39.7488 150.662C39.6251 150.912 39.5633 151.18 39.5633 151.465V151.924C39.5633 152.315 39.6307 152.647 39.7657 152.919C39.9029 153.189 40.0929 153.395 40.3358 153.537C40.5787 153.676 40.861 153.746 41.1826 153.746C41.3918 153.746 41.5807 153.717 41.7494 153.658C41.9203 153.597 42.0676 153.507 42.1913 153.388C42.315 153.267 42.4106 153.116 42.478 152.936L43.2472 153.152C43.1663 153.413 43.0302 153.642 42.839 153.84C42.6478 154.036 42.4117 154.189 42.1306 154.299C41.8494 154.407 41.5334 154.461 41.1826 154.461ZM46.0642 154.474C45.7358 154.474 45.4378 154.413 45.1702 154.289C44.9025 154.163 44.69 153.982 44.5326 153.746C44.3751 153.507 44.2964 153.22 44.2964 152.882C44.2964 152.585 44.3549 152.345 44.4718 152.16C44.5888 151.974 44.7451 151.827 44.9408 151.722C45.1364 151.616 45.3523 151.537 45.5885 151.485C45.8269 151.432 46.0664 151.389 46.3071 151.357C46.6219 151.317 46.8772 151.286 47.0729 151.266C47.2708 151.244 47.4147 151.207 47.5047 151.155C47.5969 151.103 47.643 151.013 47.643 150.885V150.858C47.643 150.525 47.5519 150.266 47.3697 150.082C47.1898 149.898 46.9166 149.805 46.55 149.805C46.1699 149.805 45.8719 149.889 45.656 150.055C45.44 150.222 45.2882 150.399 45.2005 150.588L44.4448 150.318C44.5798 150.003 44.7597 149.758 44.9846 149.583C45.2118 149.405 45.4592 149.281 45.7268 149.212C45.9967 149.14 46.2621 149.104 46.523 149.104C46.6894 149.104 46.8806 149.124 47.0965 149.164C47.3146 149.203 47.5249 149.283 47.7273 149.404C47.932 149.525 48.1018 149.709 48.2367 149.954C48.3717 150.199 48.4392 150.527 48.4392 150.939V154.353H47.643V153.651H47.6025C47.5485 153.764 47.4586 153.884 47.3326 154.012C47.2067 154.14 47.0391 154.25 46.83 154.34C46.6208 154.429 46.3655 154.474 46.0642 154.474ZM46.1856 153.759C46.5005 153.759 46.7659 153.697 46.9818 153.574C47.1999 153.45 47.3641 153.29 47.4743 153.095C47.5868 152.899 47.643 152.693 47.643 152.477V151.749C47.6093 151.789 47.535 151.826 47.4203 151.86C47.3079 151.891 47.1774 151.92 47.029 151.944C46.8828 151.967 46.74 151.987 46.6006 152.005C46.4634 152.021 46.352 152.034 46.2666 152.045C46.0597 152.072 45.8662 152.116 45.6863 152.177C45.5086 152.236 45.3647 152.324 45.2545 152.444C45.1465 152.561 45.0926 152.72 45.0926 152.923C45.0926 153.199 45.1949 153.408 45.3996 153.55C45.6065 153.69 45.8685 153.759 46.1856 153.759ZM52.1459 149.171V149.846H49.4605V149.171H52.1459ZM50.2432 147.93H51.0393V152.869C51.0393 153.094 51.072 153.262 51.1372 153.375C51.2047 153.485 51.2901 153.559 51.3936 153.597C51.4993 153.633 51.6106 153.651 51.7276 153.651C51.8153 153.651 51.8872 153.647 51.9435 153.638C51.9997 153.627 52.0447 153.618 52.0784 153.611L52.2403 154.326C52.1864 154.346 52.111 154.367 52.0143 154.387C51.9176 154.409 51.795 154.42 51.6466 154.42C51.4217 154.42 51.2013 154.372 50.9854 154.275C50.7717 154.179 50.594 154.031 50.4523 153.833C50.3129 153.636 50.2432 153.386 50.2432 153.085V147.93ZM55.4604 154.461C54.9611 154.461 54.5304 154.351 54.1683 154.13C53.8085 153.908 53.5307 153.597 53.3351 153.199C53.1416 152.799 53.0449 152.333 53.0449 151.803C53.0449 151.272 53.1416 150.804 53.3351 150.399C53.5307 149.992 53.8029 149.675 54.1515 149.448C54.5023 149.218 54.9117 149.104 55.3795 149.104C55.6493 149.104 55.9159 149.149 56.179 149.239C56.4421 149.329 56.6817 149.475 56.8976 149.677C57.1135 149.877 57.2855 150.143 57.4137 150.473C57.5419 150.804 57.606 151.211 57.606 151.695V152.032H53.6117V151.344H56.7964C56.7964 151.051 56.7379 150.791 56.6209 150.561C56.5062 150.332 56.3421 150.151 56.1284 150.018C55.917 149.885 55.6673 149.819 55.3795 149.819C55.0623 149.819 54.788 149.898 54.5563 150.055C54.3269 150.21 54.1503 150.413 54.0267 150.662C53.903 150.912 53.8411 151.18 53.8411 151.465V151.924C53.8411 152.315 53.9086 152.647 54.0435 152.919C54.1807 153.189 54.3708 153.395 54.6137 153.537C54.8566 153.676 55.1388 153.746 55.4604 153.746C55.6696 153.746 55.8585 153.717 56.0272 153.658C56.1981 153.597 56.3454 153.507 56.4691 153.388C56.5928 153.267 56.6884 153.116 56.7559 152.936L57.5251 153.152C57.4441 153.413 57.308 153.642 57.1168 153.84C56.9257 154.036 56.6895 154.189 56.4084 154.299C56.1273 154.407 55.8113 154.461 55.4604 154.461ZM60.7738 154.461C60.342 154.461 59.9608 154.352 59.6302 154.134C59.2996 153.913 59.0409 153.603 58.8542 153.203C58.6676 152.8 58.5742 152.324 58.5742 151.776C58.5742 151.231 58.6676 150.759 58.8542 150.359C59.0409 149.958 59.3007 149.649 59.6335 149.431C59.9664 149.213 60.351 149.104 60.7873 149.104C61.1247 149.104 61.3912 149.16 61.5868 149.272C61.7848 149.383 61.9354 149.509 62.0389 149.65C62.1446 149.79 62.2267 149.904 62.2852 149.994H62.3526V147.444H63.1488V154.353H62.3796V153.557H62.2852C62.2267 153.651 62.1435 153.771 62.0355 153.914C61.9276 154.056 61.7735 154.183 61.5733 154.296C61.3732 154.406 61.1067 154.461 60.7738 154.461ZM60.8818 153.746C61.2011 153.746 61.471 153.663 61.6914 153.496C61.9118 153.327 62.0794 153.095 62.1941 152.798C62.3088 152.499 62.3661 152.153 62.3661 151.762C62.3661 151.375 62.3099 151.037 62.1975 150.747C62.085 150.454 61.9186 150.227 61.6982 150.065C61.4778 149.901 61.2056 149.819 60.8818 149.819C60.5444 149.819 60.2633 149.906 60.0384 150.079C59.8157 150.25 59.6482 150.482 59.5357 150.777C59.4255 151.069 59.3704 151.398 59.3704 151.762C59.3704 152.131 59.4266 152.466 59.5391 152.767C59.6538 153.067 59.8225 153.305 60.0451 153.483C60.27 153.658 60.5489 153.746 60.8818 153.746ZM69.643 149.171V149.846H66.9576V149.171H69.643ZM67.7403 147.93H68.5364V152.869C68.5364 153.094 68.569 153.262 68.6342 153.375C68.7017 153.485 68.7872 153.559 68.8906 153.597C68.9963 153.633 69.1077 153.651 69.2246 153.651C69.3123 153.651 69.3843 153.647 69.4405 153.638C69.4968 153.627 69.5417 153.618 69.5755 153.611L69.7374 154.326C69.6834 154.346 69.6081 154.367 69.5114 154.387C69.4147 154.409 69.2921 154.42 69.1437 154.42C68.9188 154.42 68.6983 154.372 68.4824 154.275C68.2688 154.179 68.0911 154.031 67.9494 153.833C67.81 153.636 67.7403 153.386 67.7403 153.085V147.93ZM71.7481 151.236V154.353H70.9519V147.444H71.7481V149.981H71.8155C71.937 149.713 72.1192 149.501 72.3621 149.343C72.6072 149.184 72.9333 149.104 73.3404 149.104C73.6935 149.104 74.0027 149.175 74.2681 149.316C74.5335 149.456 74.7393 149.67 74.8855 149.961C75.0339 150.249 75.1081 150.615 75.1081 151.06V154.353H74.312V151.114C74.312 150.703 74.2052 150.385 73.9915 150.16C73.7801 149.933 73.4866 149.819 73.111 149.819C72.8501 149.819 72.6162 149.874 72.4093 149.984C72.2046 150.094 72.0427 150.255 71.9235 150.467C71.8065 150.678 71.7481 150.934 71.7481 151.236ZM78.7373 154.461C78.238 154.461 77.8073 154.351 77.4452 154.13C77.0853 153.908 76.8076 153.597 76.6119 153.199C76.4185 152.799 76.3218 152.333 76.3218 151.803C76.3218 151.272 76.4185 150.804 76.6119 150.399C76.8076 149.992 77.0797 149.675 77.4283 149.448C77.7792 149.218 78.1885 149.104 78.6563 149.104C78.9262 149.104 79.1927 149.149 79.4558 149.239C79.719 149.329 79.9585 149.475 80.1744 149.677C80.3903 149.877 80.5624 150.143 80.6906 150.473C80.8188 150.804 80.8829 151.211 80.8829 151.695V152.032H76.8886V151.344H80.0732C80.0732 151.051 80.0147 150.791 79.8978 150.561C79.7831 150.332 79.6189 150.151 79.4052 150.018C79.1938 149.885 78.9442 149.819 78.6563 149.819C78.3392 149.819 78.0648 149.898 77.8332 150.055C77.6038 150.21 77.4272 150.413 77.3035 150.662C77.1798 150.912 77.118 151.18 77.118 151.465V151.924C77.118 152.315 77.1854 152.647 77.3204 152.919C77.4576 153.189 77.6476 153.395 77.8905 153.537C78.1334 153.676 78.4157 153.746 78.7373 153.746C78.9464 153.746 79.1354 153.717 79.304 153.658C79.475 153.597 79.6223 153.507 79.746 153.388C79.8697 153.267 79.9653 153.116 80.0327 152.936L80.8019 153.152C80.7209 153.413 80.5849 153.642 80.3937 153.84C80.2025 154.036 79.9664 154.189 79.6853 154.299C79.4041 154.407 79.0881 154.461 78.7373 154.461ZM87.3838 152.194H88.3014L89.0706 153.206L89.273 153.476L90.42 155.001H89.5024L88.7467 153.989L88.5578 153.732L87.3838 152.194ZM90.7034 150.898C90.7034 151.627 90.5718 152.257 90.3087 152.788C90.0455 153.318 89.6845 153.728 89.2257 154.016C88.7669 154.304 88.2429 154.447 87.6536 154.447C87.0644 154.447 86.5404 154.304 86.0816 154.016C85.6228 153.728 85.2618 153.318 84.9986 152.788C84.7355 152.257 84.6039 151.627 84.6039 150.898C84.6039 150.17 84.7355 149.54 84.9986 149.009C85.2618 148.479 85.6228 148.069 86.0816 147.781C86.5404 147.493 87.0644 147.349 87.6536 147.349C88.2429 147.349 88.7669 147.493 89.2257 147.781C89.6845 148.069 90.0455 148.479 90.3087 149.009C90.5718 149.54 90.7034 150.17 90.7034 150.898ZM89.8937 150.898C89.8937 150.3 89.7936 149.795 89.5935 149.384C89.3955 148.972 89.1268 148.661 88.7872 148.449C88.4498 148.238 88.072 148.132 87.6536 148.132C87.2353 148.132 86.8564 148.238 86.5168 148.449C86.1794 148.661 85.9106 148.972 85.7105 149.384C85.5125 149.795 85.4136 150.3 85.4136 150.898C85.4136 151.497 85.5125 152.002 85.7105 152.413C85.9106 152.825 86.1794 153.136 86.5168 153.348C86.8564 153.559 87.2353 153.665 87.6536 153.665C88.072 153.665 88.4498 153.559 88.7872 153.348C89.1268 153.136 89.3955 152.825 89.5935 152.413C89.7936 152.002 89.8937 151.497 89.8937 150.898ZM92.0688 154.353H91.1917L93.7286 147.444H94.5923L97.1292 154.353H96.2521L94.1874 148.537H94.1335L92.0688 154.353ZM92.3927 151.654H95.9282V152.396H92.3927V151.654ZM102.294 154.474C101.966 154.474 101.668 154.413 101.4 154.289C101.133 154.163 100.92 153.982 100.763 153.746C100.605 153.507 100.526 153.22 100.526 152.882C100.526 152.585 100.585 152.345 100.702 152.16C100.819 151.974 100.975 151.827 101.171 151.722C101.366 151.616 101.582 151.537 101.818 151.485C102.057 151.432 102.296 151.389 102.537 151.357C102.852 151.317 103.107 151.286 103.303 151.266C103.501 151.244 103.645 151.207 103.735 151.155C103.827 151.103 103.873 151.013 103.873 150.885V150.858C103.873 150.525 103.782 150.266 103.6 150.082C103.42 149.898 103.147 149.805 102.78 149.805C102.4 149.805 102.102 149.889 101.886 150.055C101.67 150.222 101.518 150.399 101.431 150.588L100.675 150.318C100.81 150.003 100.99 149.758 101.215 149.583C101.442 149.405 101.689 149.281 101.957 149.212C102.227 149.14 102.492 149.104 102.753 149.104C102.919 149.104 103.111 149.124 103.326 149.164C103.545 149.203 103.755 149.283 103.957 149.404C104.162 149.525 104.332 149.709 104.467 149.954C104.602 150.199 104.669 150.527 104.669 150.939V154.353H103.873V153.651H103.832C103.779 153.764 103.689 153.884 103.563 154.012C103.437 154.14 103.269 154.25 103.06 154.34C102.851 154.429 102.596 154.474 102.294 154.474ZM102.416 153.759C102.73 153.759 102.996 153.697 103.212 153.574C103.43 153.45 103.594 153.29 103.704 153.095C103.817 152.899 103.873 152.693 103.873 152.477V151.749C103.839 151.789 103.765 151.826 103.65 151.86C103.538 151.891 103.407 151.92 103.259 151.944C103.113 151.967 102.97 151.987 102.831 152.005C102.693 152.021 102.582 152.034 102.497 152.045C102.29 152.072 102.096 152.116 101.916 152.177C101.739 152.236 101.595 152.324 101.484 152.444C101.377 152.561 101.323 152.72 101.323 152.923C101.323 153.199 101.425 153.408 101.63 153.55C101.836 153.69 102.098 153.759 102.416 153.759ZM109.388 152.234V149.171H110.184V154.353H109.388V153.476H109.334C109.213 153.739 109.024 153.963 108.767 154.147C108.511 154.329 108.187 154.42 107.796 154.42C107.472 154.42 107.184 154.35 106.932 154.208C106.68 154.064 106.482 153.848 106.338 153.56C106.194 153.27 106.122 152.905 106.122 152.464V149.171H106.918V152.41C106.918 152.788 107.024 153.089 107.236 153.314C107.449 153.539 107.721 153.651 108.052 153.651C108.25 153.651 108.451 153.601 108.656 153.5C108.863 153.398 109.036 153.243 109.175 153.034C109.317 152.825 109.388 152.558 109.388 152.234ZM113.896 149.171V149.846H111.211V149.171H113.896ZM111.993 147.93H112.789V152.869C112.789 153.094 112.822 153.262 112.887 153.375C112.955 153.485 113.04 153.559 113.144 153.597C113.249 153.633 113.361 153.651 113.478 153.651C113.565 153.651 113.637 153.647 113.693 153.638C113.75 153.627 113.795 153.618 113.828 153.611L113.99 154.326C113.936 154.346 113.861 154.367 113.764 154.387C113.668 154.409 113.545 154.42 113.397 154.42C113.172 154.42 112.951 154.372 112.735 154.275C112.522 154.179 112.344 154.031 112.202 153.833C112.063 153.636 111.993 153.386 111.993 153.085V147.93ZM117.143 154.461C116.675 154.461 116.265 154.35 115.912 154.127C115.561 153.904 115.286 153.593 115.088 153.193C114.893 152.792 114.795 152.324 114.795 151.789C114.795 151.249 114.893 150.778 115.088 150.376C115.286 149.973 115.561 149.66 115.912 149.438C116.265 149.215 116.675 149.104 117.143 149.104C117.611 149.104 118.02 149.215 118.371 149.438C118.724 149.66 118.998 149.973 119.194 150.376C119.392 150.778 119.491 151.249 119.491 151.789C119.491 152.324 119.392 152.792 119.194 153.193C118.998 153.593 118.724 153.904 118.371 154.127C118.02 154.35 117.611 154.461 117.143 154.461ZM117.143 153.746C117.498 153.746 117.791 153.655 118.02 153.473C118.249 153.29 118.419 153.051 118.529 152.754C118.64 152.457 118.695 152.135 118.695 151.789C118.695 151.443 118.64 151.12 118.529 150.821C118.419 150.522 118.249 150.28 118.02 150.096C117.791 149.911 117.498 149.819 117.143 149.819C116.788 149.819 116.495 149.911 116.266 150.096C116.036 150.28 115.867 150.522 115.756 150.821C115.646 151.12 115.591 151.443 115.591 151.789C115.591 152.135 115.646 152.457 115.756 152.754C115.867 153.051 116.036 153.29 116.266 153.473C116.495 153.655 116.788 153.746 117.143 153.746ZM120.706 154.353V149.171H121.475V149.981H121.543C121.651 149.704 121.825 149.489 122.066 149.337C122.306 149.181 122.595 149.104 122.933 149.104C123.275 149.104 123.559 149.181 123.786 149.337C124.016 149.489 124.195 149.704 124.323 149.981H124.377C124.509 149.713 124.708 149.501 124.974 149.343C125.239 149.184 125.558 149.104 125.929 149.104C126.392 149.104 126.771 149.249 127.065 149.539C127.36 149.827 127.507 150.275 127.507 150.885V154.353H126.711V150.885C126.711 150.503 126.607 150.229 126.398 150.065C126.188 149.901 125.942 149.819 125.659 149.819C125.294 149.819 125.012 149.929 124.812 150.15C124.612 150.368 124.512 150.644 124.512 150.979V154.353H123.702V150.804C123.702 150.509 123.606 150.272 123.415 150.092C123.224 149.91 122.978 149.819 122.676 149.819C122.47 149.819 122.276 149.874 122.096 149.984C121.919 150.094 121.775 150.247 121.664 150.443C121.556 150.636 121.502 150.86 121.502 151.114V154.353H120.706ZM130.488 154.474C130.16 154.474 129.862 154.413 129.594 154.289C129.326 154.163 129.114 153.982 128.956 153.746C128.799 153.507 128.72 153.22 128.72 152.882C128.72 152.585 128.779 152.345 128.896 152.16C129.013 151.974 129.169 151.827 129.365 151.722C129.56 151.616 129.776 151.537 130.012 151.485C130.251 151.432 130.49 151.389 130.731 151.357C131.046 151.317 131.301 151.286 131.497 151.266C131.695 151.244 131.839 151.207 131.929 151.155C132.021 151.103 132.067 151.013 132.067 150.885V150.858C132.067 150.525 131.976 150.266 131.794 150.082C131.614 149.898 131.34 149.805 130.974 149.805C130.594 149.805 130.296 149.889 130.08 150.055C129.864 150.222 129.712 150.399 129.624 150.588L128.869 150.318C129.004 150.003 129.184 149.758 129.408 149.583C129.636 149.405 129.883 149.281 130.151 149.212C130.421 149.14 130.686 149.104 130.947 149.104C131.113 149.104 131.304 149.124 131.52 149.164C131.738 149.203 131.949 149.283 132.151 149.404C132.356 149.525 132.526 149.709 132.661 149.954C132.796 150.199 132.863 150.527 132.863 150.939V154.353H132.067V153.651H132.026C131.972 153.764 131.882 153.884 131.756 154.012C131.631 154.14 131.463 154.25 131.254 154.34C131.045 154.429 130.789 154.474 130.488 154.474ZM130.609 153.759C130.924 153.759 131.19 153.697 131.406 153.574C131.624 153.45 131.788 153.29 131.898 153.095C132.011 152.899 132.067 152.693 132.067 152.477V151.749C132.033 151.789 131.959 151.826 131.844 151.86C131.732 151.891 131.601 151.92 131.453 151.944C131.307 151.967 131.164 151.987 131.024 152.005C130.887 152.021 130.776 152.034 130.69 152.045C130.483 152.072 130.29 152.116 130.11 152.177C129.932 152.236 129.789 152.324 129.678 152.444C129.57 152.561 129.516 152.72 129.516 152.923C129.516 153.199 129.619 153.408 129.823 153.55C130.03 153.69 130.292 153.759 130.609 153.759ZM136.57 149.171V149.846H133.884V149.171H136.57ZM134.667 147.93H135.463V152.869C135.463 153.094 135.496 153.262 135.561 153.375C135.628 153.485 135.714 153.559 135.817 153.597C135.923 153.633 136.034 153.651 136.151 153.651C136.239 153.651 136.311 153.647 136.367 153.638C136.424 153.627 136.469 153.618 136.502 153.611L136.664 154.326C136.61 154.346 136.535 154.367 136.438 154.387C136.341 154.409 136.219 154.42 136.07 154.42C135.846 154.42 135.625 154.372 135.409 154.275C135.196 154.179 135.018 154.031 134.876 153.833C134.737 153.636 134.667 153.386 134.667 153.085V147.93ZM137.767 154.353V149.171H138.563V154.353H137.767ZM138.172 148.308C138.017 148.308 137.883 148.255 137.771 148.149C137.66 148.043 137.605 147.916 137.605 147.768C137.605 147.619 137.66 147.492 137.771 147.387C137.883 147.281 138.017 147.228 138.172 147.228C138.327 147.228 138.46 147.281 138.57 147.387C138.683 147.492 138.739 147.619 138.739 147.768C138.739 147.916 138.683 148.043 138.57 148.149C138.46 148.255 138.327 148.308 138.172 148.308ZM142.127 154.461C141.659 154.461 141.249 154.35 140.895 154.127C140.545 153.904 140.27 153.593 140.072 153.193C139.877 152.792 139.779 152.324 139.779 151.789C139.779 151.249 139.877 150.778 140.072 150.376C140.27 149.973 140.545 149.66 140.895 149.438C141.249 149.215 141.659 149.104 142.127 149.104C142.595 149.104 143.004 149.215 143.355 149.438C143.708 149.66 143.982 149.973 144.178 150.376C144.376 150.778 144.475 151.249 144.475 151.789C144.475 152.324 144.376 152.792 144.178 153.193C143.982 153.593 143.708 153.904 143.355 154.127C143.004 154.35 142.595 154.461 142.127 154.461ZM142.127 153.746C142.482 153.746 142.775 153.655 143.004 153.473C143.233 153.29 143.403 153.051 143.513 152.754C143.624 152.457 143.679 152.135 143.679 151.789C143.679 151.443 143.624 151.12 143.513 150.821C143.403 150.522 143.233 150.28 143.004 150.096C142.775 149.911 142.482 149.819 142.127 149.819C141.771 149.819 141.479 149.911 141.25 150.096C141.02 150.28 140.85 150.522 140.74 150.821C140.63 151.12 140.575 151.443 140.575 151.789C140.575 152.135 140.63 152.457 140.74 152.754C140.85 153.051 141.02 153.29 141.25 153.473C141.479 153.655 141.771 153.746 142.127 153.746ZM146.486 151.236V154.353H145.69V149.171H146.459V149.981H146.527C146.648 149.718 146.833 149.506 147.08 149.347C147.327 149.185 147.647 149.104 148.038 149.104C148.389 149.104 148.696 149.176 148.959 149.32C149.222 149.461 149.427 149.677 149.573 149.967C149.719 150.255 149.792 150.62 149.792 151.06V154.353H148.996V151.114C148.996 150.707 148.891 150.39 148.679 150.163C148.468 149.934 148.178 149.819 147.809 149.819C147.555 149.819 147.327 149.874 147.127 149.984C146.929 150.094 146.773 150.255 146.658 150.467C146.544 150.678 146.486 150.934 146.486 151.236ZM157.59 150.332L156.874 150.534C156.829 150.415 156.763 150.299 156.675 150.187C156.59 150.072 156.473 149.977 156.325 149.903C156.176 149.829 155.986 149.792 155.754 149.792C155.437 149.792 155.173 149.865 154.962 150.011C154.752 150.155 154.648 150.338 154.648 150.561C154.648 150.759 154.72 150.915 154.864 151.03C155.008 151.145 155.233 151.24 155.539 151.317L156.308 151.506C156.771 151.618 157.116 151.79 157.343 152.022C157.571 152.251 157.684 152.547 157.684 152.909C157.684 153.206 157.599 153.471 157.428 153.705C157.259 153.939 157.023 154.124 156.719 154.259C156.416 154.394 156.063 154.461 155.66 154.461C155.131 154.461 154.694 154.346 154.348 154.117C154.001 153.887 153.782 153.552 153.69 153.112L154.445 152.923C154.517 153.202 154.653 153.411 154.854 153.55C155.056 153.69 155.32 153.759 155.646 153.759C156.018 153.759 156.312 153.681 156.53 153.523C156.751 153.363 156.861 153.172 156.861 152.95C156.861 152.77 156.798 152.619 156.672 152.498C156.546 152.374 156.353 152.282 156.092 152.221L155.228 152.019C154.754 151.906 154.405 151.732 154.182 151.496C153.962 151.257 153.852 150.959 153.852 150.602C153.852 150.309 153.934 150.051 154.098 149.826C154.264 149.601 154.49 149.424 154.776 149.296C155.064 149.168 155.39 149.104 155.754 149.104C156.267 149.104 156.67 149.216 156.962 149.441C157.257 149.666 157.466 149.963 157.59 150.332ZM161.055 154.461C160.556 154.461 160.125 154.351 159.763 154.13C159.403 153.908 159.125 153.597 158.93 153.199C158.736 152.799 158.64 152.333 158.64 151.803C158.64 151.272 158.736 150.804 158.93 150.399C159.125 149.992 159.398 149.675 159.746 149.448C160.097 149.218 160.506 149.104 160.974 149.104C161.244 149.104 161.511 149.149 161.774 149.239C162.037 149.329 162.276 149.475 162.492 149.677C162.708 149.877 162.88 150.143 163.008 150.473C163.137 150.804 163.201 151.211 163.201 151.695V152.032H159.206V151.344H162.391C162.391 151.051 162.333 150.791 162.216 150.561C162.101 150.332 161.937 150.151 161.723 150.018C161.512 149.885 161.262 149.819 160.974 149.819C160.657 149.819 160.383 149.898 160.151 150.055C159.922 150.21 159.745 150.413 159.621 150.662C159.498 150.912 159.436 151.18 159.436 151.465V151.924C159.436 152.315 159.503 152.647 159.638 152.919C159.775 153.189 159.965 153.395 160.208 153.537C160.451 153.676 160.734 153.746 161.055 153.746C161.264 153.746 161.453 153.717 161.622 153.658C161.793 153.597 161.94 153.507 162.064 153.388C162.188 153.267 162.283 153.116 162.351 152.936L163.12 153.152C163.039 153.413 162.903 153.642 162.712 153.84C162.52 154.036 162.284 154.189 162.003 154.299C161.722 154.407 161.406 154.461 161.055 154.461ZM166.665 149.171V149.846H163.98V149.171H166.665ZM164.763 147.93H165.559V152.869C165.559 153.094 165.591 153.262 165.657 153.375C165.724 153.485 165.81 153.559 165.913 153.597C166.019 153.633 166.13 153.651 166.247 153.651C166.335 153.651 166.407 153.647 166.463 153.638C166.519 153.627 166.564 153.618 166.598 153.611L166.76 154.326C166.706 154.346 166.631 154.367 166.534 154.387C166.437 154.409 166.315 154.42 166.166 154.42C165.941 154.42 165.721 154.372 165.505 154.275C165.291 154.179 165.114 154.031 164.972 153.833C164.832 153.636 164.763 153.386 164.763 153.085V147.93ZM171.129 152.234V149.171H171.925V154.353H171.129V153.476H171.075C170.953 153.739 170.764 153.963 170.508 154.147C170.252 154.329 169.928 154.42 169.536 154.42C169.212 154.42 168.925 154.35 168.673 154.208C168.421 154.064 168.223 153.848 168.079 153.56C167.935 153.27 167.863 152.905 167.863 152.464V149.171H168.659V152.41C168.659 152.788 168.765 153.089 168.976 153.314C169.19 153.539 169.462 153.651 169.793 153.651C169.991 153.651 170.192 153.601 170.397 153.5C170.604 153.398 170.777 153.243 170.916 153.034C171.058 152.825 171.129 152.558 171.129 152.234ZM173.383 156.296V149.171H174.152V149.994H174.247C174.305 149.904 174.386 149.79 174.49 149.65C174.595 149.509 174.746 149.383 174.942 149.272C175.14 149.16 175.407 149.104 175.745 149.104C176.181 149.104 176.565 149.213 176.898 149.431C177.231 149.649 177.491 149.958 177.678 150.359C177.864 150.759 177.958 151.231 177.958 151.776C177.958 152.324 177.864 152.8 177.678 153.203C177.491 153.603 177.232 153.913 176.902 154.134C176.571 154.352 176.19 154.461 175.758 154.461C175.425 154.461 175.159 154.406 174.959 154.296C174.758 154.183 174.604 154.056 174.496 153.914C174.388 153.771 174.305 153.651 174.247 153.557H174.179V156.296H173.383ZM174.166 151.762C174.166 152.153 174.223 152.499 174.338 152.798C174.452 153.095 174.62 153.327 174.84 153.496C175.061 153.663 175.331 153.746 175.65 153.746C175.983 153.746 176.261 153.658 176.483 153.483C176.708 153.305 176.877 153.067 176.989 152.767C177.104 152.466 177.161 152.131 177.161 151.762C177.161 151.398 177.105 151.069 176.993 150.777C176.883 150.482 176.715 150.25 176.49 150.079C176.267 149.906 175.987 149.819 175.65 149.819C175.326 149.819 175.054 149.901 174.834 150.065C174.613 150.227 174.447 150.454 174.334 150.747C174.222 151.037 174.166 151.375 174.166 151.762ZM184.152 149.171V149.846H181.358V149.171H184.152ZM182.195 154.353V148.456C182.195 148.159 182.265 147.912 182.404 147.714C182.543 147.516 182.724 147.367 182.947 147.269C183.17 147.17 183.405 147.12 183.652 147.12C183.848 147.12 184.008 147.136 184.131 147.167C184.255 147.199 184.347 147.228 184.408 147.255L184.179 147.943C184.138 147.93 184.082 147.913 184.01 147.893C183.94 147.872 183.848 147.862 183.733 147.862C183.47 147.862 183.28 147.929 183.163 148.061C183.048 148.194 182.991 148.389 182.991 148.645V154.353H182.195ZM187.159 154.461C186.691 154.461 186.281 154.35 185.928 154.127C185.577 153.904 185.302 153.593 185.105 153.193C184.909 152.792 184.811 152.324 184.811 151.789C184.811 151.249 184.909 150.778 185.105 150.376C185.302 149.973 185.577 149.66 185.928 149.438C186.281 149.215 186.691 149.104 187.159 149.104C187.627 149.104 188.036 149.215 188.387 149.438C188.74 149.66 189.015 149.973 189.21 150.376C189.408 150.778 189.507 151.249 189.507 151.789C189.507 152.324 189.408 152.792 189.21 153.193C189.015 153.593 188.74 153.904 188.387 154.127C188.036 154.35 187.627 154.461 187.159 154.461ZM187.159 153.746C187.514 153.746 187.807 153.655 188.036 153.473C188.266 153.29 188.435 153.051 188.546 152.754C188.656 152.457 188.711 152.135 188.711 151.789C188.711 151.443 188.656 151.12 188.546 150.821C188.435 150.522 188.266 150.28 188.036 150.096C187.807 149.911 187.514 149.819 187.159 149.819C186.804 149.819 186.511 149.911 186.282 150.096C186.053 150.28 185.883 150.522 185.773 150.821C185.662 151.12 185.607 151.443 185.607 151.789C185.607 152.135 185.662 152.457 185.773 152.754C185.883 153.051 186.053 153.29 186.282 153.473C186.511 153.655 186.804 153.746 187.159 153.746ZM190.722 154.353V149.171H191.492V149.954H191.546C191.64 149.697 191.811 149.489 192.058 149.33C192.306 149.17 192.585 149.09 192.895 149.09C192.953 149.09 193.027 149.091 193.114 149.094C193.202 149.096 193.268 149.099 193.313 149.104V149.913C193.286 149.907 193.224 149.897 193.128 149.883C193.033 149.867 192.933 149.859 192.828 149.859C192.576 149.859 192.351 149.912 192.153 150.018C191.957 150.121 191.802 150.265 191.687 150.45C191.575 150.632 191.519 150.84 191.519 151.074V154.353H190.722ZM31.4743 158.444H32.3109V163.383C32.3109 163.824 32.23 164.198 32.068 164.506C31.9061 164.814 31.6778 165.048 31.3832 165.208C31.0886 165.368 30.7411 165.447 30.3407 165.447C29.9629 165.447 29.6267 165.379 29.332 165.242C29.0374 165.102 28.8058 164.904 28.6371 164.648C28.4684 164.392 28.3841 164.087 28.3841 163.734H29.2072C29.2072 163.929 29.2556 164.1 29.3523 164.246C29.4512 164.39 29.5862 164.503 29.7571 164.584C29.928 164.665 30.1226 164.705 30.3407 164.705C30.5814 164.705 30.7861 164.655 30.9547 164.553C31.1234 164.452 31.2516 164.304 31.3393 164.108C31.4293 163.91 31.4743 163.668 31.4743 163.383V158.444ZM35.9847 165.461C35.5169 165.461 35.1065 165.35 34.7534 165.127C34.4025 164.904 34.1282 164.593 33.9302 164.193C33.7346 163.792 33.6367 163.324 33.6367 162.789C33.6367 162.249 33.7346 161.778 33.9302 161.376C34.1282 160.973 34.4025 160.66 34.7534 160.438C35.1065 160.215 35.5169 160.104 35.9847 160.104C36.4525 160.104 36.8619 160.215 37.2127 160.438C37.5658 160.66 37.8402 160.973 38.0359 161.376C38.2338 161.778 38.3328 162.249 38.3328 162.789C38.3328 163.324 38.2338 163.792 38.0359 164.193C37.8402 164.593 37.5658 164.904 37.2127 165.127C36.8619 165.35 36.4525 165.461 35.9847 165.461ZM35.9847 164.746C36.3401 164.746 36.6325 164.655 36.8619 164.473C37.0913 164.29 37.2611 164.051 37.3713 163.754C37.4815 163.457 37.5366 163.135 37.5366 162.789C37.5366 162.443 37.4815 162.12 37.3713 161.821C37.2611 161.522 37.0913 161.28 36.8619 161.096C36.6325 160.911 36.3401 160.819 35.9847 160.819C35.6294 160.819 35.337 160.911 35.1076 161.096C34.8782 161.28 34.7084 161.522 34.5982 161.821C34.488 162.12 34.4329 162.443 34.4329 162.789C34.4329 163.135 34.488 163.457 34.5982 163.754C34.7084 164.051 34.8782 164.29 35.1076 164.473C35.337 164.655 35.6294 164.746 35.9847 164.746ZM39.5481 165.353V160.171H40.3173V160.981H40.3847C40.4927 160.704 40.667 160.489 40.9076 160.337C41.1483 160.181 41.4373 160.104 41.7747 160.104C42.1165 160.104 42.401 160.181 42.6282 160.337C42.8576 160.489 43.0364 160.704 43.1646 160.981H43.2185C43.3512 160.713 43.5503 160.501 43.8157 160.343C44.0811 160.184 44.3993 160.104 44.7704 160.104C45.2337 160.104 45.6127 160.249 45.9073 160.539C46.2019 160.827 46.3492 161.275 46.3492 161.885V165.353H45.5531V161.885C45.5531 161.503 45.4485 161.229 45.2393 161.065C45.0302 160.901 44.7839 160.819 44.5005 160.819C44.1362 160.819 43.8539 160.929 43.6537 161.15C43.4536 161.368 43.3535 161.644 43.3535 161.979V165.353H42.5438V161.804C42.5438 161.509 42.4482 161.272 42.2571 161.092C42.0659 160.91 41.8196 160.819 41.5183 160.819C41.3113 160.819 41.1179 160.874 40.938 160.984C40.7603 161.094 40.6164 161.247 40.5062 161.443C40.3982 161.636 40.3443 161.86 40.3443 162.114V165.353H39.5481ZM47.9129 158.444H48.9115L51.2595 164.179H51.3404L53.6884 158.444H54.687V165.353H53.9044V160.104H53.8369L51.6778 165.353H50.9221L48.763 160.104H48.6956V165.353H47.9129V158.444ZM57.7814 165.474C57.4531 165.474 57.1551 165.413 56.8874 165.289C56.6198 165.163 56.4073 164.982 56.2498 164.746C56.0924 164.507 56.0137 164.22 56.0137 163.882C56.0137 163.585 56.0722 163.345 56.1891 163.16C56.3061 162.974 56.4624 162.827 56.658 162.722C56.8537 162.616 57.0696 162.537 57.3058 162.485C57.5442 162.432 57.7837 162.389 58.0243 162.357C58.3392 162.317 58.5945 162.286 58.7901 162.266C58.9881 162.244 59.132 162.207 59.222 162.155C59.3142 162.103 59.3603 162.013 59.3603 161.885V161.858C59.3603 161.525 59.2692 161.266 59.087 161.082C58.9071 160.898 58.6338 160.805 58.2672 160.805C57.8871 160.805 57.5892 160.889 57.3732 161.055C57.1573 161.222 57.0055 161.399 56.9178 161.588L56.1621 161.318C56.2971 161.003 56.477 160.758 56.7019 160.583C56.9291 160.405 57.1764 160.281 57.4441 160.212C57.714 160.14 57.9794 160.104 58.2403 160.104C58.4067 160.104 58.5979 160.124 58.8138 160.164C59.0319 160.203 59.2422 160.283 59.4446 160.404C59.6493 160.525 59.8191 160.709 59.954 160.954C60.089 161.199 60.1564 161.527 60.1564 161.939V165.353H59.3603V164.651H59.3198C59.2658 164.764 59.1759 164.884 59.0499 165.012C58.924 165.14 58.7564 165.25 58.5472 165.34C58.3381 165.429 58.0828 165.474 57.7814 165.474ZM57.9029 164.759C58.2178 164.759 58.4831 164.697 58.6991 164.574C58.9172 164.45 59.0814 164.29 59.1916 164.095C59.3041 163.899 59.3603 163.693 59.3603 163.477V162.749C59.3265 162.789 59.2523 162.826 59.1376 162.86C59.0252 162.891 58.8947 162.92 58.7463 162.944C58.6001 162.967 58.4573 162.987 58.3178 163.005C58.1807 163.021 58.0693 163.034 57.9839 163.045C57.7769 163.072 57.5835 163.116 57.4036 163.177C57.2259 163.236 57.082 163.324 56.9718 163.444C56.8638 163.561 56.8099 163.72 56.8099 163.923C56.8099 164.199 56.9122 164.408 57.1168 164.55C57.3238 164.69 57.5858 164.759 57.9029 164.759ZM62.3518 163.464L62.3383 162.479H62.5002L64.7673 160.171H65.7524L63.3369 162.614H63.2694L62.3518 163.464ZM61.6096 165.353V158.444H62.4058V165.353H61.6096ZM64.9022 165.353L62.8781 162.789L63.4448 162.236L65.9143 165.353H64.9022ZM68.302 165.474C67.9736 165.474 67.6756 165.413 67.408 165.289C67.1403 165.163 66.9278 164.982 66.7703 164.746C66.6129 164.507 66.5342 164.22 66.5342 163.882C66.5342 163.585 66.5927 163.345 66.7096 163.16C66.8266 162.974 66.9829 162.827 67.1786 162.722C67.3742 162.616 67.5901 162.537 67.8263 162.485C68.0647 162.432 68.3042 162.389 68.5448 162.357C68.8597 162.317 69.115 162.286 69.3107 162.266C69.5086 162.244 69.6525 162.207 69.7425 162.155C69.8347 162.103 69.8808 162.013 69.8808 161.885V161.858C69.8808 161.525 69.7897 161.266 69.6075 161.082C69.4276 160.898 69.1543 160.805 68.7877 160.805C68.4077 160.805 68.1097 160.889 67.8937 161.055C67.6778 161.222 67.526 161.399 67.4383 161.588L66.6826 161.318C66.8176 161.003 66.9975 160.758 67.2224 160.583C67.4496 160.405 67.697 160.281 67.9646 160.212C68.2345 160.14 68.4999 160.104 68.7608 160.104C68.9272 160.104 69.1184 160.124 69.3343 160.164C69.5524 160.203 69.7627 160.283 69.9651 160.404C70.1698 160.525 70.3396 160.709 70.4745 160.954C70.6095 161.199 70.677 161.527 70.677 161.939V165.353H69.8808V164.651H69.8403C69.7863 164.764 69.6964 164.884 69.5704 165.012C69.4445 165.14 69.2769 165.25 69.0678 165.34C68.8586 165.429 68.6033 165.474 68.302 165.474ZM68.4234 164.759C68.7383 164.759 69.0037 164.697 69.2196 164.574C69.4377 164.45 69.6019 164.29 69.7121 164.095C69.8246 163.899 69.8808 163.693 69.8808 163.477V162.749C69.8471 162.789 69.7728 162.826 69.6581 162.86C69.5457 162.891 69.4152 162.92 69.2668 162.944C69.1206 162.967 68.9778 162.987 68.8384 163.005C68.7012 163.021 68.5898 163.034 68.5044 163.045C68.2975 163.072 68.104 163.116 67.9241 163.177C67.7464 163.236 67.6025 163.324 67.4923 163.444C67.3843 163.561 67.3304 163.72 67.3304 163.923C67.3304 164.199 67.4327 164.408 67.6374 164.55C67.8443 164.69 68.1063 164.759 68.4234 164.759ZM72.9263 162.236V165.353H72.1301V160.171H72.8993V160.981H72.9668C73.0882 160.718 73.2726 160.506 73.52 160.347C73.7674 160.185 74.0868 160.104 74.4781 160.104C74.829 160.104 75.136 160.176 75.3991 160.32C75.6623 160.461 75.8669 160.677 76.0131 160.967C76.1593 161.255 76.2324 161.62 76.2324 162.06V165.353H75.4362V162.114C75.4362 161.707 75.3305 161.39 75.1191 161.163C74.9077 160.934 74.6176 160.819 74.2487 160.819C73.9946 160.819 73.7674 160.874 73.5673 160.984C73.3693 161.094 73.213 161.255 73.0983 161.467C72.9836 161.678 72.9263 161.934 72.9263 162.236ZM81.5331 165.353L79.9543 160.171H80.7909L81.911 164.139H81.9649L83.0715 160.171H83.9216L85.0147 164.125H85.0686L86.1887 160.171H87.0253L85.4465 165.353H84.6638L83.5303 161.372H83.4493L82.3158 165.353H81.5331ZM88.0779 165.353V160.171H88.874V165.353H88.0779ZM88.4827 159.308C88.3275 159.308 88.1937 159.255 88.0812 159.149C87.971 159.043 87.9159 158.916 87.9159 158.768C87.9159 158.619 87.971 158.492 88.0812 158.387C88.1937 158.281 88.3275 158.228 88.4827 158.228C88.6379 158.228 88.7706 158.281 88.8808 158.387C88.9932 158.492 89.0495 158.619 89.0495 158.768C89.0495 158.916 88.9932 159.043 88.8808 159.149C88.7706 159.255 88.6379 159.308 88.4827 159.308ZM92.5858 160.171V160.846H89.9005V160.171H92.5858ZM90.6831 158.93H91.4793V163.869C91.4793 164.094 91.5119 164.262 91.5771 164.375C91.6446 164.485 91.7301 164.559 91.8335 164.597C91.9392 164.633 92.0505 164.651 92.1675 164.651C92.2552 164.651 92.3272 164.647 92.3834 164.638C92.4396 164.627 92.4846 164.618 92.5183 164.611L92.6803 165.326C92.6263 165.346 92.551 165.367 92.4543 165.387C92.3575 165.409 92.235 165.42 92.0865 165.42C91.8616 165.42 91.6412 165.372 91.4253 165.275C91.2116 165.179 91.034 165.031 90.8923 164.833C90.7528 164.636 90.6831 164.386 90.6831 164.085V158.93ZM94.6909 162.236V165.353H93.8948V158.444H94.6909V160.981H94.7584C94.8799 160.713 95.062 160.501 95.3049 160.343C95.5501 160.184 95.8762 160.104 96.2833 160.104C96.6364 160.104 96.9456 160.175 97.211 160.316C97.4764 160.456 97.6822 160.67 97.8284 160.961C97.9768 161.249 98.051 161.615 98.051 162.06V165.353H97.2549V162.114C97.2549 161.703 97.148 161.385 96.9344 161.16C96.723 160.933 96.4295 160.819 96.0539 160.819C95.793 160.819 95.5591 160.874 95.3522 160.984C95.1475 161.094 94.9856 161.255 94.8664 161.467C94.7494 161.678 94.6909 161.934 94.6909 162.236ZM102.287 165.353V158.444H104.622C105.164 158.444 105.607 158.542 105.951 158.737C106.297 158.931 106.554 159.193 106.72 159.523C106.887 159.854 106.97 160.223 106.97 160.63C106.97 161.037 106.887 161.407 106.72 161.74C106.556 162.073 106.302 162.338 105.958 162.536C105.614 162.732 105.173 162.83 104.635 162.83H102.962V162.087H104.608C104.98 162.087 105.278 162.023 105.502 161.895C105.727 161.767 105.89 161.594 105.992 161.376C106.095 161.155 106.147 160.907 106.147 160.63C106.147 160.353 106.095 160.106 105.992 159.888C105.89 159.67 105.726 159.499 105.499 159.375C105.272 159.249 104.971 159.186 104.595 159.186H103.124V165.353H102.287ZM109.006 158.444V165.353H108.21V158.444H109.006ZM111.989 165.474C111.661 165.474 111.363 165.413 111.095 165.289C110.827 165.163 110.615 164.982 110.457 164.746C110.3 164.507 110.221 164.22 110.221 163.882C110.221 163.585 110.28 163.345 110.397 163.16C110.514 162.974 110.67 162.827 110.866 162.722C111.061 162.616 111.277 162.537 111.513 162.485C111.752 162.432 111.991 162.389 112.232 162.357C112.547 162.317 112.802 162.286 112.998 162.266C113.196 162.244 113.34 162.207 113.429 162.155C113.522 162.103 113.568 162.013 113.568 161.885V161.858C113.568 161.525 113.477 161.266 113.295 161.082C113.115 160.898 112.841 160.805 112.475 160.805C112.095 160.805 111.797 160.889 111.581 161.055C111.365 161.222 111.213 161.399 111.125 161.588L110.37 161.318C110.505 161.003 110.685 160.758 110.909 160.583C111.137 160.405 111.384 160.281 111.652 160.212C111.921 160.14 112.187 160.104 112.448 160.104C112.614 160.104 112.805 160.124 113.021 160.164C113.239 160.203 113.45 160.283 113.652 160.404C113.857 160.525 114.027 160.709 114.162 160.954C114.296 161.199 114.364 161.527 114.364 161.939V165.353H113.568V164.651H113.527C113.473 164.764 113.383 164.884 113.257 165.012C113.131 165.14 112.964 165.25 112.755 165.34C112.546 165.429 112.29 165.474 111.989 165.474ZM112.11 164.759C112.425 164.759 112.691 164.697 112.907 164.574C113.125 164.45 113.289 164.29 113.399 164.095C113.512 163.899 113.568 163.693 113.568 163.477V162.749C113.534 162.789 113.46 162.826 113.345 162.86C113.233 162.891 113.102 162.92 112.954 162.944C112.808 162.967 112.665 162.987 112.525 163.005C112.388 163.021 112.277 163.034 112.191 163.045C111.984 163.072 111.791 163.116 111.611 163.177C111.433 163.236 111.29 163.324 111.179 163.444C111.071 163.561 111.017 163.72 111.017 163.923C111.017 164.199 111.12 164.408 111.324 164.55C111.531 164.69 111.793 164.759 112.11 164.759ZM116.144 167.296C116.009 167.296 115.889 167.285 115.783 167.262C115.678 167.242 115.605 167.222 115.564 167.202L115.767 166.5C115.96 166.55 116.131 166.568 116.279 166.554C116.428 166.541 116.559 166.474 116.674 166.355C116.791 166.238 116.898 166.048 116.995 165.785L117.143 165.38L115.227 160.171H116.09L117.521 164.3H117.575L119.005 160.171H119.869L117.669 166.109C117.57 166.376 117.448 166.598 117.302 166.773C117.155 166.951 116.986 167.083 116.792 167.168C116.601 167.253 116.385 167.296 116.144 167.296ZM122.094 165.353L120.515 160.171H121.351L122.472 164.139H122.525L123.632 160.171H124.482L125.575 164.125H125.629L126.749 160.171H127.586L126.007 165.353H125.224L124.091 161.372H124.01L122.876 165.353H122.094ZM128.638 165.353V160.171H129.408V160.954H129.462C129.556 160.697 129.727 160.489 129.974 160.33C130.222 160.17 130.501 160.09 130.811 160.09C130.869 160.09 130.943 160.091 131.03 160.094C131.118 160.096 131.184 160.099 131.229 160.104V160.913C131.202 160.907 131.14 160.897 131.044 160.883C130.949 160.867 130.849 160.859 130.744 160.859C130.492 160.859 130.267 160.912 130.069 161.018C129.873 161.121 129.718 161.265 129.603 161.45C129.491 161.632 129.435 161.84 129.435 162.074V165.353H128.638ZM132.173 165.353V160.171H132.969V165.353H132.173ZM132.578 159.308C132.423 159.308 132.289 159.255 132.176 159.149C132.066 159.043 132.011 158.916 132.011 158.768C132.011 158.619 132.066 158.492 132.176 158.387C132.289 158.281 132.423 158.228 132.578 158.228C132.733 158.228 132.866 158.281 132.976 158.387C133.088 158.492 133.145 158.619 133.145 158.768C133.145 158.916 133.088 159.043 132.976 159.149C132.866 159.255 132.733 159.308 132.578 159.308ZM136.519 167.404C136.135 167.404 135.804 167.355 135.527 167.256C135.251 167.159 135.02 167.031 134.836 166.871C134.654 166.714 134.508 166.545 134.4 166.365L135.035 165.92C135.107 166.014 135.198 166.122 135.308 166.244C135.418 166.367 135.569 166.474 135.76 166.564C135.953 166.656 136.206 166.702 136.519 166.702C136.937 166.702 137.283 166.601 137.555 166.399C137.827 166.196 137.963 165.879 137.963 165.447V164.395H137.896C137.837 164.489 137.754 164.606 137.646 164.746C137.54 164.883 137.387 165.006 137.187 165.114C136.989 165.219 136.722 165.272 136.384 165.272C135.966 165.272 135.59 165.173 135.257 164.975C134.927 164.777 134.665 164.489 134.471 164.112C134.28 163.734 134.185 163.275 134.185 162.735C134.185 162.204 134.278 161.742 134.465 161.349C134.651 160.953 134.911 160.647 135.244 160.431C135.577 160.213 135.961 160.104 136.398 160.104C136.735 160.104 137.003 160.16 137.201 160.272C137.401 160.383 137.554 160.509 137.659 160.65C137.767 160.79 137.851 160.904 137.909 160.994H137.99V160.171H138.759V165.501C138.759 165.947 138.658 166.309 138.456 166.588C138.255 166.869 137.985 167.075 137.646 167.205C137.309 167.338 136.933 167.404 136.519 167.404ZM136.492 164.557C136.811 164.557 137.081 164.484 137.302 164.338C137.522 164.191 137.69 163.981 137.804 163.707C137.919 163.432 137.976 163.104 137.976 162.722C137.976 162.348 137.92 162.019 137.808 161.733C137.695 161.448 137.529 161.224 137.309 161.062C137.088 160.9 136.816 160.819 136.492 160.819C136.155 160.819 135.874 160.904 135.649 161.075C135.426 161.246 135.259 161.476 135.146 161.764C135.036 162.051 134.981 162.371 134.981 162.722C134.981 163.081 135.037 163.4 135.149 163.676C135.264 163.951 135.433 164.167 135.655 164.324C135.88 164.479 136.159 164.557 136.492 164.557ZM141.013 162.236V165.353H140.217V158.444H141.013V160.981H141.08C141.202 160.713 141.384 160.501 141.627 160.343C141.872 160.184 142.198 160.104 142.605 160.104C142.958 160.104 143.267 160.175 143.533 160.316C143.798 160.456 144.004 160.67 144.15 160.961C144.299 161.249 144.373 161.615 144.373 162.06V165.353H143.577V162.114C143.577 161.703 143.47 161.385 143.256 161.16C143.045 160.933 142.751 160.819 142.376 160.819C142.115 160.819 141.881 160.874 141.674 160.984C141.469 161.094 141.307 161.255 141.188 161.467C141.071 161.678 141.013 161.934 141.013 162.236ZM148.083 160.171V160.846H145.398V160.171H148.083ZM146.18 158.93H146.976V163.869C146.976 164.094 147.009 164.262 147.074 164.375C147.142 164.485 147.227 164.559 147.331 164.597C147.436 164.633 147.548 164.651 147.665 164.651C147.752 164.651 147.824 164.647 147.88 164.638C147.937 164.627 147.982 164.618 148.015 164.611L148.177 165.326C148.123 165.346 148.048 165.367 147.951 165.387C147.855 165.409 147.732 165.42 147.584 165.42C147.359 165.42 147.138 165.372 146.922 165.275C146.709 165.179 146.531 165.031 146.389 164.833C146.25 164.636 146.18 164.386 146.18 164.085V158.93ZM152.236 161.898C152.236 161.048 152.346 160.267 152.566 159.554C152.789 158.839 153.106 158.181 153.518 157.58H154.219C154.058 157.803 153.906 158.077 153.764 158.403C153.625 158.727 153.502 159.084 153.396 159.473C153.291 159.86 153.207 160.26 153.147 160.674C153.088 161.088 153.059 161.496 153.059 161.898C153.059 162.434 153.111 162.977 153.214 163.528C153.318 164.079 153.457 164.591 153.632 165.063C153.808 165.535 154.004 165.92 154.219 166.217H153.518C153.106 165.616 152.789 164.959 152.566 164.246C152.346 163.531 152.236 162.749 152.236 161.898ZM158.147 158.444H158.984V163.383C158.984 163.824 158.903 164.198 158.741 164.506C158.579 164.814 158.351 165.048 158.056 165.208C157.761 165.368 157.414 165.447 157.014 165.447C156.636 165.447 156.3 165.379 156.005 165.242C155.71 165.102 155.479 164.904 155.31 164.648C155.141 164.392 155.057 164.087 155.057 163.734H155.88C155.88 163.929 155.928 164.1 156.025 164.246C156.124 164.39 156.259 164.503 156.43 164.584C156.601 164.665 156.795 164.705 157.014 164.705C157.254 164.705 157.459 164.655 157.628 164.553C157.796 164.452 157.924 164.304 158.012 164.108C158.102 163.91 158.147 163.668 158.147 163.383V158.444ZM162.077 165.474C161.749 165.474 161.451 165.413 161.183 165.289C160.916 165.163 160.703 164.982 160.546 164.746C160.388 164.507 160.31 164.22 160.31 163.882C160.31 163.585 160.368 163.345 160.485 163.16C160.602 162.974 160.758 162.827 160.954 162.722C161.15 162.616 161.366 162.537 161.602 162.485C161.84 162.432 162.08 162.389 162.32 162.357C162.635 162.317 162.89 162.286 163.086 162.266C163.284 162.244 163.428 162.207 163.518 162.155C163.61 162.103 163.656 162.013 163.656 161.885V161.858C163.656 161.525 163.565 161.266 163.383 161.082C163.203 160.898 162.93 160.805 162.563 160.805C162.183 160.805 161.885 160.889 161.669 161.055C161.453 161.222 161.301 161.399 161.214 161.588L160.458 161.318C160.593 161.003 160.773 160.758 160.998 160.583C161.225 160.405 161.472 160.281 161.74 160.212C162.01 160.14 162.275 160.104 162.536 160.104C162.703 160.104 162.894 160.124 163.11 160.164C163.328 160.203 163.538 160.283 163.741 160.404C163.945 160.525 164.115 160.709 164.25 160.954C164.385 161.199 164.452 161.527 164.452 161.939V165.353H163.656V164.651H163.616C163.562 164.764 163.472 164.884 163.346 165.012C163.22 165.14 163.052 165.25 162.843 165.34C162.634 165.429 162.379 165.474 162.077 165.474ZM162.199 164.759C162.514 164.759 162.779 164.697 162.995 164.574C163.213 164.45 163.377 164.29 163.487 164.095C163.6 163.899 163.656 163.693 163.656 163.477V162.749C163.622 162.789 163.548 162.826 163.434 162.86C163.321 162.891 163.191 162.92 163.042 162.944C162.896 162.967 162.753 162.987 162.614 163.005C162.477 163.021 162.365 163.034 162.28 163.045C162.073 163.072 161.879 163.116 161.7 163.177C161.522 163.236 161.378 163.324 161.268 163.444C161.16 163.561 161.106 163.72 161.106 163.923C161.106 164.199 161.208 164.408 161.413 164.55C161.62 164.69 161.882 164.759 162.199 164.759ZM169.957 160.171L168.041 165.353H167.231L165.315 160.171H166.179L167.609 164.3H167.663L169.094 160.171H169.957ZM172.375 165.474C172.047 165.474 171.749 165.413 171.481 165.289C171.214 165.163 171.001 164.982 170.844 164.746C170.686 164.507 170.607 164.22 170.607 163.882C170.607 163.585 170.666 163.345 170.783 163.16C170.9 162.974 171.056 162.827 171.252 162.722C171.447 162.616 171.663 162.537 171.9 162.485C172.138 162.432 172.377 162.389 172.618 162.357C172.933 162.317 173.188 162.286 173.384 162.266C173.582 162.244 173.726 162.207 173.816 162.155C173.908 162.103 173.954 162.013 173.954 161.885V161.858C173.954 161.525 173.863 161.266 173.681 161.082C173.501 160.898 173.228 160.805 172.861 160.805C172.481 160.805 172.183 160.889 171.967 161.055C171.751 161.222 171.599 161.399 171.512 161.588L170.756 161.318C170.891 161.003 171.071 160.758 171.296 160.583C171.523 160.405 171.77 160.281 172.038 160.212C172.308 160.14 172.573 160.104 172.834 160.104C173 160.104 173.192 160.124 173.408 160.164C173.626 160.203 173.836 160.283 174.038 160.404C174.243 160.525 174.413 160.709 174.548 160.954C174.683 161.199 174.75 161.527 174.75 161.939V165.353H173.954V164.651H173.914C173.86 164.764 173.77 164.884 173.644 165.012C173.518 165.14 173.35 165.25 173.141 165.34C172.932 165.429 172.677 165.474 172.375 165.474ZM172.497 164.759C172.812 164.759 173.077 164.697 173.293 164.574C173.511 164.45 173.675 164.29 173.785 164.095C173.898 163.899 173.954 163.693 173.954 163.477V162.749C173.92 162.789 173.846 162.826 173.731 162.86C173.619 162.891 173.488 162.92 173.34 162.944C173.194 162.967 173.051 162.987 172.912 163.005C172.774 163.021 172.663 163.034 172.578 163.045C172.371 163.072 172.177 163.116 171.997 163.177C171.82 163.236 171.676 163.324 171.566 163.444C171.458 163.561 171.404 163.72 171.404 163.923C171.404 164.199 171.506 164.408 171.711 164.55C171.918 164.69 172.18 164.759 172.497 164.759ZM180.09 160.171C180.049 159.829 179.885 159.564 179.597 159.375C179.309 159.186 178.956 159.092 178.538 159.092C178.232 159.092 177.964 159.141 177.735 159.24C177.508 159.339 177.33 159.475 177.202 159.648C177.076 159.821 177.013 160.018 177.013 160.239C177.013 160.423 177.057 160.582 177.145 160.714C177.235 160.845 177.349 160.954 177.489 161.042C177.628 161.127 177.774 161.198 177.927 161.254C178.08 161.308 178.221 161.352 178.349 161.386L179.051 161.575C179.231 161.622 179.431 161.687 179.651 161.77C179.874 161.854 180.086 161.967 180.289 162.111C180.493 162.253 180.662 162.435 180.795 162.658C180.927 162.88 180.994 163.153 180.994 163.477C180.994 163.851 180.896 164.188 180.7 164.489C180.507 164.791 180.224 165.03 179.85 165.208C179.479 165.386 179.028 165.474 178.497 165.474C178.003 165.474 177.574 165.395 177.212 165.235C176.852 165.075 176.569 164.853 176.362 164.567C176.157 164.281 176.041 163.95 176.014 163.572H176.878C176.901 163.833 176.988 164.049 177.141 164.22C177.296 164.388 177.492 164.514 177.728 164.597C177.967 164.678 178.223 164.719 178.497 164.719C178.817 164.719 179.104 164.667 179.358 164.564C179.612 164.458 179.813 164.312 179.962 164.125C180.11 163.936 180.184 163.716 180.184 163.464C180.184 163.234 180.12 163.048 179.992 162.904C179.864 162.76 179.695 162.643 179.486 162.553C179.277 162.463 179.051 162.384 178.808 162.317L177.958 162.074C177.418 161.919 176.991 161.697 176.676 161.409C176.361 161.121 176.203 160.745 176.203 160.279C176.203 159.892 176.308 159.555 176.517 159.267C176.729 158.977 177.012 158.752 177.367 158.592C177.725 158.43 178.124 158.349 178.565 158.349C179.01 158.349 179.406 158.429 179.752 158.589C180.099 158.746 180.373 158.962 180.576 159.237C180.78 159.511 180.888 159.823 180.899 160.171H180.09ZM184.367 165.461C183.881 165.461 183.462 165.346 183.112 165.117C182.761 164.887 182.491 164.571 182.302 164.169C182.113 163.766 182.019 163.306 182.019 162.789C182.019 162.263 182.115 161.798 182.309 161.396C182.504 160.991 182.777 160.675 183.125 160.448C183.476 160.218 183.885 160.104 184.353 160.104C184.717 160.104 185.046 160.171 185.338 160.306C185.631 160.441 185.87 160.63 186.057 160.873C186.243 161.116 186.359 161.399 186.404 161.723H185.608C185.547 161.487 185.412 161.278 185.203 161.096C184.996 160.911 184.717 160.819 184.367 160.819C184.056 160.819 183.784 160.9 183.55 161.062C183.319 161.222 183.137 161.448 183.007 161.74C182.879 162.03 182.815 162.371 182.815 162.762C182.815 163.162 182.878 163.511 183.004 163.808C183.132 164.105 183.312 164.335 183.543 164.5C183.777 164.664 184.052 164.746 184.367 164.746C184.573 164.746 184.761 164.71 184.93 164.638C185.099 164.566 185.241 164.462 185.358 164.327C185.475 164.193 185.559 164.031 185.608 163.842H186.404C186.359 164.148 186.248 164.423 186.07 164.668C185.895 164.911 185.662 165.105 185.372 165.248C185.084 165.39 184.749 165.461 184.367 165.461ZM187.568 165.353V160.171H188.337V160.954H188.391C188.486 160.697 188.657 160.489 188.904 160.33C189.151 160.17 189.43 160.09 189.741 160.09C189.799 160.09 189.872 160.091 189.96 160.094C190.048 160.096 190.114 160.099 190.159 160.104V160.913C190.132 160.907 190.07 160.897 189.973 160.883C189.879 160.867 189.779 160.859 189.673 160.859C189.421 160.859 189.196 160.912 188.999 161.018C188.803 161.121 188.648 161.265 188.533 161.45C188.421 161.632 188.364 161.84 188.364 162.074V165.353H187.568ZM191.103 165.353V160.171H191.899V165.353H191.103ZM191.508 159.308C191.352 159.308 191.219 159.255 191.106 159.149C190.996 159.043 190.941 158.916 190.941 158.768C190.941 158.619 190.996 158.492 191.106 158.387C191.219 158.281 191.352 158.228 191.508 158.228C191.663 158.228 191.795 158.281 191.906 158.387C192.018 158.492 192.074 158.619 192.074 158.768C192.074 158.916 192.018 159.043 191.906 159.149C191.795 159.255 191.663 159.308 191.508 159.308ZM193.357 167.296V160.171H194.126V160.994H194.221C194.279 160.904 194.36 160.79 194.464 160.65C194.569 160.509 194.72 160.383 194.916 160.272C195.114 160.16 195.381 160.104 195.719 160.104C196.155 160.104 196.54 160.213 196.872 160.431C197.205 160.649 197.465 160.958 197.652 161.359C197.838 161.759 197.932 162.231 197.932 162.776C197.932 163.324 197.838 163.8 197.652 164.203C197.465 164.603 197.206 164.913 196.876 165.134C196.545 165.352 196.164 165.461 195.732 165.461C195.399 165.461 195.133 165.406 194.933 165.296C194.732 165.183 194.578 165.056 194.47 164.914C194.362 164.771 194.279 164.651 194.221 164.557H194.153V167.296H193.357ZM194.14 162.762C194.14 163.153 194.197 163.499 194.312 163.798C194.427 164.095 194.594 164.327 194.815 164.496C195.035 164.663 195.305 164.746 195.624 164.746C195.957 164.746 196.235 164.658 196.457 164.483C196.682 164.305 196.851 164.067 196.964 163.767C197.078 163.466 197.136 163.131 197.136 162.762C197.136 162.398 197.079 162.069 196.967 161.777C196.857 161.482 196.689 161.25 196.464 161.079C196.242 160.906 195.962 160.819 195.624 160.819C195.3 160.819 195.028 160.901 194.808 161.065C194.587 161.227 194.421 161.454 194.309 161.747C194.196 162.037 194.14 162.375 194.14 162.762ZM201.4 160.171V160.846H198.714V160.171H201.4ZM199.497 158.93H200.293V163.869C200.293 164.094 200.326 164.262 200.391 164.375C200.459 164.485 200.544 164.559 200.647 164.597C200.753 164.633 200.865 164.651 200.981 164.651C201.069 164.651 201.141 164.647 201.197 164.638C201.254 164.627 201.299 164.618 201.332 164.611L201.494 165.326C201.44 165.346 201.365 165.367 201.268 165.387C201.172 165.409 201.049 165.42 200.9 165.42C200.676 165.42 200.455 165.372 200.239 165.275C200.026 165.179 199.848 165.031 199.706 164.833C199.567 164.636 199.497 164.386 199.497 164.085V158.93ZM204.298 162.438C204.298 163.288 204.186 164.071 203.964 164.786C203.743 165.499 203.427 166.156 203.016 166.756H202.314C202.476 166.534 202.627 166.259 202.766 165.933C202.908 165.609 203.031 165.254 203.137 164.867C203.243 164.478 203.325 164.077 203.383 163.663C203.444 163.247 203.475 162.839 203.475 162.438C203.475 161.903 203.423 161.36 203.319 160.809C203.216 160.258 203.076 159.746 202.901 159.274C202.726 158.802 202.53 158.417 202.314 158.12H203.016C203.427 158.721 203.743 159.378 203.964 160.094C204.186 160.807 204.298 161.588 204.298 162.438ZM210.236 165.474C209.908 165.474 209.61 165.413 209.342 165.289C209.074 165.163 208.862 164.982 208.704 164.746C208.547 164.507 208.468 164.22 208.468 163.882C208.468 163.585 208.527 163.345 208.644 163.16C208.761 162.974 208.917 162.827 209.113 162.722C209.308 162.616 209.524 162.537 209.76 162.485C209.999 162.432 210.238 162.389 210.479 162.357C210.794 162.317 211.049 162.286 211.245 162.266C211.443 162.244 211.587 162.207 211.677 162.155C211.769 162.103 211.815 162.013 211.815 161.885V161.858C211.815 161.525 211.724 161.266 211.542 161.082C211.362 160.898 211.088 160.805 210.722 160.805C210.342 160.805 210.044 160.889 209.828 161.055C209.612 161.222 209.46 161.399 209.372 161.588L208.617 161.318C208.752 161.003 208.932 160.758 209.156 160.583C209.384 160.405 209.631 160.281 209.899 160.212C210.169 160.14 210.434 160.104 210.695 160.104C210.861 160.104 211.052 160.124 211.268 160.164C211.487 160.203 211.697 160.283 211.899 160.404C212.104 160.525 212.274 160.709 212.409 160.954C212.544 161.199 212.611 161.527 212.611 161.939V165.353H211.815V164.651H211.774C211.72 164.764 211.63 164.884 211.505 165.012C211.379 165.14 211.211 165.25 211.002 165.34C210.793 165.429 210.537 165.474 210.236 165.474ZM210.357 164.759C210.672 164.759 210.938 164.697 211.154 164.574C211.372 164.45 211.536 164.29 211.646 164.095C211.759 163.899 211.815 163.693 211.815 163.477V162.749C211.781 162.789 211.707 162.826 211.592 162.86C211.48 162.891 211.349 162.92 211.201 162.944C211.055 162.967 210.912 162.987 210.772 163.005C210.635 163.021 210.524 163.034 210.438 163.045C210.232 163.072 210.038 163.116 209.858 163.177C209.681 163.236 209.537 163.324 209.426 163.444C209.318 163.561 209.264 163.72 209.264 163.923C209.264 164.199 209.367 164.408 209.571 164.55C209.778 164.69 210.04 164.759 210.357 164.759ZM214.86 162.236V165.353H214.064V160.171H214.833V160.981H214.901C215.022 160.718 215.207 160.506 215.454 160.347C215.702 160.185 216.021 160.104 216.412 160.104C216.763 160.104 217.07 160.176 217.333 160.32C217.596 160.461 217.801 160.677 217.947 160.967C218.093 161.255 218.166 161.62 218.166 162.06V165.353H217.37V162.114C217.37 161.707 217.265 161.39 217.053 161.163C216.842 160.934 216.552 160.819 216.183 160.819C215.929 160.819 215.702 160.874 215.501 160.984C215.303 161.094 215.147 161.255 215.032 161.467C214.918 161.678 214.86 161.934 214.86 162.236ZM221.578 165.461C221.146 165.461 220.765 165.352 220.434 165.134C220.104 164.913 219.845 164.603 219.658 164.203C219.472 163.8 219.378 163.324 219.378 162.776C219.378 162.231 219.472 161.759 219.658 161.359C219.845 160.958 220.105 160.649 220.438 160.431C220.771 160.213 221.155 160.104 221.592 160.104C221.929 160.104 222.195 160.16 222.391 160.272C222.589 160.383 222.74 160.509 222.843 160.65C222.949 160.79 223.031 160.904 223.089 160.994H223.157V158.444H223.953V165.353H223.184V164.557H223.089C223.031 164.651 222.948 164.771 222.84 164.914C222.732 165.056 222.578 165.183 222.378 165.296C222.177 165.406 221.911 165.461 221.578 165.461ZM221.686 164.746C222.005 164.746 222.275 164.663 222.496 164.496C222.716 164.327 222.884 164.095 222.998 163.798C223.113 163.499 223.17 163.153 223.17 162.762C223.17 162.375 223.114 162.037 223.002 161.747C222.889 161.454 222.723 161.227 222.502 161.065C222.282 160.901 222.01 160.819 221.686 160.819C221.349 160.819 221.067 160.906 220.843 161.079C220.62 161.25 220.452 161.482 220.34 161.777C220.23 162.069 220.175 162.398 220.175 162.762C220.175 163.131 220.231 163.466 220.343 163.767C220.458 164.067 220.627 164.305 220.849 164.483C221.074 164.658 221.353 164.746 221.686 164.746ZM33.5524 171.603C33.4782 171.376 33.3803 171.172 33.2589 170.992C33.1397 170.81 32.9969 170.655 32.8305 170.527C32.6663 170.399 32.4796 170.301 32.2704 170.233C32.0613 170.166 31.8319 170.132 31.5822 170.132C31.1729 170.132 30.8007 170.238 30.4656 170.449C30.1305 170.661 29.8639 170.972 29.666 171.384C29.4681 171.795 29.3692 172.3 29.3692 172.898C29.3692 173.497 29.4692 174.002 29.6694 174.413C29.8696 174.825 30.1406 175.136 30.4824 175.348C30.8243 175.559 31.2089 175.665 31.6362 175.665C32.032 175.665 32.3806 175.58 32.682 175.412C32.9856 175.241 33.2218 175 33.3905 174.69C33.5614 174.377 33.6469 174.01 33.6469 173.587L33.9032 173.641H31.8251V172.898H34.4565V173.641C34.4565 174.21 34.3351 174.704 34.0922 175.125C33.8515 175.546 33.5187 175.872 33.0936 176.103C32.6708 176.333 32.185 176.447 31.6362 176.447C31.0245 176.447 30.4869 176.304 30.0236 176.016C29.5626 175.728 29.2027 175.318 28.9441 174.788C28.6877 174.257 28.5595 173.627 28.5595 172.898C28.5595 172.352 28.6326 171.861 28.7788 171.424C28.9272 170.986 29.1364 170.612 29.4063 170.304C29.6762 169.996 29.9955 169.76 30.3644 169.596C30.7332 169.432 31.1392 169.349 31.5822 169.349C31.9466 169.349 32.2862 169.405 32.601 169.515C32.9182 169.623 33.2004 169.777 33.4478 169.977C33.6975 170.175 33.9055 170.412 34.0719 170.689C34.2384 170.963 34.3531 171.268 34.416 171.603H33.5524ZM36.1062 176.353V171.171H36.9024V176.353H36.1062ZM36.511 170.308C36.3558 170.308 36.222 170.255 36.1096 170.149C35.9994 170.043 35.9443 169.916 35.9443 169.768C35.9443 169.619 35.9994 169.492 36.1096 169.387C36.222 169.281 36.3558 169.228 36.511 169.228C36.6662 169.228 36.7989 169.281 36.9091 169.387C37.0216 169.492 37.0778 169.619 37.0778 169.768C37.0778 169.916 37.0216 170.043 36.9091 170.149C36.7989 170.255 36.6662 170.308 36.511 170.308ZM40.6141 171.171V171.846H37.9288V171.171H40.6141ZM38.7114 169.93H39.5076V174.869C39.5076 175.094 39.5402 175.262 39.6054 175.375C39.6729 175.485 39.7584 175.559 39.8618 175.597C39.9675 175.633 40.0789 175.651 40.1958 175.651C40.2835 175.651 40.3555 175.647 40.4117 175.638C40.468 175.627 40.5129 175.618 40.5467 175.611L40.7086 176.326C40.6546 176.346 40.5793 176.367 40.4826 176.387C40.3859 176.409 40.2633 176.42 40.1149 176.42C39.8899 176.42 39.6695 176.372 39.4536 176.275C39.24 176.179 39.0623 176.031 38.9206 175.833C38.7812 175.636 38.7114 175.386 38.7114 175.085V169.93ZM42.031 176.353V169.444H42.8677V172.521H46.5516V169.444H47.3883V176.353H46.5516V173.263H42.8677V176.353H42.031ZM52.2209 174.234V171.171H53.0171V176.353H52.2209V175.476H52.167C52.0455 175.739 51.8566 175.963 51.6002 176.147C51.3438 176.329 51.0199 176.42 50.6286 176.42C50.3047 176.42 50.0169 176.35 49.765 176.208C49.5131 176.064 49.3152 175.848 49.1712 175.56C49.0273 175.27 48.9553 174.905 48.9553 174.464V171.171H49.7515V174.41C49.7515 174.788 49.8572 175.089 50.0686 175.314C50.2823 175.539 50.5544 175.651 50.885 175.651C51.0829 175.651 51.2842 175.601 51.4889 175.5C51.6958 175.398 51.869 175.243 52.0084 175.034C52.1501 174.825 52.2209 174.558 52.2209 174.234ZM54.5833 176.353V169.444H55.3795V171.994H55.4469C55.5054 171.904 55.5864 171.79 55.6898 171.65C55.7955 171.509 55.9462 171.383 56.1419 171.272C56.3398 171.16 56.6074 171.104 56.9448 171.104C57.3811 171.104 57.7657 171.213 58.0986 171.431C58.4314 171.649 58.6912 171.958 58.8779 172.359C59.0645 172.759 59.1579 173.231 59.1579 173.776C59.1579 174.324 59.0645 174.8 58.8779 175.203C58.6912 175.603 58.4325 175.913 58.1019 176.134C57.7713 176.352 57.3901 176.461 56.9583 176.461C56.6254 176.461 56.3589 176.406 56.1588 176.296C55.9586 176.183 55.8045 176.056 55.6966 175.914C55.5886 175.771 55.5054 175.651 55.4469 175.557H55.3525V176.353H54.5833ZM55.366 173.762C55.366 174.153 55.4233 174.499 55.538 174.798C55.6527 175.095 55.8203 175.327 56.0407 175.496C56.2611 175.663 56.531 175.746 56.8503 175.746C57.1832 175.746 57.461 175.658 57.6836 175.483C57.9085 175.305 58.0772 175.067 58.1896 174.767C58.3043 174.466 58.3617 174.131 58.3617 173.762C58.3617 173.398 58.3055 173.069 58.193 172.777C58.0828 172.482 57.9153 172.25 57.6904 172.079C57.4677 171.906 57.1877 171.819 56.8503 171.819C56.5265 171.819 56.2543 171.901 56.0339 172.065C55.8135 172.227 55.6471 172.454 55.5346 172.747C55.4222 173.037 55.366 173.375 55.366 173.762ZM63.4389 176.353H62.5618L65.0987 169.444H65.9624L68.4993 176.353H67.6222L65.5575 170.537H65.5036L63.4389 176.353ZM63.7628 173.654H67.2983V174.396H63.7628V173.654ZM71.5726 176.461C71.0868 176.461 70.6685 176.346 70.3177 176.117C69.9668 175.887 69.6969 175.571 69.508 175.169C69.3191 174.766 69.2246 174.306 69.2246 173.789C69.2246 173.263 69.3213 172.798 69.5148 172.396C69.7104 171.991 69.9826 171.675 70.3312 171.448C70.682 171.218 71.0913 171.104 71.5591 171.104C71.9235 171.104 72.2519 171.171 72.5442 171.306C72.8366 171.441 73.0761 171.63 73.2628 171.873C73.4495 172.116 73.5653 172.399 73.6103 172.723H72.8141C72.7534 172.487 72.6184 172.278 72.4093 172.096C72.2024 171.911 71.9235 171.819 71.5726 171.819C71.2623 171.819 70.9901 171.9 70.7562 172.062C70.5246 172.222 70.3435 172.448 70.2131 172.74C70.0849 173.03 70.0208 173.371 70.0208 173.762C70.0208 174.162 70.0838 174.511 70.2097 174.808C70.3379 175.105 70.5178 175.335 70.7495 175.5C70.9834 175.664 71.2578 175.746 71.5726 175.746C71.7796 175.746 71.9673 175.71 72.136 175.638C72.3047 175.566 72.4475 175.462 72.5645 175.327C72.6814 175.193 72.7646 175.031 72.8141 174.842H73.6103C73.5653 175.148 73.454 175.423 73.2763 175.668C73.1009 175.911 72.8681 176.105 72.578 176.248C72.2901 176.39 71.955 176.461 71.5726 176.461ZM77.0277 171.171V171.846H74.3423V171.171H77.0277ZM75.125 169.93H75.9212V174.869C75.9212 175.094 75.9538 175.262 76.019 175.375C76.0865 175.485 76.172 175.559 76.2754 175.597C76.3811 175.633 76.4924 175.651 76.6094 175.651C76.6971 175.651 76.7691 175.647 76.8253 175.638C76.8815 175.627 76.9265 175.618 76.9602 175.611L77.1222 176.326C77.0682 176.346 76.9929 176.367 76.8961 176.387C76.7994 176.409 76.6769 176.42 76.5284 176.42C76.3035 176.42 76.0831 176.372 75.8672 176.275C75.6535 176.179 75.4759 176.031 75.3342 175.833C75.1947 175.636 75.125 175.386 75.125 175.085V169.93ZM78.2253 176.353V171.171H79.0215V176.353H78.2253ZM78.6302 170.308C78.475 170.308 78.3412 170.255 78.2287 170.149C78.1185 170.043 78.0634 169.916 78.0634 169.768C78.0634 169.619 78.1185 169.492 78.2287 169.387C78.3412 169.281 78.475 169.228 78.6302 169.228C78.7854 169.228 78.918 169.281 79.0282 169.387C79.1407 169.492 79.1969 169.619 79.1969 169.768C79.1969 169.916 79.1407 170.043 79.0282 170.149C78.918 170.255 78.7854 170.308 78.6302 170.308ZM82.5848 176.461C82.117 176.461 81.7066 176.35 81.3535 176.127C81.0026 175.904 80.7283 175.593 80.5303 175.193C80.3347 174.792 80.2368 174.324 80.2368 173.789C80.2368 173.249 80.3347 172.778 80.5303 172.376C80.7283 171.973 81.0026 171.66 81.3535 171.438C81.7066 171.215 82.117 171.104 82.5848 171.104C83.0526 171.104 83.462 171.215 83.8128 171.438C84.1659 171.66 84.4403 171.973 84.636 172.376C84.8339 172.778 84.9329 173.249 84.9329 173.789C84.9329 174.324 84.8339 174.792 84.636 175.193C84.4403 175.593 84.1659 175.904 83.8128 176.127C83.462 176.35 83.0526 176.461 82.5848 176.461ZM82.5848 175.746C82.9402 175.746 83.2326 175.655 83.462 175.473C83.6914 175.29 83.8612 175.051 83.9714 174.754C84.0816 174.457 84.1367 174.135 84.1367 173.789C84.1367 173.443 84.0816 173.12 83.9714 172.821C83.8612 172.522 83.6914 172.28 83.462 172.096C83.2326 171.911 82.9402 171.819 82.5848 171.819C82.2295 171.819 81.9371 171.911 81.7077 172.096C81.4783 172.28 81.3085 172.522 81.1983 172.821C81.0881 173.12 81.033 173.443 81.033 173.789C81.033 174.135 81.0881 174.457 81.1983 174.754C81.3085 175.051 81.4783 175.29 81.7077 175.473C81.9371 175.655 82.2295 175.746 82.5848 175.746ZM86.9444 173.236V176.353H86.1482V171.171H86.9174V171.981H86.9848C87.1063 171.718 87.2907 171.506 87.5381 171.347C87.7855 171.185 88.1049 171.104 88.4962 171.104C88.8471 171.104 89.154 171.176 89.4172 171.32C89.6803 171.461 89.885 171.677 90.0312 171.967C90.1774 172.255 90.2505 172.62 90.2505 173.06V176.353H89.4543V173.114C89.4543 172.707 89.3486 172.39 89.1372 172.163C88.9258 171.934 88.6356 171.819 88.2668 171.819C88.0127 171.819 87.7855 171.874 87.5853 171.984C87.3874 172.094 87.2311 172.255 87.1164 172.467C87.0017 172.678 86.9444 172.934 86.9444 173.236ZM95.3758 172.332L94.6606 172.534C94.6156 172.415 94.5492 172.299 94.4615 172.187C94.3761 172.072 94.2591 171.977 94.1107 171.903C93.9622 171.829 93.7722 171.792 93.5405 171.792C93.2234 171.792 92.9592 171.865 92.7478 172.011C92.5386 172.155 92.434 172.338 92.434 172.561C92.434 172.759 92.506 172.915 92.6499 173.03C92.7939 173.145 93.0188 173.24 93.3246 173.317L94.0938 173.506C94.5571 173.618 94.9023 173.79 95.1295 174.022C95.3567 174.251 95.4702 174.547 95.4702 174.909C95.4702 175.206 95.3848 175.471 95.2138 175.705C95.0452 175.939 94.809 176.124 94.5054 176.259C94.2018 176.394 93.8487 176.461 93.4461 176.461C92.9176 176.461 92.4801 176.346 92.1338 176.117C91.7874 175.887 91.5681 175.552 91.4759 175.112L92.2316 174.923C92.3036 175.202 92.4396 175.411 92.6398 175.55C92.8422 175.69 93.1065 175.759 93.4326 175.759C93.8037 175.759 94.0983 175.681 94.3165 175.523C94.5369 175.363 94.6471 175.172 94.6471 174.95C94.6471 174.77 94.5841 174.619 94.4582 174.498C94.3322 174.374 94.1388 174.282 93.8779 174.221L93.0143 174.019C92.5397 173.906 92.1911 173.732 91.9685 173.496C91.748 173.257 91.6378 172.959 91.6378 172.602C91.6378 172.309 91.7199 172.051 91.8841 171.826C92.0505 171.601 92.2766 171.424 92.5622 171.296C92.8501 171.168 93.1762 171.104 93.5405 171.104C94.0533 171.104 94.4559 171.216 94.7483 171.441C95.0429 171.666 95.2521 171.963 95.3758 172.332Z" fill="#5D5D5D"/>
<path d="M30.4992 492.235H29.6625C29.613 491.995 29.5264 491.783 29.4027 491.601C29.2813 491.419 29.1329 491.266 28.9574 491.142C28.7842 491.016 28.592 490.922 28.3805 490.859C28.1691 490.796 27.9487 490.764 27.7193 490.764C27.301 490.764 26.922 490.87 26.5824 491.082C26.2451 491.293 25.9763 491.604 25.7761 492.016C25.5782 492.428 25.4793 492.933 25.4793 493.531C25.4793 494.129 25.5782 494.634 25.7761 495.046C25.9763 495.457 26.2451 495.769 26.5824 495.98C26.922 496.191 27.301 496.297 27.7193 496.297C27.9487 496.297 28.1691 496.266 28.3805 496.203C28.592 496.14 28.7842 496.046 28.9574 495.923C29.1329 495.797 29.2813 495.643 29.4027 495.46C29.5264 495.276 29.613 495.065 29.6625 494.826H30.4992C30.4362 495.179 30.3215 495.495 30.155 495.774C29.9886 496.053 29.7817 496.29 29.5343 496.486C29.2869 496.679 29.0092 496.827 28.701 496.928C28.3952 497.029 28.0679 497.08 27.7193 497.08C27.1301 497.08 26.606 496.936 26.1472 496.648C25.6884 496.36 25.3275 495.951 25.0643 495.42C24.8012 494.889 24.6696 494.259 24.6696 493.531C24.6696 492.802 24.8012 492.172 25.0643 491.642C25.3275 491.111 25.6884 490.701 26.1472 490.414C26.606 490.126 27.1301 489.982 27.7193 489.982C28.0679 489.982 28.3952 490.032 28.701 490.134C29.0092 490.235 29.2869 490.383 29.5343 490.579C29.7817 490.772 29.9886 491.008 30.155 491.287C30.3215 491.564 30.4362 491.88 30.4992 492.235ZM31.7432 496.985V491.804H32.5123V492.586H32.5663C32.6608 492.33 32.8317 492.122 33.0791 491.962C33.3265 491.802 33.6054 491.723 33.9157 491.723C33.9742 491.723 34.0473 491.724 34.135 491.726C34.2227 491.728 34.2891 491.732 34.3341 491.736V492.546C34.3071 492.539 34.2452 492.529 34.1485 492.515C34.0541 492.5 33.954 492.492 33.8483 492.492C33.5964 492.492 33.3715 492.545 33.1736 492.65C32.9779 492.754 32.8227 492.898 32.708 493.082C32.5955 493.264 32.5393 493.472 32.5393 493.706V496.985H31.7432ZM37.2927 497.093C36.7934 497.093 36.3627 496.983 36.0006 496.763C35.6408 496.54 35.363 496.23 35.1673 495.832C34.9739 495.431 34.8772 494.966 34.8772 494.435C34.8772 493.904 34.9739 493.436 35.1673 493.032C35.363 492.624 35.6351 492.307 35.9837 492.08C36.3346 491.851 36.7439 491.736 37.2117 491.736C37.4816 491.736 37.7481 491.781 38.0113 491.871C38.2744 491.961 38.5139 492.107 38.7298 492.31C38.9458 492.51 39.1178 492.775 39.246 493.106C39.3742 493.436 39.4383 493.843 39.4383 494.327V494.664H35.444V493.976H38.6286C38.6286 493.684 38.5702 493.423 38.4532 493.193C38.3385 492.964 38.1743 492.783 37.9607 492.65C37.7493 492.518 37.4996 492.451 37.2117 492.451C36.8946 492.451 36.6202 492.53 36.3886 492.687C36.1592 492.843 35.9826 493.045 35.8589 493.295C35.7352 493.544 35.6734 493.812 35.6734 494.098V494.556C35.6734 494.948 35.7409 495.279 35.8758 495.552C36.013 495.821 36.203 496.027 36.4459 496.169C36.6888 496.308 36.9711 496.378 37.2927 496.378C37.5019 496.378 37.6908 496.349 37.8595 496.29C38.0304 496.23 38.1777 496.14 38.3014 496.021C38.4251 495.899 38.5207 495.748 38.5882 495.568L39.3573 495.784C39.2764 496.045 39.1403 496.275 38.9491 496.473C38.758 496.668 38.5218 496.821 38.2407 496.931C37.9595 497.039 37.6435 497.093 37.2927 497.093ZM42.1743 497.107C41.8459 497.107 41.5479 497.045 41.2803 496.921C41.0126 496.795 40.8001 496.614 40.6427 496.378C40.4852 496.14 40.4065 495.852 40.4065 495.514C40.4065 495.218 40.465 494.977 40.5819 494.793C40.6989 494.606 40.8552 494.46 41.0509 494.354C41.2465 494.248 41.4624 494.17 41.6986 494.118C41.937 494.064 42.1765 494.021 42.4172 493.99C42.732 493.949 42.9873 493.919 43.183 493.899C43.3809 493.876 43.5248 493.839 43.6148 493.787C43.707 493.735 43.7531 493.646 43.7531 493.517V493.49C43.7531 493.157 43.662 492.899 43.4798 492.714C43.2999 492.53 43.0267 492.438 42.6601 492.438C42.28 492.438 41.982 492.521 41.7661 492.687C41.5502 492.854 41.3983 493.032 41.3106 493.22L40.5549 492.951C40.6899 492.636 40.8698 492.391 41.0947 492.215C41.3219 492.037 41.5693 491.914 41.8369 491.844C42.1068 491.772 42.3722 491.736 42.6331 491.736C42.7995 491.736 42.9907 491.756 43.2066 491.797C43.4247 491.835 43.635 491.915 43.8374 492.036C44.0421 492.158 44.2119 492.341 44.3469 492.586C44.4818 492.831 44.5493 493.16 44.5493 493.571V496.985H43.7531V496.284H43.7126C43.6586 496.396 43.5687 496.516 43.4427 496.645C43.3168 496.773 43.1492 496.882 42.9401 496.972C42.7309 497.062 42.4756 497.107 42.1743 497.107ZM42.2957 496.392C42.6106 496.392 42.876 496.33 43.0919 496.206C43.31 496.082 43.4742 495.923 43.5844 495.727C43.6969 495.531 43.7531 495.326 43.7531 495.11V494.381C43.7194 494.421 43.6451 494.459 43.5304 494.492C43.418 494.524 43.2875 494.552 43.1391 494.577C42.9929 494.599 42.8501 494.619 42.7107 494.637C42.5735 494.653 42.4621 494.667 42.3767 494.678C42.1698 494.705 41.9763 494.749 41.7964 494.809C41.6188 494.868 41.4748 494.957 41.3646 495.076C41.2567 495.193 41.2027 495.353 41.2027 495.555C41.2027 495.832 41.305 496.041 41.5097 496.182C41.7166 496.322 41.9786 496.392 42.2957 496.392ZM48.256 491.804V492.478H45.5706V491.804H48.256ZM46.3533 490.562H47.1495V495.501C47.1495 495.726 47.1821 495.895 47.2473 496.007C47.3148 496.117 47.4002 496.191 47.5037 496.23C47.6094 496.266 47.7207 496.284 47.8377 496.284C47.9254 496.284 47.9973 496.279 48.0536 496.27C48.1098 496.259 48.1548 496.25 48.1885 496.243L48.3504 496.958C48.2965 496.979 48.2211 496.999 48.1244 497.019C48.0277 497.042 47.9051 497.053 47.7567 497.053C47.5318 497.053 47.3114 497.004 47.0955 496.908C46.8818 496.811 46.7041 496.664 46.5625 496.466C46.423 496.268 46.3533 496.018 46.3533 495.717V490.562ZM51.5705 497.093C51.0712 497.093 50.6405 496.983 50.2784 496.763C49.9186 496.54 49.6408 496.23 49.4452 495.832C49.2518 495.431 49.155 494.966 49.155 494.435C49.155 493.904 49.2518 493.436 49.4452 493.032C49.6408 492.624 49.913 492.307 50.2616 492.08C50.6124 491.851 51.0218 491.736 51.4896 491.736C51.7594 491.736 52.026 491.781 52.2891 491.871C52.5522 491.961 52.7918 492.107 53.0077 492.31C53.2236 492.51 53.3956 492.775 53.5238 493.106C53.652 493.436 53.7161 493.843 53.7161 494.327V494.664H49.7218V493.976H52.9065C52.9065 493.684 52.848 493.423 52.731 493.193C52.6163 492.964 52.4522 492.783 52.2385 492.65C52.0271 492.518 51.7774 492.451 51.4896 492.451C51.1724 492.451 50.8981 492.53 50.6664 492.687C50.437 492.843 50.2605 493.045 50.1368 493.295C50.0131 493.544 49.9512 493.812 49.9512 494.098V494.556C49.9512 494.948 50.0187 495.279 50.1536 495.552C50.2908 495.821 50.4809 496.027 50.7238 496.169C50.9667 496.308 51.2489 496.378 51.5705 496.378C51.7797 496.378 51.9686 496.349 52.1373 496.29C52.3082 496.23 52.4555 496.14 52.5792 496.021C52.7029 495.899 52.7985 495.748 52.866 495.568L53.6352 495.784C53.5542 496.045 53.4181 496.275 53.227 496.473C53.0358 496.668 52.7996 496.821 52.5185 496.931C52.2374 497.039 51.9214 497.093 51.5705 497.093ZM56.8839 497.093C56.4521 497.093 56.0709 496.984 55.7403 496.766C55.4097 496.546 55.151 496.235 54.9643 495.835C54.7777 495.432 54.6843 494.957 54.6843 494.408C54.6843 493.864 54.7777 493.391 54.9643 492.991C55.151 492.591 55.4108 492.281 55.7436 492.063C56.0765 491.845 56.4611 491.736 56.8974 491.736C57.2348 491.736 57.5013 491.792 57.6969 491.905C57.8949 492.015 58.0456 492.141 58.149 492.283C58.2547 492.422 58.3368 492.537 58.3953 492.627H58.4628V490.076H59.2589V496.985H58.4897V496.189H58.3953C58.3368 496.284 58.2536 496.403 58.1456 496.547C58.0377 496.688 57.8836 496.816 57.6835 496.928C57.4833 497.038 57.2168 497.093 56.8839 497.093ZM56.9919 496.378C57.3112 496.378 57.5811 496.295 57.8015 496.128C58.0219 495.96 58.1895 495.727 58.3042 495.43C58.4189 495.131 58.4762 494.786 58.4762 494.394C58.4762 494.008 58.42 493.669 58.3076 493.379C58.1951 493.087 58.0287 492.859 57.8083 492.698C57.5879 492.533 57.3157 492.451 56.9919 492.451C56.6545 492.451 56.3734 492.538 56.1485 492.711C55.9258 492.882 55.7583 493.115 55.6458 493.409C55.5356 493.702 55.4805 494.03 55.4805 494.394C55.4805 494.763 55.5367 495.098 55.6492 495.4C55.7639 495.699 55.9326 495.937 56.1552 496.115C56.3801 496.29 56.659 496.378 56.9919 496.378ZM65.7531 491.804V492.478H63.0677V491.804H65.7531ZM63.8504 490.562H64.6465V495.501C64.6465 495.726 64.6791 495.895 64.7444 496.007C64.8118 496.117 64.8973 496.191 65.0007 496.23C65.1065 496.266 65.2178 496.284 65.3347 496.284C65.4224 496.284 65.4944 496.279 65.5506 496.27C65.6069 496.259 65.6519 496.25 65.6856 496.243L65.8475 496.958C65.7935 496.979 65.7182 496.999 65.6215 497.019C65.5248 497.042 65.4022 497.053 65.2538 497.053C65.0289 497.053 64.8085 497.004 64.5925 496.908C64.3789 496.811 64.2012 496.664 64.0595 496.466C63.9201 496.268 63.8504 496.018 63.8504 495.717V490.562ZM67.8582 493.868V496.985H67.062V490.076H67.8582V492.613H67.9256C68.0471 492.346 68.2293 492.133 68.4722 491.976C68.7173 491.816 69.0434 491.736 69.4505 491.736C69.8036 491.736 70.1128 491.807 70.3782 491.949C70.6436 492.088 70.8494 492.303 70.9956 492.593C71.144 492.881 71.2183 493.247 71.2183 493.693V496.985H70.4221V493.747C70.4221 493.335 70.3153 493.017 70.1016 492.792C69.8902 492.565 69.5967 492.451 69.2211 492.451C68.9602 492.451 68.7263 492.506 68.5194 492.617C68.3147 492.727 68.1528 492.888 68.0336 493.099C67.9166 493.31 67.8582 493.567 67.8582 493.868ZM74.8474 497.093C74.3481 497.093 73.9174 496.983 73.5553 496.763C73.1955 496.54 72.9177 496.23 72.722 495.832C72.5286 495.431 72.4319 494.966 72.4319 494.435C72.4319 493.904 72.5286 493.436 72.722 493.032C72.9177 492.624 73.1898 492.307 73.5384 492.08C73.8893 491.851 74.2986 491.736 74.7664 491.736C75.0363 491.736 75.3028 491.781 75.566 491.871C75.8291 491.961 76.0686 492.107 76.2845 492.31C76.5004 492.51 76.6725 492.775 76.8007 493.106C76.9289 493.436 76.993 493.843 76.993 494.327V494.664H72.9987V493.976H76.1833C76.1833 493.684 76.1248 493.423 76.0079 493.193C75.8932 492.964 75.729 492.783 75.5154 492.65C75.3039 492.518 75.0543 492.451 74.7664 492.451C74.4493 492.451 74.1749 492.53 73.9433 492.687C73.7139 492.843 73.5373 493.045 73.4136 493.295C73.2899 493.544 73.2281 493.812 73.2281 494.098V494.556C73.2281 494.948 73.2955 495.279 73.4305 495.552C73.5677 495.821 73.7577 496.027 74.0006 496.169C74.2435 496.308 74.5258 496.378 74.8474 496.378C75.0565 496.378 75.2455 496.349 75.4141 496.29C75.5851 496.23 75.7324 496.14 75.8561 496.021C75.9798 495.899 76.0754 495.748 76.1428 495.568L76.912 495.784C76.831 496.045 76.695 496.275 76.5038 496.473C76.3126 496.668 76.0765 496.821 75.7954 496.931C75.5142 497.039 75.1982 497.093 74.8474 497.093ZM83.4939 494.826H84.4115L85.1807 495.838L85.3831 496.108L86.5301 497.633H85.6125L84.8568 496.621L84.6679 496.365L83.4939 494.826ZM86.8135 493.531C86.8135 494.259 86.6819 494.889 86.4188 495.42C86.1556 495.951 85.7947 496.36 85.3358 496.648C84.877 496.936 84.353 497.08 83.7638 497.08C83.1745 497.08 82.6505 496.936 82.1917 496.648C81.7329 496.36 81.3719 495.951 81.1087 495.42C80.8456 494.889 80.714 494.259 80.714 493.531C80.714 492.802 80.8456 492.172 81.1087 491.642C81.3719 491.111 81.7329 490.701 82.1917 490.414C82.6505 490.126 83.1745 489.982 83.7638 489.982C84.353 489.982 84.877 490.126 85.3358 490.414C85.7947 490.701 86.1556 491.111 86.4188 491.642C86.6819 492.172 86.8135 492.802 86.8135 493.531ZM86.0038 493.531C86.0038 492.933 85.9037 492.428 85.7036 492.016C85.5056 491.604 85.2369 491.293 84.8973 491.082C84.5599 490.87 84.1821 490.764 83.7638 490.764C83.3454 490.764 82.9665 490.87 82.6269 491.082C82.2895 491.293 82.0207 491.604 81.8206 492.016C81.6227 492.428 81.5237 492.933 81.5237 493.531C81.5237 494.129 81.6227 494.634 81.8206 495.046C82.0207 495.457 82.2895 495.769 82.6269 495.98C82.9665 496.191 83.3454 496.297 83.7638 496.297C84.1821 496.297 84.5599 496.191 84.8973 495.98C85.2369 495.769 85.5056 495.457 85.7036 495.046C85.9037 494.634 86.0038 494.129 86.0038 493.531ZM88.1789 496.985H87.3018L89.8387 490.076H90.7024L93.2393 496.985H92.3622L90.2975 491.169H90.2436L88.1789 496.985ZM88.5028 494.286H92.0383V495.029H88.5028V494.286ZM98.4042 497.107C98.0759 497.107 97.7779 497.045 97.5102 496.921C97.2426 496.795 97.0301 496.614 96.8726 496.378C96.7152 496.14 96.6365 495.852 96.6365 495.514C96.6365 495.218 96.695 494.977 96.8119 494.793C96.9289 494.606 97.0852 494.46 97.2808 494.354C97.4765 494.248 97.6924 494.17 97.9286 494.118C98.167 494.064 98.4065 494.021 98.6471 493.99C98.962 493.949 99.2173 493.919 99.4129 493.899C99.6109 493.876 99.7548 493.839 99.8448 493.787C99.937 493.735 99.9831 493.646 99.9831 493.517V493.49C99.9831 493.157 99.892 492.899 99.7098 492.714C99.5299 492.53 99.2566 492.438 98.89 492.438C98.51 492.438 98.212 492.521 97.996 492.687C97.7801 492.854 97.6283 493.032 97.5406 493.22L96.7849 492.951C96.9199 492.636 97.0998 492.391 97.3247 492.215C97.5519 492.037 97.7993 491.914 98.0669 491.844C98.3368 491.772 98.6022 491.736 98.8631 491.736C99.0295 491.736 99.2207 491.756 99.4366 491.797C99.6547 491.835 99.865 491.915 100.067 492.036C100.272 492.158 100.442 492.341 100.577 492.586C100.712 492.831 100.779 493.16 100.779 493.571V496.985H99.9831V496.284H99.9426C99.8886 496.396 99.7987 496.516 99.6727 496.645C99.5468 496.773 99.3792 496.882 99.17 496.972C98.9609 497.062 98.7056 497.107 98.4042 497.107ZM98.5257 496.392C98.8406 496.392 99.106 496.33 99.3219 496.206C99.54 496.082 99.7042 495.923 99.8144 495.727C99.9269 495.531 99.9831 495.326 99.9831 495.11V494.381C99.9493 494.421 99.8751 494.459 99.7604 494.492C99.648 494.524 99.5175 494.552 99.3691 494.577C99.2229 494.599 99.0801 494.619 98.9406 494.637C98.8035 494.653 98.6921 494.667 98.6067 494.678C98.3997 494.705 98.2063 494.749 98.0264 494.809C97.8487 494.868 97.7048 494.957 97.5946 495.076C97.4866 495.193 97.4327 495.353 97.4327 495.555C97.4327 495.832 97.535 496.041 97.7397 496.182C97.9466 496.322 98.2086 496.392 98.5257 496.392ZM105.498 494.867V491.804H106.294V496.985H105.498V496.108H105.444C105.323 496.371 105.134 496.595 104.877 496.78C104.621 496.962 104.297 497.053 103.906 497.053C103.582 497.053 103.294 496.982 103.042 496.84C102.79 496.696 102.592 496.48 102.448 496.193C102.304 495.902 102.232 495.537 102.232 495.096V491.804H103.029V495.042C103.029 495.42 103.134 495.721 103.346 495.946C103.559 496.171 103.831 496.284 104.162 496.284C104.36 496.284 104.561 496.233 104.766 496.132C104.973 496.031 105.146 495.875 105.286 495.666C105.427 495.457 105.498 495.191 105.498 494.867ZM110.006 491.804V492.478H107.321V491.804H110.006ZM108.103 490.562H108.899V495.501C108.899 495.726 108.932 495.895 108.997 496.007C109.065 496.117 109.15 496.191 109.254 496.23C109.359 496.266 109.471 496.284 109.588 496.284C109.675 496.284 109.747 496.279 109.804 496.27C109.86 496.259 109.905 496.25 109.939 496.243L110.1 496.958C110.046 496.979 109.971 496.999 109.874 497.019C109.778 497.042 109.655 497.053 109.507 497.053C109.282 497.053 109.061 497.004 108.845 496.908C108.632 496.811 108.454 496.664 108.312 496.466C108.173 496.268 108.103 496.018 108.103 495.717V490.562ZM113.253 497.093C112.785 497.093 112.375 496.982 112.022 496.759C111.671 496.537 111.396 496.225 111.199 495.825C111.003 495.425 110.905 494.957 110.905 494.421C110.905 493.882 111.003 493.41 111.199 493.008C111.396 492.605 111.671 492.293 112.022 492.07C112.375 491.847 112.785 491.736 113.253 491.736C113.721 491.736 114.13 491.847 114.481 492.07C114.834 492.293 115.109 492.605 115.304 493.008C115.502 493.41 115.601 493.882 115.601 494.421C115.601 494.957 115.502 495.425 115.304 495.825C115.109 496.225 114.834 496.537 114.481 496.759C114.13 496.982 113.721 497.093 113.253 497.093ZM113.253 496.378C113.608 496.378 113.901 496.287 114.13 496.105C114.36 495.923 114.529 495.683 114.64 495.386C114.75 495.089 114.805 494.768 114.805 494.421C114.805 494.075 114.75 493.752 114.64 493.453C114.529 493.154 114.36 492.912 114.13 492.728C113.901 492.543 113.608 492.451 113.253 492.451C112.898 492.451 112.605 492.543 112.376 492.728C112.147 492.912 111.977 493.154 111.867 493.453C111.756 493.752 111.701 494.075 111.701 494.421C111.701 494.768 111.756 495.089 111.867 495.386C111.977 495.683 112.147 495.923 112.376 496.105C112.605 496.287 112.898 496.378 113.253 496.378ZM116.816 496.985V491.804H117.586V492.613H117.653C117.761 492.337 117.935 492.122 118.176 491.969C118.417 491.814 118.706 491.736 119.043 491.736C119.385 491.736 119.669 491.814 119.896 491.969C120.126 492.122 120.305 492.337 120.433 492.613H120.487C120.62 492.346 120.819 492.133 121.084 491.976C121.349 491.816 121.668 491.736 122.039 491.736C122.502 491.736 122.881 491.881 123.176 492.171C123.47 492.459 123.618 492.908 123.618 493.517V496.985H122.821V493.517C122.821 493.135 122.717 492.862 122.508 492.698C122.298 492.533 122.052 492.451 121.769 492.451C121.404 492.451 121.122 492.561 120.922 492.782C120.722 493 120.622 493.277 120.622 493.612V496.985H119.812V493.436C119.812 493.142 119.717 492.904 119.525 492.725C119.334 492.542 119.088 492.451 118.787 492.451C118.58 492.451 118.386 492.506 118.206 492.617C118.029 492.727 117.885 492.88 117.774 493.075C117.667 493.269 117.613 493.493 117.613 493.747V496.985H116.816ZM126.598 497.107C126.27 497.107 125.972 497.045 125.704 496.921C125.436 496.795 125.224 496.614 125.066 496.378C124.909 496.14 124.83 495.852 124.83 495.514C124.83 495.218 124.889 494.977 125.006 494.793C125.123 494.606 125.279 494.46 125.475 494.354C125.67 494.248 125.886 494.17 126.122 494.118C126.361 494.064 126.6 494.021 126.841 493.99C127.156 493.949 127.411 493.919 127.607 493.899C127.805 493.876 127.949 493.839 128.039 493.787C128.131 493.735 128.177 493.646 128.177 493.517V493.49C128.177 493.157 128.086 492.899 127.904 492.714C127.724 492.53 127.45 492.438 127.084 492.438C126.704 492.438 126.406 492.521 126.19 492.687C125.974 492.854 125.822 493.032 125.734 493.22L124.979 492.951C125.114 492.636 125.294 492.391 125.519 492.215C125.746 492.037 125.993 491.914 126.261 491.844C126.531 491.772 126.796 491.736 127.057 491.736C127.223 491.736 127.415 491.756 127.63 491.797C127.849 491.835 128.059 491.915 128.261 492.036C128.466 492.158 128.636 492.341 128.771 492.586C128.906 492.831 128.973 493.16 128.973 493.571V496.985H128.177V496.284H128.136C128.082 496.396 127.993 496.516 127.867 496.645C127.741 496.773 127.573 496.882 127.364 496.972C127.155 497.062 126.899 497.107 126.598 497.107ZM126.72 496.392C127.034 496.392 127.3 496.33 127.516 496.206C127.734 496.082 127.898 495.923 128.008 495.727C128.121 495.531 128.177 495.326 128.177 495.11V494.381C128.143 494.421 128.069 494.459 127.954 494.492C127.842 494.524 127.711 494.552 127.563 494.577C127.417 494.599 127.274 494.619 127.134 494.637C126.997 494.653 126.886 494.667 126.801 494.678C126.594 494.705 126.4 494.749 126.22 494.809C126.043 494.868 125.899 494.957 125.788 495.076C125.68 495.193 125.627 495.353 125.627 495.555C125.627 495.832 125.729 496.041 125.933 496.182C126.14 496.322 126.402 496.392 126.72 496.392ZM132.68 491.804V492.478H129.994V491.804H132.68ZM130.777 490.562H131.573V495.501C131.573 495.726 131.606 495.895 131.671 496.007C131.739 496.117 131.824 496.191 131.928 496.23C132.033 496.266 132.145 496.284 132.261 496.284C132.349 496.284 132.421 496.279 132.477 496.27C132.534 496.259 132.579 496.25 132.612 496.243L132.774 496.958C132.72 496.979 132.645 496.999 132.548 497.019C132.452 497.042 132.329 497.053 132.181 497.053C131.956 497.053 131.735 497.004 131.519 496.908C131.306 496.811 131.128 496.664 130.986 496.466C130.847 496.268 130.777 496.018 130.777 495.717V490.562ZM133.877 496.985V491.804H134.674V496.985H133.877ZM134.282 490.94C134.127 490.94 133.993 490.887 133.881 490.781C133.771 490.676 133.716 490.549 133.716 490.4C133.716 490.252 133.771 490.125 133.881 490.019C133.993 489.913 134.127 489.86 134.282 489.86C134.437 489.86 134.57 489.913 134.68 490.019C134.793 490.125 134.849 490.252 134.849 490.4C134.849 490.549 134.793 490.676 134.68 490.781C134.57 490.887 134.437 490.94 134.282 490.94ZM138.237 497.093C137.769 497.093 137.359 496.982 137.006 496.759C136.655 496.537 136.38 496.225 136.182 495.825C135.987 495.425 135.889 494.957 135.889 494.421C135.889 493.882 135.987 493.41 136.182 493.008C136.38 492.605 136.655 492.293 137.006 492.07C137.359 491.847 137.769 491.736 138.237 491.736C138.705 491.736 139.114 491.847 139.465 492.07C139.818 492.293 140.092 492.605 140.288 493.008C140.486 493.41 140.585 493.882 140.585 494.421C140.585 494.957 140.486 495.425 140.288 495.825C140.092 496.225 139.818 496.537 139.465 496.759C139.114 496.982 138.705 497.093 138.237 497.093ZM138.237 496.378C138.592 496.378 138.885 496.287 139.114 496.105C139.343 495.923 139.513 495.683 139.623 495.386C139.734 495.089 139.789 494.768 139.789 494.421C139.789 494.075 139.734 493.752 139.623 493.453C139.513 493.154 139.343 492.912 139.114 492.728C138.885 492.543 138.592 492.451 138.237 492.451C137.882 492.451 137.589 492.543 137.36 492.728C137.13 492.912 136.961 493.154 136.85 493.453C136.74 493.752 136.685 494.075 136.685 494.421C136.685 494.768 136.74 495.089 136.85 495.386C136.961 495.683 137.13 495.923 137.36 496.105C137.589 496.287 137.882 496.378 138.237 496.378ZM142.596 493.868V496.985H141.8V491.804H142.569V492.613H142.637C142.758 492.35 142.943 492.139 143.19 491.979C143.438 491.817 143.757 491.736 144.148 491.736C144.499 491.736 144.806 491.808 145.069 491.952C145.332 492.094 145.537 492.31 145.683 492.6C145.829 492.888 145.903 493.252 145.903 493.693V496.985H145.106V493.747C145.106 493.34 145.001 493.023 144.789 492.795C144.578 492.566 144.288 492.451 143.919 492.451C143.665 492.451 143.438 492.506 143.237 492.617C143.04 492.727 142.883 492.888 142.769 493.099C142.654 493.31 142.596 493.567 142.596 493.868ZM153.7 492.964L152.985 493.166C152.94 493.047 152.873 492.931 152.786 492.819C152.7 492.704 152.583 492.61 152.435 492.536C152.286 492.461 152.096 492.424 151.865 492.424C151.547 492.424 151.283 492.497 151.072 492.644C150.863 492.787 150.758 492.971 150.758 493.193C150.758 493.391 150.83 493.548 150.974 493.662C151.118 493.777 151.343 493.873 151.649 493.949L152.418 494.138C152.881 494.251 153.226 494.423 153.453 494.654C153.681 494.884 153.794 495.179 153.794 495.541C153.794 495.838 153.709 496.104 153.538 496.338C153.369 496.572 153.133 496.756 152.829 496.891C152.526 497.026 152.173 497.093 151.77 497.093C151.242 497.093 150.804 496.979 150.458 496.749C150.111 496.52 149.892 496.185 149.8 495.744L150.556 495.555C150.628 495.834 150.764 496.043 150.964 496.182C151.166 496.322 151.43 496.392 151.757 496.392C152.128 496.392 152.422 496.313 152.64 496.155C152.861 495.996 152.971 495.805 152.971 495.582C152.971 495.402 152.908 495.251 152.782 495.13C152.656 495.006 152.463 494.914 152.202 494.853L151.338 494.651C150.864 494.538 150.515 494.364 150.292 494.128C150.072 493.89 149.962 493.592 149.962 493.234C149.962 492.942 150.044 492.683 150.208 492.458C150.375 492.233 150.601 492.057 150.886 491.928C151.174 491.8 151.5 491.736 151.865 491.736C152.377 491.736 152.78 491.849 153.072 492.073C153.367 492.298 153.576 492.595 153.7 492.964ZM157.165 497.093C156.666 497.093 156.235 496.983 155.873 496.763C155.513 496.54 155.236 496.23 155.04 495.832C154.846 495.431 154.75 494.966 154.75 494.435C154.75 493.904 154.846 493.436 155.04 493.032C155.236 492.624 155.508 492.307 155.856 492.08C156.207 491.851 156.616 491.736 157.084 491.736C157.354 491.736 157.621 491.781 157.884 491.871C158.147 491.961 158.386 492.107 158.602 492.31C158.818 492.51 158.99 492.775 159.119 493.106C159.247 493.436 159.311 493.843 159.311 494.327V494.664H155.317V493.976H158.501C158.501 493.684 158.443 493.423 158.326 493.193C158.211 492.964 158.047 492.783 157.833 492.65C157.622 492.518 157.372 492.451 157.084 492.451C156.767 492.451 156.493 492.53 156.261 492.687C156.032 492.843 155.855 493.045 155.731 493.295C155.608 493.544 155.546 493.812 155.546 494.098V494.556C155.546 494.948 155.613 495.279 155.748 495.552C155.886 495.821 156.076 496.027 156.318 496.169C156.561 496.308 156.844 496.378 157.165 496.378C157.374 496.378 157.563 496.349 157.732 496.29C157.903 496.23 158.05 496.14 158.174 496.021C158.298 495.899 158.393 495.748 158.461 495.568L159.23 495.784C159.149 496.045 159.013 496.275 158.822 496.473C158.631 496.668 158.394 496.821 158.113 496.931C157.832 497.039 157.516 497.093 157.165 497.093ZM162.776 491.804V492.478H160.09V491.804H162.776ZM160.873 490.562H161.669V495.501C161.669 495.726 161.702 495.895 161.767 496.007C161.834 496.117 161.92 496.191 162.023 496.23C162.129 496.266 162.24 496.284 162.357 496.284C162.445 496.284 162.517 496.279 162.573 496.27C162.629 496.259 162.674 496.25 162.708 496.243L162.87 496.958C162.816 496.979 162.741 496.999 162.644 497.019C162.547 497.042 162.425 497.053 162.276 497.053C162.051 497.053 161.831 497.004 161.615 496.908C161.401 496.811 161.224 496.664 161.082 496.466C160.943 496.268 160.873 496.018 160.873 495.717V490.562ZM167.239 494.867V491.804H168.035V496.985H167.239V496.108H167.185C167.063 496.371 166.874 496.595 166.618 496.78C166.362 496.962 166.038 497.053 165.646 497.053C165.323 497.053 165.035 496.982 164.783 496.84C164.531 496.696 164.333 496.48 164.189 496.193C164.045 495.902 163.973 495.537 163.973 495.096V491.804H164.769V495.042C164.769 495.42 164.875 495.721 165.086 495.946C165.3 496.171 165.572 496.284 165.903 496.284C166.101 496.284 166.302 496.233 166.507 496.132C166.714 496.031 166.887 495.875 167.026 495.666C167.168 495.457 167.239 495.191 167.239 494.867ZM169.493 498.929V491.804H170.262V492.627H170.357C170.415 492.537 170.496 492.422 170.6 492.283C170.705 492.141 170.856 492.015 171.052 491.905C171.25 491.792 171.517 491.736 171.855 491.736C172.291 491.736 172.676 491.845 173.008 492.063C173.341 492.281 173.601 492.591 173.788 492.991C173.974 493.391 174.068 493.864 174.068 494.408C174.068 494.957 173.974 495.432 173.788 495.835C173.601 496.235 173.342 496.546 173.012 496.766C172.681 496.984 172.3 497.093 171.868 497.093C171.535 497.093 171.269 497.038 171.069 496.928C170.868 496.816 170.714 496.688 170.606 496.547C170.498 496.403 170.415 496.284 170.357 496.189H170.289V498.929H169.493ZM170.276 494.394C170.276 494.786 170.333 495.131 170.448 495.43C170.563 495.727 170.73 495.96 170.951 496.128C171.171 496.295 171.441 496.378 171.76 496.378C172.093 496.378 172.371 496.29 172.593 496.115C172.818 495.937 172.987 495.699 173.1 495.4C173.214 495.098 173.272 494.763 173.272 494.394C173.272 494.03 173.215 493.702 173.103 493.409C172.993 493.115 172.825 492.882 172.6 492.711C172.378 492.538 172.098 492.451 171.76 492.451C171.436 492.451 171.164 492.533 170.944 492.698C170.723 492.859 170.557 493.087 170.445 493.379C170.332 493.669 170.276 494.008 170.276 494.394ZM180.262 491.804V492.478H177.468V491.804H180.262ZM178.305 496.985V491.088C178.305 490.791 178.375 490.544 178.514 490.346C178.654 490.148 178.835 490 179.057 489.901C179.28 489.802 179.515 489.752 179.762 489.752C179.958 489.752 180.118 489.768 180.241 489.8C180.365 489.831 180.457 489.86 180.518 489.887L180.289 490.576C180.248 490.562 180.192 490.545 180.12 490.525C180.05 490.505 179.958 490.495 179.843 490.495C179.58 490.495 179.39 490.561 179.273 490.694C179.158 490.826 179.101 491.021 179.101 491.277V496.985H178.305ZM183.269 497.093C182.801 497.093 182.391 496.982 182.038 496.759C181.687 496.537 181.413 496.225 181.215 495.825C181.019 495.425 180.921 494.957 180.921 494.421C180.921 493.882 181.019 493.41 181.215 493.008C181.413 492.605 181.687 492.293 182.038 492.07C182.391 491.847 182.801 491.736 183.269 491.736C183.737 491.736 184.146 491.847 184.497 492.07C184.85 492.293 185.125 492.605 185.32 493.008C185.518 493.41 185.617 493.882 185.617 494.421C185.617 494.957 185.518 495.425 185.32 495.825C185.125 496.225 184.85 496.537 184.497 496.759C184.146 496.982 183.737 497.093 183.269 497.093ZM183.269 496.378C183.625 496.378 183.917 496.287 184.146 496.105C184.376 495.923 184.546 495.683 184.656 495.386C184.766 495.089 184.821 494.768 184.821 494.421C184.821 494.075 184.766 493.752 184.656 493.453C184.546 493.154 184.376 492.912 184.146 492.728C183.917 492.543 183.625 492.451 183.269 492.451C182.914 492.451 182.621 492.543 182.392 492.728C182.163 492.912 181.993 493.154 181.883 493.453C181.772 493.752 181.717 494.075 181.717 494.421C181.717 494.768 181.772 495.089 181.883 495.386C181.993 495.683 182.163 495.923 182.392 496.105C182.621 496.287 182.914 496.378 183.269 496.378ZM186.833 496.985V491.804H187.602V492.586H187.656C187.75 492.33 187.921 492.122 188.168 491.962C188.416 491.802 188.695 491.723 189.005 491.723C189.064 491.723 189.137 491.724 189.224 491.726C189.312 491.728 189.378 491.732 189.423 491.736V492.546C189.396 492.539 189.335 492.529 189.238 492.515C189.143 492.5 189.043 492.492 188.938 492.492C188.686 492.492 188.461 492.545 188.263 492.65C188.067 492.754 187.912 492.898 187.797 493.082C187.685 493.264 187.629 493.472 187.629 493.706V496.985H186.833ZM27.5844 501.076H28.421V506.015C28.421 506.456 28.3401 506.83 28.1781 507.139C28.0162 507.447 27.7879 507.681 27.4933 507.84C27.1987 508 26.8512 508.08 26.4509 508.08C26.073 508.08 25.7368 508.011 25.4422 507.874C25.1475 507.735 24.9159 507.537 24.7472 507.28C24.5785 507.024 24.4942 506.719 24.4942 506.366H25.3173C25.3173 506.562 25.3657 506.733 25.4624 506.879C25.5614 507.023 25.6963 507.135 25.8672 507.216C26.0382 507.297 26.2327 507.338 26.4509 507.338C26.6915 507.338 26.8962 507.287 27.0648 507.186C27.2335 507.085 27.3617 506.936 27.4494 506.741C27.5394 506.543 27.5844 506.301 27.5844 506.015V501.076ZM32.0949 508.093C31.6271 508.093 31.2166 507.982 30.8635 507.759C30.5126 507.537 30.2383 507.225 30.0403 506.825C29.8447 506.425 29.7468 505.957 29.7468 505.421C29.7468 504.882 29.8447 504.41 30.0403 504.008C30.2383 503.605 30.5126 503.293 30.8635 503.07C31.2166 502.847 31.6271 502.736 32.0949 502.736C32.5627 502.736 32.972 502.847 33.3228 503.07C33.6759 503.293 33.9503 503.605 34.146 504.008C34.3439 504.41 34.4429 504.882 34.4429 505.421C34.4429 505.957 34.3439 506.425 34.146 506.825C33.9503 507.225 33.6759 507.537 33.3228 507.759C32.972 507.982 32.5627 508.093 32.0949 508.093ZM32.0949 507.378C32.4502 507.378 32.7426 507.287 32.972 507.105C33.2014 506.923 33.3712 506.683 33.4814 506.386C33.5916 506.089 33.6467 505.768 33.6467 505.421C33.6467 505.075 33.5916 504.752 33.4814 504.453C33.3712 504.154 33.2014 503.912 32.972 503.728C32.7426 503.543 32.4502 503.451 32.0949 503.451C31.7395 503.451 31.4471 503.543 31.2177 503.728C30.9883 503.912 30.8185 504.154 30.7083 504.453C30.5981 504.752 30.543 505.075 30.543 505.421C30.543 505.768 30.5981 506.089 30.7083 506.386C30.8185 506.683 30.9883 506.923 31.2177 507.105C31.4471 507.287 31.7395 507.378 32.0949 507.378ZM35.6582 507.985V502.804H36.4274V503.613H36.4948C36.6028 503.337 36.7771 503.122 37.0178 502.969C37.2584 502.814 37.5474 502.736 37.8848 502.736C38.2266 502.736 38.5111 502.814 38.7383 502.969C38.9677 503.122 39.1465 503.337 39.2747 503.613H39.3287C39.4613 503.346 39.6604 503.133 39.9258 502.976C40.1912 502.816 40.5094 502.736 40.8805 502.736C41.3438 502.736 41.7228 502.881 42.0174 503.171C42.312 503.459 42.4593 503.908 42.4593 504.517V507.985H41.6632V504.517C41.6632 504.135 41.5586 503.862 41.3494 503.698C41.1403 503.533 40.894 503.451 40.6106 503.451C40.2463 503.451 39.964 503.561 39.7638 503.782C39.5637 504 39.4636 504.277 39.4636 504.612V507.985H38.6539V504.436C38.6539 504.142 38.5584 503.904 38.3672 503.725C38.176 503.542 37.9297 503.451 37.6284 503.451C37.4215 503.451 37.228 503.506 37.0481 503.617C36.8704 503.727 36.7265 503.88 36.6163 504.075C36.5083 504.269 36.4544 504.493 36.4544 504.747V507.985H35.6582ZM44.023 501.076H45.0216L47.3696 506.811H47.4505L49.7986 501.076H50.7971V507.985H50.0145V502.736H49.947L47.7879 507.985H47.0322L44.8731 502.736H44.8057V507.985H44.023V501.076ZM53.8916 508.107C53.5632 508.107 53.2652 508.045 52.9976 507.921C52.7299 507.795 52.5174 507.614 52.3599 507.378C52.2025 507.14 52.1238 506.852 52.1238 506.514C52.1238 506.218 52.1823 505.977 52.2992 505.793C52.4162 505.606 52.5725 505.46 52.7681 505.354C52.9638 505.248 53.1797 505.17 53.4159 505.118C53.6543 505.064 53.8938 505.021 54.1344 504.99C54.4493 504.949 54.7046 504.919 54.9003 504.899C55.0982 504.876 55.2421 504.839 55.3321 504.787C55.4243 504.735 55.4704 504.646 55.4704 504.517V504.49C55.4704 504.157 55.3793 503.899 55.1971 503.714C55.0172 503.53 54.7439 503.438 54.3773 503.438C53.9973 503.438 53.6993 503.521 53.4833 503.687C53.2674 503.854 53.1156 504.032 53.0279 504.22L52.2722 503.951C52.4072 503.636 52.5871 503.391 52.812 503.215C53.0392 503.037 53.2866 502.914 53.5542 502.844C53.8241 502.772 54.0895 502.736 54.3504 502.736C54.5168 502.736 54.708 502.756 54.9239 502.797C55.142 502.835 55.3523 502.915 55.5547 503.036C55.7594 503.158 55.9292 503.341 56.0641 503.586C56.1991 503.831 56.2666 504.16 56.2666 504.571V507.985H55.4704V507.284H55.4299C55.3759 507.396 55.286 507.516 55.16 507.645C55.0341 507.773 54.8665 507.882 54.6574 507.972C54.4482 508.062 54.1929 508.107 53.8916 508.107ZM54.013 507.392C54.3279 507.392 54.5933 507.33 54.8092 507.206C55.0273 507.082 55.1915 506.923 55.3017 506.727C55.4142 506.531 55.4704 506.326 55.4704 506.11V505.381C55.4367 505.421 55.3624 505.459 55.2477 505.492C55.1353 505.524 55.0048 505.552 54.8564 505.577C54.7102 505.599 54.5674 505.619 54.428 505.637C54.2908 505.653 54.1794 505.667 54.094 505.678C53.8871 505.705 53.6936 505.749 53.5137 505.809C53.336 505.868 53.1921 505.957 53.0819 506.076C52.9739 506.193 52.92 506.353 52.92 506.555C52.92 506.832 53.0223 507.041 53.227 507.182C53.4339 507.322 53.6959 507.392 54.013 507.392ZM58.4619 506.096L58.4484 505.111H58.6103L60.8774 502.804H61.8625L59.447 505.246H59.3795L58.4619 506.096ZM57.7197 507.985V501.076H58.5159V507.985H57.7197ZM61.0123 507.985L58.9882 505.421L59.5549 504.868L62.0244 507.985H61.0123ZM64.4121 508.107C64.0837 508.107 63.7857 508.045 63.5181 507.921C63.2504 507.795 63.0379 507.614 62.8805 507.378C62.723 507.14 62.6443 506.852 62.6443 506.514C62.6443 506.218 62.7028 505.977 62.8197 505.793C62.9367 505.606 63.093 505.46 63.2887 505.354C63.4843 505.248 63.7002 505.17 63.9364 505.118C64.1748 505.064 64.4143 505.021 64.655 504.99C64.9698 504.949 65.2251 504.919 65.4208 504.899C65.6187 504.876 65.7626 504.839 65.8526 504.787C65.9448 504.735 65.9909 504.646 65.9909 504.517V504.49C65.9909 504.157 65.8998 503.899 65.7176 503.714C65.5377 503.53 65.2645 503.438 64.8979 503.438C64.5178 503.438 64.2198 503.521 64.0039 503.687C63.7879 503.854 63.6361 504.032 63.5484 504.22L62.7927 503.951C62.9277 503.636 63.1076 503.391 63.3325 503.215C63.5597 503.037 63.8071 502.914 64.0747 502.844C64.3446 502.772 64.61 502.736 64.8709 502.736C65.0373 502.736 65.2285 502.756 65.4444 502.797C65.6625 502.835 65.8728 502.915 66.0752 503.036C66.2799 503.158 66.4497 503.341 66.5846 503.586C66.7196 503.831 66.7871 504.16 66.7871 504.571V507.985H65.9909V507.284H65.9504C65.8964 507.396 65.8065 507.516 65.6805 507.645C65.5546 507.773 65.387 507.882 65.1779 507.972C64.9687 508.062 64.7134 508.107 64.4121 508.107ZM64.5335 507.392C64.8484 507.392 65.1138 507.33 65.3297 507.206C65.5478 507.082 65.712 506.923 65.8222 506.727C65.9347 506.531 65.9909 506.326 65.9909 506.11V505.381C65.9572 505.421 65.8829 505.459 65.7682 505.492C65.6558 505.524 65.5253 505.552 65.3769 505.577C65.2307 505.599 65.0879 505.619 64.9485 505.637C64.8113 505.653 64.6999 505.667 64.6145 505.678C64.4076 505.705 64.2141 505.749 64.0342 505.809C63.8565 505.868 63.7126 505.957 63.6024 506.076C63.4944 506.193 63.4405 506.353 63.4405 506.555C63.4405 506.832 63.5428 507.041 63.7475 507.182C63.9544 507.322 64.2164 507.392 64.5335 507.392ZM69.0364 504.868V507.985H68.2402V502.804H69.0094V503.613H69.0769C69.1983 503.35 69.3827 503.139 69.6301 502.979C69.8775 502.817 70.1969 502.736 70.5882 502.736C70.9391 502.736 71.2461 502.808 71.5092 502.952C71.7724 503.094 71.977 503.31 72.1232 503.6C72.2694 503.888 72.3425 504.252 72.3425 504.693V507.985H71.5463V504.747C71.5463 504.34 71.4406 504.023 71.2292 503.795C71.0178 503.566 70.7277 503.451 70.3588 503.451C70.1047 503.451 69.8775 503.506 69.6774 503.617C69.4795 503.727 69.3231 503.888 69.2084 504.099C69.0937 504.31 69.0364 504.567 69.0364 504.868ZM77.6432 507.985L76.0644 502.804H76.9011L78.0211 506.771H78.0751L79.1816 502.804H80.0317L81.1248 506.757H81.1787L82.2988 502.804H83.1354L81.5566 507.985H80.7739L79.6404 504.005H79.5594L78.4259 507.985H77.6432ZM84.188 507.985V502.804H84.9841V507.985H84.188ZM84.5928 501.94C84.4376 501.94 84.3038 501.887 84.1914 501.781C84.0812 501.676 84.0261 501.549 84.0261 501.4C84.0261 501.252 84.0812 501.125 84.1914 501.019C84.3038 500.913 84.4376 500.86 84.5928 500.86C84.748 500.86 84.8807 500.913 84.9909 501.019C85.1033 501.125 85.1596 501.252 85.1596 501.4C85.1596 501.549 85.1033 501.676 84.9909 501.781C84.8807 501.887 84.748 501.94 84.5928 501.94ZM88.6959 502.804V503.478H86.0106V502.804H88.6959ZM86.7932 501.562H87.5894V506.501C87.5894 506.726 87.622 506.895 87.6872 507.007C87.7547 507.117 87.8402 507.191 87.9436 507.23C88.0493 507.266 88.1607 507.284 88.2776 507.284C88.3653 507.284 88.4373 507.279 88.4935 507.27C88.5497 507.259 88.5947 507.25 88.6285 507.243L88.7904 507.958C88.7364 507.979 88.6611 507.999 88.5644 508.019C88.4676 508.042 88.3451 508.053 88.1966 508.053C87.9717 508.053 87.7513 508.004 87.5354 507.908C87.3218 507.811 87.1441 507.664 87.0024 507.466C86.863 507.268 86.7932 507.018 86.7932 506.717V501.562ZM90.801 504.868V507.985H90.0049V501.076H90.801V503.613H90.8685C90.99 503.346 91.1721 503.133 91.415 502.976C91.6602 502.816 91.9863 502.736 92.3934 502.736C92.7465 502.736 93.0557 502.807 93.3211 502.949C93.5865 503.088 93.7923 503.303 93.9385 503.593C94.0869 503.881 94.1611 504.247 94.1611 504.693V507.985H93.365V504.747C93.365 504.335 93.2581 504.017 93.0445 503.792C92.8331 503.565 92.5396 503.451 92.164 503.451C91.9031 503.451 91.6692 503.506 91.4623 503.617C91.2576 503.727 91.0957 503.888 90.9765 504.099C90.8595 504.31 90.801 504.567 90.801 504.868ZM98.3975 507.985V501.076H100.732C101.274 501.076 101.717 501.174 102.061 501.37C102.408 501.563 102.664 501.825 102.83 502.156C102.997 502.486 103.08 502.855 103.08 503.262C103.08 503.669 102.997 504.039 102.83 504.372C102.666 504.705 102.412 504.97 102.068 505.168C101.724 505.364 101.283 505.462 100.746 505.462H99.0722V504.72H100.719C101.09 504.72 101.388 504.656 101.613 504.527C101.837 504.399 102 504.226 102.102 504.008C102.205 503.787 102.257 503.539 102.257 503.262C102.257 502.986 102.205 502.738 102.102 502.52C102 502.302 101.836 502.131 101.609 502.007C101.382 501.881 101.081 501.818 100.705 501.818H99.2341V507.985H98.3975ZM105.116 501.076V507.985H104.32V501.076H105.116ZM108.099 508.107C107.771 508.107 107.473 508.045 107.205 507.921C106.937 507.795 106.725 507.614 106.567 507.378C106.41 507.14 106.331 506.852 106.331 506.514C106.331 506.218 106.39 505.977 106.507 505.793C106.624 505.606 106.78 505.46 106.976 505.354C107.171 505.248 107.387 505.17 107.623 505.118C107.862 505.064 108.101 505.021 108.342 504.99C108.657 504.949 108.912 504.919 109.108 504.899C109.306 504.876 109.45 504.839 109.54 504.787C109.632 504.735 109.678 504.646 109.678 504.517V504.49C109.678 504.157 109.587 503.899 109.405 503.714C109.225 503.53 108.951 503.438 108.585 503.438C108.205 503.438 107.907 503.521 107.691 503.687C107.475 503.854 107.323 504.032 107.235 504.22L106.48 503.951C106.615 503.636 106.795 503.391 107.02 503.215C107.247 503.037 107.494 502.914 107.762 502.844C108.032 502.772 108.297 502.736 108.558 502.736C108.724 502.736 108.915 502.756 109.131 502.797C109.35 502.835 109.56 502.915 109.762 503.036C109.967 503.158 110.137 503.341 110.272 503.586C110.407 503.831 110.474 504.16 110.474 504.571V507.985H109.678V507.284H109.637C109.583 507.396 109.493 507.516 109.368 507.645C109.242 507.773 109.074 507.882 108.865 507.972C108.656 508.062 108.4 508.107 108.099 508.107ZM108.221 507.392C108.535 507.392 108.801 507.33 109.017 507.206C109.235 507.082 109.399 506.923 109.509 506.727C109.622 506.531 109.678 506.326 109.678 506.11V505.381C109.644 505.421 109.57 505.459 109.455 505.492C109.343 505.524 109.212 505.552 109.064 505.577C108.918 505.599 108.775 505.619 108.635 505.637C108.498 505.653 108.387 505.667 108.301 505.678C108.095 505.705 107.901 505.749 107.721 505.809C107.544 505.868 107.4 505.957 107.289 506.076C107.181 506.193 107.127 506.353 107.127 506.555C107.127 506.832 107.23 507.041 107.434 507.182C107.641 507.322 107.903 507.392 108.221 507.392ZM112.254 509.929C112.12 509.929 111.999 509.917 111.894 509.895C111.788 509.875 111.715 509.854 111.674 509.834L111.877 509.132C112.07 509.182 112.241 509.2 112.389 509.186C112.538 509.173 112.669 509.107 112.784 508.987C112.901 508.87 113.008 508.68 113.105 508.417L113.253 508.012L111.337 502.804H112.201L113.631 506.933H113.685L115.115 502.804H115.979L113.779 508.741C113.68 509.009 113.558 509.23 113.412 509.406C113.265 509.583 113.096 509.715 112.902 509.8C112.711 509.886 112.495 509.929 112.254 509.929ZM118.204 507.985L116.625 502.804H117.462L118.582 506.771H118.636L119.742 502.804H120.592L121.685 506.757H121.739L122.859 502.804H123.696L122.117 507.985H121.334L120.201 504.005H120.12L118.986 507.985H118.204ZM124.749 507.985V502.804H125.518V503.586H125.572C125.666 503.33 125.837 503.122 126.084 502.962C126.332 502.802 126.611 502.723 126.921 502.723C126.98 502.723 127.053 502.724 127.14 502.726C127.228 502.728 127.294 502.732 127.339 502.736V503.546C127.312 503.539 127.251 503.529 127.154 503.515C127.059 503.5 126.959 503.492 126.854 503.492C126.602 503.492 126.377 503.545 126.179 503.65C125.983 503.754 125.828 503.898 125.713 504.082C125.601 504.264 125.545 504.472 125.545 504.706V507.985H124.749ZM128.283 507.985V502.804H129.079V507.985H128.283ZM128.688 501.94C128.533 501.94 128.399 501.887 128.287 501.781C128.176 501.676 128.121 501.549 128.121 501.4C128.121 501.252 128.176 501.125 128.287 501.019C128.399 500.913 128.533 500.86 128.688 500.86C128.843 500.86 128.976 500.913 129.086 501.019C129.199 501.125 129.255 501.252 129.255 501.4C129.255 501.549 129.199 501.676 129.086 501.781C128.976 501.887 128.843 501.94 128.688 501.94ZM132.629 510.036C132.245 510.036 131.914 509.987 131.637 509.888C131.361 509.791 131.13 509.663 130.946 509.503C130.764 509.346 130.619 509.177 130.511 508.997L131.145 508.552C131.217 508.647 131.308 508.755 131.418 508.876C131.528 509 131.679 509.107 131.87 509.196C132.064 509.289 132.317 509.335 132.629 509.335C133.048 509.335 133.393 509.234 133.665 509.031C133.937 508.829 134.073 508.512 134.073 508.08V507.027H134.006C133.947 507.122 133.864 507.239 133.756 507.378C133.65 507.515 133.497 507.638 133.297 507.746C133.099 507.852 132.832 507.904 132.494 507.904C132.076 507.904 131.7 507.805 131.367 507.608C131.037 507.41 130.775 507.122 130.581 506.744C130.39 506.366 130.295 505.907 130.295 505.367C130.295 504.837 130.388 504.374 130.575 503.981C130.761 503.585 131.021 503.279 131.354 503.063C131.687 502.845 132.071 502.736 132.508 502.736C132.845 502.736 133.113 502.792 133.311 502.905C133.511 503.015 133.664 503.141 133.769 503.283C133.877 503.422 133.961 503.537 134.019 503.627H134.1V502.804H134.869V508.134C134.869 508.579 134.768 508.941 134.566 509.22C134.365 509.501 134.096 509.707 133.756 509.837C133.419 509.97 133.043 510.036 132.629 510.036ZM132.602 507.189C132.922 507.189 133.191 507.116 133.412 506.97C133.632 506.824 133.8 506.613 133.915 506.339C134.029 506.065 134.087 505.736 134.087 505.354C134.087 504.981 134.03 504.651 133.918 504.366C133.805 504.08 133.639 503.856 133.419 503.694C133.198 503.532 132.926 503.451 132.602 503.451C132.265 503.451 131.984 503.537 131.759 503.708C131.536 503.879 131.369 504.108 131.256 504.396C131.146 504.684 131.091 505.003 131.091 505.354C131.091 505.714 131.147 506.032 131.26 506.309C131.374 506.583 131.543 506.799 131.766 506.956C131.99 507.112 132.269 507.189 132.602 507.189ZM137.123 504.868V507.985H136.327V501.076H137.123V503.613H137.19C137.312 503.346 137.494 503.133 137.737 502.976C137.982 502.816 138.308 502.736 138.715 502.736C139.068 502.736 139.377 502.807 139.643 502.949C139.908 503.088 140.114 503.303 140.26 503.593C140.409 503.881 140.483 504.247 140.483 504.693V507.985H139.687V504.747C139.687 504.335 139.58 504.017 139.366 503.792C139.155 503.565 138.861 503.451 138.486 503.451C138.225 503.451 137.991 503.506 137.784 503.617C137.579 503.727 137.417 503.888 137.298 504.099C137.181 504.31 137.123 504.567 137.123 504.868ZM144.193 502.804V503.478H141.508V502.804H144.193ZM142.29 501.562H143.086V506.501C143.086 506.726 143.119 506.895 143.184 507.007C143.252 507.117 143.337 507.191 143.441 507.23C143.546 507.266 143.658 507.284 143.775 507.284C143.862 507.284 143.934 507.279 143.991 507.27C144.047 507.259 144.092 507.25 144.126 507.243L144.287 507.958C144.233 507.979 144.158 507.999 144.061 508.019C143.965 508.042 143.842 508.053 143.694 508.053C143.469 508.053 143.248 508.004 143.032 507.908C142.819 507.811 142.641 507.664 142.499 507.466C142.36 507.268 142.29 507.018 142.29 506.717V501.562ZM148.346 504.531C148.346 503.681 148.456 502.899 148.676 502.186C148.899 501.471 149.216 500.813 149.628 500.213H150.33C150.168 500.435 150.016 500.71 149.874 501.036C149.735 501.36 149.612 501.716 149.506 502.105C149.401 502.492 149.317 502.892 149.257 503.306C149.198 503.72 149.169 504.128 149.169 504.531C149.169 505.066 149.221 505.609 149.324 506.16C149.428 506.711 149.567 507.223 149.743 507.695C149.918 508.168 150.114 508.552 150.33 508.849H149.628C149.216 508.248 148.899 507.592 148.676 506.879C148.456 506.164 148.346 505.381 148.346 504.531ZM154.257 501.076H155.094V506.015C155.094 506.456 155.013 506.83 154.851 507.139C154.689 507.447 154.461 507.681 154.166 507.84C153.872 508 153.524 508.08 153.124 508.08C152.746 508.08 152.41 508.011 152.115 507.874C151.82 507.735 151.589 507.537 151.42 507.28C151.251 507.024 151.167 506.719 151.167 506.366H151.99C151.99 506.562 152.039 506.733 152.135 506.879C152.234 507.023 152.369 507.135 152.54 507.216C152.711 507.297 152.906 507.338 153.124 507.338C153.364 507.338 153.569 507.287 153.738 507.186C153.906 507.085 154.035 506.936 154.122 506.741C154.212 506.543 154.257 506.301 154.257 506.015V501.076ZM158.187 508.107C157.859 508.107 157.561 508.045 157.293 507.921C157.026 507.795 156.813 507.614 156.656 507.378C156.498 507.14 156.42 506.852 156.42 506.514C156.42 506.218 156.478 505.977 156.595 505.793C156.712 505.606 156.868 505.46 157.064 505.354C157.26 505.248 157.476 505.17 157.712 505.118C157.95 505.064 158.19 505.021 158.43 504.99C158.745 504.949 159 504.919 159.196 504.899C159.394 504.876 159.538 504.839 159.628 504.787C159.72 504.735 159.766 504.646 159.766 504.517V504.49C159.766 504.157 159.675 503.899 159.493 503.714C159.313 503.53 159.04 503.438 158.673 503.438C158.293 503.438 157.995 503.521 157.779 503.687C157.563 503.854 157.412 504.032 157.324 504.22L156.568 503.951C156.703 503.636 156.883 503.391 157.108 503.215C157.335 503.037 157.582 502.914 157.85 502.844C158.12 502.772 158.385 502.736 158.646 502.736C158.813 502.736 159.004 502.756 159.22 502.797C159.438 502.835 159.648 502.915 159.851 503.036C160.055 503.158 160.225 503.341 160.36 503.586C160.495 503.831 160.562 504.16 160.562 504.571V507.985H159.766V507.284H159.726C159.672 507.396 159.582 507.516 159.456 507.645C159.33 507.773 159.162 507.882 158.953 507.972C158.744 508.062 158.489 508.107 158.187 508.107ZM158.309 507.392C158.624 507.392 158.889 507.33 159.105 507.206C159.323 507.082 159.487 506.923 159.598 506.727C159.71 506.531 159.766 506.326 159.766 506.11V505.381C159.733 505.421 159.658 505.459 159.544 505.492C159.431 505.524 159.301 505.552 159.152 505.577C159.006 505.599 158.863 505.619 158.724 505.637C158.587 505.653 158.475 505.667 158.39 505.678C158.183 505.705 157.99 505.749 157.81 505.809C157.632 505.868 157.488 505.957 157.378 506.076C157.27 506.193 157.216 506.353 157.216 506.555C157.216 506.832 157.318 507.041 157.523 507.182C157.73 507.322 157.992 507.392 158.309 507.392ZM166.067 502.804L164.151 507.985H163.341L161.425 502.804H162.289L163.719 506.933H163.773L165.204 502.804H166.067ZM168.485 508.107C168.157 508.107 167.859 508.045 167.591 507.921C167.324 507.795 167.111 507.614 166.954 507.378C166.796 507.14 166.718 506.852 166.718 506.514C166.718 506.218 166.776 505.977 166.893 505.793C167.01 505.606 167.166 505.46 167.362 505.354C167.558 505.248 167.773 505.17 168.01 505.118C168.248 505.064 168.488 505.021 168.728 504.99C169.043 504.949 169.298 504.919 169.494 504.899C169.692 504.876 169.836 504.839 169.926 504.787C170.018 504.735 170.064 504.646 170.064 504.517V504.49C170.064 504.157 169.973 503.899 169.791 503.714C169.611 503.53 169.338 503.438 168.971 503.438C168.591 503.438 168.293 503.521 168.077 503.687C167.861 503.854 167.709 504.032 167.622 504.22L166.866 503.951C167.001 503.636 167.181 503.391 167.406 503.215C167.633 503.037 167.88 502.914 168.148 502.844C168.418 502.772 168.683 502.736 168.944 502.736C169.111 502.736 169.302 502.756 169.518 502.797C169.736 502.835 169.946 502.915 170.148 503.036C170.353 503.158 170.523 503.341 170.658 503.586C170.793 503.831 170.86 504.16 170.86 504.571V507.985H170.064V507.284H170.024C169.97 507.396 169.88 507.516 169.754 507.645C169.628 507.773 169.46 507.882 169.251 507.972C169.042 508.062 168.787 508.107 168.485 508.107ZM168.607 507.392C168.922 507.392 169.187 507.33 169.403 507.206C169.621 507.082 169.785 506.923 169.895 506.727C170.008 506.531 170.064 506.326 170.064 506.11V505.381C170.03 505.421 169.956 505.459 169.841 505.492C169.729 505.524 169.599 505.552 169.45 505.577C169.304 505.599 169.161 505.619 169.022 505.637C168.885 505.653 168.773 505.667 168.688 505.678C168.481 505.705 168.287 505.749 168.107 505.809C167.93 505.868 167.786 505.957 167.676 506.076C167.568 506.193 167.514 506.353 167.514 506.555C167.514 506.832 167.616 507.041 167.821 507.182C168.028 507.322 168.29 507.392 168.607 507.392ZM176.2 502.804C176.159 502.462 175.995 502.196 175.707 502.007C175.419 501.818 175.066 501.724 174.648 501.724C174.342 501.724 174.074 501.773 173.845 501.872C173.618 501.971 173.44 502.107 173.312 502.281C173.186 502.454 173.123 502.651 173.123 502.871C173.123 503.055 173.167 503.214 173.255 503.347C173.345 503.477 173.459 503.586 173.599 503.674C173.738 503.759 173.884 503.83 174.037 503.886C174.19 503.94 174.331 503.984 174.459 504.018L175.161 504.207C175.341 504.254 175.541 504.319 175.761 504.403C175.984 504.486 176.196 504.599 176.399 504.743C176.604 504.885 176.772 505.067 176.905 505.29C177.038 505.513 177.104 505.786 177.104 506.11C177.104 506.483 177.006 506.82 176.81 507.122C176.617 507.423 176.334 507.663 175.96 507.84C175.589 508.018 175.138 508.107 174.608 508.107C174.113 508.107 173.684 508.027 173.322 507.867C172.962 507.708 172.679 507.485 172.472 507.199C172.267 506.914 172.152 506.582 172.125 506.204H172.988C173.011 506.465 173.098 506.681 173.251 506.852C173.407 507.021 173.602 507.146 173.838 507.23C174.077 507.311 174.333 507.351 174.608 507.351C174.927 507.351 175.214 507.299 175.468 507.196C175.722 507.09 175.923 506.944 176.072 506.757C176.22 506.568 176.294 506.348 176.294 506.096C176.294 505.867 176.23 505.68 176.102 505.536C175.974 505.392 175.805 505.275 175.596 505.185C175.387 505.095 175.161 505.017 174.918 504.949L174.068 504.706C173.528 504.551 173.101 504.33 172.786 504.042C172.471 503.754 172.313 503.377 172.313 502.911C172.313 502.525 172.418 502.187 172.627 501.899C172.839 501.609 173.122 501.384 173.477 501.225C173.835 501.063 174.234 500.982 174.675 500.982C175.12 500.982 175.516 501.062 175.862 501.221C176.209 501.379 176.483 501.595 176.686 501.869C176.89 502.143 176.998 502.455 177.009 502.804H176.2ZM180.477 508.093C179.991 508.093 179.573 507.979 179.222 507.749C178.871 507.52 178.601 507.204 178.412 506.801C178.223 506.399 178.129 505.939 178.129 505.421C178.129 504.895 178.225 504.431 178.419 504.028C178.614 503.623 178.887 503.307 179.235 503.08C179.586 502.851 179.995 502.736 180.463 502.736C180.828 502.736 181.156 502.804 181.448 502.938C181.741 503.073 181.98 503.262 182.167 503.505C182.354 503.748 182.469 504.032 182.514 504.355H181.718C181.657 504.119 181.522 503.91 181.313 503.728C181.106 503.543 180.828 503.451 180.477 503.451C180.166 503.451 179.894 503.532 179.66 503.694C179.429 503.854 179.248 504.08 179.117 504.372C178.989 504.662 178.925 505.003 178.925 505.394C178.925 505.795 178.988 506.143 179.114 506.44C179.242 506.737 179.422 506.968 179.654 507.132C179.887 507.296 180.162 507.378 180.477 507.378C180.684 507.378 180.871 507.342 181.04 507.27C181.209 507.198 181.352 507.095 181.469 506.96C181.585 506.825 181.669 506.663 181.718 506.474H182.514C182.469 506.78 182.358 507.055 182.18 507.301C182.005 507.543 181.772 507.737 181.482 507.881C181.194 508.022 180.859 508.093 180.477 508.093ZM183.678 507.985V502.804H184.447V503.586H184.501C184.596 503.33 184.767 503.122 185.014 502.962C185.262 502.802 185.54 502.723 185.851 502.723C185.909 502.723 185.982 502.724 186.07 502.726C186.158 502.728 186.224 502.732 186.269 502.736V503.546C186.242 503.539 186.18 503.529 186.084 503.515C185.989 503.5 185.889 503.492 185.783 503.492C185.531 503.492 185.307 503.545 185.109 503.65C184.913 503.754 184.758 503.898 184.643 504.082C184.531 504.264 184.474 504.472 184.474 504.706V507.985H183.678ZM187.213 507.985V502.804H188.009V507.985H187.213ZM187.618 501.94C187.463 501.94 187.329 501.887 187.216 501.781C187.106 501.676 187.051 501.549 187.051 501.4C187.051 501.252 187.106 501.125 187.216 501.019C187.329 500.913 187.463 500.86 187.618 500.86C187.773 500.86 187.906 500.913 188.016 501.019C188.128 501.125 188.184 501.252 188.184 501.4C188.184 501.549 188.128 501.676 188.016 501.781C187.906 501.887 187.773 501.94 187.618 501.94ZM189.467 509.929V502.804H190.236V503.627H190.331C190.389 503.537 190.47 503.422 190.574 503.283C190.68 503.141 190.83 503.015 191.026 502.905C191.224 502.792 191.491 502.736 191.829 502.736C192.265 502.736 192.65 502.845 192.983 503.063C193.315 503.281 193.575 503.591 193.762 503.991C193.949 504.391 194.042 504.864 194.042 505.408C194.042 505.957 193.949 506.432 193.762 506.835C193.575 507.235 193.317 507.546 192.986 507.766C192.655 507.984 192.274 508.093 191.842 508.093C191.509 508.093 191.243 508.038 191.043 507.928C190.843 507.816 190.689 507.688 190.581 507.547C190.473 507.403 190.389 507.284 190.331 507.189H190.263V509.929H189.467ZM190.25 505.394C190.25 505.786 190.307 506.131 190.422 506.43C190.537 506.727 190.704 506.96 190.925 507.128C191.145 507.295 191.415 507.378 191.734 507.378C192.067 507.378 192.345 507.29 192.568 507.115C192.793 506.937 192.961 506.699 193.074 506.4C193.188 506.098 193.246 505.763 193.246 505.394C193.246 505.03 193.189 504.702 193.077 504.409C192.967 504.115 192.799 503.882 192.574 503.711C192.352 503.538 192.072 503.451 191.734 503.451C191.41 503.451 191.138 503.533 190.918 503.698C190.698 503.859 190.531 504.087 190.419 504.379C190.306 504.669 190.25 505.008 190.25 505.394ZM197.51 502.804V503.478H194.825V502.804H197.51ZM195.607 501.562H196.403V506.501C196.403 506.726 196.436 506.895 196.501 507.007C196.569 507.117 196.654 507.191 196.758 507.23C196.863 507.266 196.975 507.284 197.092 507.284C197.179 507.284 197.251 507.279 197.307 507.27C197.364 507.259 197.409 507.25 197.442 507.243L197.604 507.958C197.55 507.979 197.475 507.999 197.378 508.019C197.282 508.042 197.159 508.053 197.011 508.053C196.786 508.053 196.565 508.004 196.349 507.908C196.136 507.811 195.958 507.664 195.816 507.466C195.677 507.268 195.607 507.018 195.607 506.717V501.562ZM200.408 505.071C200.408 505.921 200.296 506.703 200.074 507.419C199.853 508.132 199.537 508.788 199.126 509.389H198.424C198.586 509.166 198.737 508.892 198.876 508.566C199.018 508.242 199.142 507.886 199.247 507.5C199.353 507.11 199.435 506.709 199.494 506.295C199.554 505.879 199.585 505.471 199.585 505.071C199.585 504.535 199.533 503.992 199.429 503.441C199.326 502.89 199.187 502.378 199.011 501.906C198.836 501.434 198.64 501.049 198.424 500.752H199.126C199.537 501.353 199.853 502.011 200.074 502.726C200.296 503.439 200.408 504.22 200.408 505.071ZM206.346 508.107C206.018 508.107 205.72 508.045 205.452 507.921C205.185 507.795 204.972 507.614 204.815 507.378C204.657 507.14 204.578 506.852 204.578 506.514C204.578 506.218 204.637 505.977 204.754 505.793C204.871 505.606 205.027 505.46 205.223 505.354C205.418 505.248 205.634 505.17 205.87 505.118C206.109 505.064 206.348 505.021 206.589 504.99C206.904 504.949 207.159 504.919 207.355 504.899C207.553 504.876 207.697 504.839 207.787 504.787C207.879 504.735 207.925 504.646 207.925 504.517V504.49C207.925 504.157 207.834 503.899 207.652 503.714C207.472 503.53 207.199 503.438 206.832 503.438C206.452 503.438 206.154 503.521 205.938 503.687C205.722 503.854 205.57 504.032 205.483 504.22L204.727 503.951C204.862 503.636 205.042 503.391 205.267 503.215C205.494 503.037 205.741 502.914 206.009 502.844C206.279 502.772 206.544 502.736 206.805 502.736C206.971 502.736 207.163 502.756 207.378 502.797C207.597 502.835 207.807 502.915 208.009 503.036C208.214 503.158 208.384 503.341 208.519 503.586C208.654 503.831 208.721 504.16 208.721 504.571V507.985H207.925V507.284H207.884C207.831 507.396 207.741 507.516 207.615 507.645C207.489 507.773 207.321 507.882 207.112 507.972C206.903 508.062 206.648 508.107 206.346 508.107ZM206.468 507.392C206.782 507.392 207.048 507.33 207.264 507.206C207.482 507.082 207.646 506.923 207.756 506.727C207.869 506.531 207.925 506.326 207.925 506.11V505.381C207.891 505.421 207.817 505.459 207.702 505.492C207.59 505.524 207.459 505.552 207.311 505.577C207.165 505.599 207.022 505.619 206.883 505.637C206.745 505.653 206.634 505.667 206.549 505.678C206.342 505.705 206.148 505.749 205.968 505.809C205.791 505.868 205.647 505.957 205.536 506.076C205.429 506.193 205.375 506.353 205.375 506.555C205.375 506.832 205.477 507.041 205.682 507.182C205.888 507.322 206.15 507.392 206.468 507.392ZM210.97 504.868V507.985H210.174V502.804H210.943V503.613H211.011C211.132 503.35 211.317 503.139 211.564 502.979C211.812 502.817 212.131 502.736 212.522 502.736C212.873 502.736 213.18 502.808 213.443 502.952C213.706 503.094 213.911 503.31 214.057 503.6C214.203 503.888 214.277 504.252 214.277 504.693V507.985H213.48V504.747C213.48 504.34 213.375 504.023 213.163 503.795C212.952 503.566 212.662 503.451 212.293 503.451C212.039 503.451 211.812 503.506 211.611 503.617C211.414 503.727 211.257 503.888 211.143 504.099C211.028 504.31 210.97 504.567 210.97 504.868ZM217.688 508.093C217.256 508.093 216.875 507.984 216.544 507.766C216.214 507.546 215.955 507.235 215.769 506.835C215.582 506.432 215.489 505.957 215.489 505.408C215.489 504.864 215.582 504.391 215.769 503.991C215.955 503.591 216.215 503.281 216.548 503.063C216.881 502.845 217.265 502.736 217.702 502.736C218.039 502.736 218.305 502.792 218.501 502.905C218.699 503.015 218.85 503.141 218.953 503.283C219.059 503.422 219.141 503.537 219.199 503.627H219.267V501.076H220.063V507.985H219.294V507.189H219.199C219.141 507.284 219.058 507.403 218.95 507.547C218.842 507.688 218.688 507.816 218.488 507.928C218.287 508.038 218.021 508.093 217.688 508.093ZM217.796 507.378C218.115 507.378 218.385 507.295 218.606 507.128C218.826 506.96 218.994 506.727 219.108 506.43C219.223 506.131 219.28 505.786 219.28 505.394C219.28 505.008 219.224 504.669 219.112 504.379C218.999 504.087 218.833 503.859 218.612 503.698C218.392 503.533 218.12 503.451 217.796 503.451C217.459 503.451 217.178 503.538 216.953 503.711C216.73 503.882 216.562 504.115 216.45 504.409C216.34 504.702 216.285 505.03 216.285 505.394C216.285 505.763 216.341 506.098 216.453 506.4C216.568 506.699 216.737 506.937 216.959 507.115C217.184 507.29 217.463 507.378 217.796 507.378ZM29.6625 514.235C29.5883 514.008 29.4905 513.805 29.369 513.625C29.2498 513.443 29.107 513.287 28.9406 513.159C28.7764 513.031 28.5897 512.933 28.3805 512.866C28.1714 512.798 27.942 512.764 27.6923 512.764C27.283 512.764 26.9108 512.87 26.5757 513.082C26.2406 513.293 25.9741 513.604 25.7761 514.016C25.5782 514.428 25.4793 514.933 25.4793 515.531C25.4793 516.129 25.5793 516.634 25.7795 517.046C25.9797 517.457 26.2507 517.769 26.5925 517.98C26.9344 518.191 27.319 518.297 27.7463 518.297C28.1421 518.297 28.4907 518.213 28.7921 518.044C29.0957 517.873 29.3319 517.633 29.5006 517.322C29.6715 517.01 29.757 516.642 29.757 516.219L30.0134 516.273H27.9352V515.531H30.5666V516.273C30.5666 516.842 30.4452 517.337 30.2023 517.757C29.9616 518.178 29.6288 518.504 29.2037 518.736C28.7809 518.965 28.2951 519.08 27.7463 519.08C27.1346 519.08 26.597 518.936 26.1337 518.648C25.6727 518.36 25.3128 517.951 25.0542 517.42C24.7978 516.889 24.6696 516.259 24.6696 515.531C24.6696 514.984 24.7427 514.493 24.8889 514.057C25.0373 513.618 25.2465 513.245 25.5164 512.937C25.7863 512.628 26.1056 512.392 26.4745 512.228C26.8433 512.064 27.2493 511.982 27.6923 511.982C28.0567 511.982 28.3963 512.037 28.7112 512.147C29.0283 512.255 29.3105 512.409 29.5579 512.609C29.8076 512.807 30.0156 513.044 30.182 513.321C30.3485 513.595 30.4632 513.9 30.5261 514.235H29.6625ZM32.2163 518.985V513.804H33.0125V518.985H32.2163ZM32.6211 512.94C32.4659 512.94 32.3321 512.887 32.2197 512.781C32.1095 512.676 32.0544 512.549 32.0544 512.4C32.0544 512.252 32.1095 512.125 32.2197 512.019C32.3321 511.913 32.4659 511.86 32.6211 511.86C32.7763 511.86 32.909 511.913 33.0192 512.019C33.1317 512.125 33.1879 512.252 33.1879 512.4C33.1879 512.549 33.1317 512.676 33.0192 512.781C32.909 512.887 32.7763 512.94 32.6211 512.94ZM36.7242 513.804V514.478H34.0389V513.804H36.7242ZM34.8215 512.562H35.6177V517.501C35.6177 517.726 35.6503 517.895 35.7155 518.007C35.783 518.117 35.8685 518.191 35.9719 518.23C36.0776 518.266 36.189 518.284 36.3059 518.284C36.3936 518.284 36.4656 518.279 36.5218 518.27C36.5781 518.259 36.623 518.25 36.6568 518.243L36.8187 518.958C36.7647 518.979 36.6894 518.999 36.5927 519.019C36.496 519.042 36.3734 519.053 36.225 519.053C36.0001 519.053 35.7796 519.004 35.5637 518.908C35.3501 518.811 35.1724 518.664 35.0307 518.466C34.8913 518.268 34.8215 518.018 34.8215 517.717V512.562ZM38.1412 518.985V512.076H38.9778V515.153H42.6617V512.076H43.4984V518.985H42.6617V515.895H38.9778V518.985H38.1412ZM48.331 516.867V513.804H49.1272V518.985H48.331V518.108H48.2771C48.1556 518.371 47.9667 518.595 47.7103 518.78C47.4539 518.962 47.1301 519.053 46.7387 519.053C46.4149 519.053 46.127 518.982 45.8751 518.84C45.6232 518.696 45.4253 518.48 45.2813 518.193C45.1374 517.902 45.0654 517.537 45.0654 517.096V513.804H45.8616V517.042C45.8616 517.42 45.9673 517.721 46.1787 517.946C46.3924 518.171 46.6645 518.284 46.9951 518.284C47.193 518.284 47.3943 518.233 47.599 518.132C47.8059 518.031 47.9791 517.875 48.1185 517.666C48.2602 517.457 48.331 517.191 48.331 516.867ZM50.6934 518.985V512.076H51.4896V514.627H51.557C51.6155 514.537 51.6965 514.422 51.7999 514.283C51.9056 514.141 52.0563 514.015 52.252 513.905C52.4499 513.792 52.7175 513.736 53.0549 513.736C53.4912 513.736 53.8758 513.845 54.2087 514.063C54.5415 514.281 54.8013 514.591 54.988 514.991C55.1746 515.391 55.268 515.864 55.268 516.408C55.268 516.957 55.1746 517.432 54.988 517.835C54.8013 518.235 54.5427 518.546 54.212 518.766C53.8814 518.984 53.5002 519.093 53.0684 519.093C52.7355 519.093 52.469 519.038 52.2689 518.928C52.0687 518.816 51.9146 518.688 51.8067 518.547C51.6987 518.403 51.6155 518.284 51.557 518.189H51.4626V518.985H50.6934ZM51.4761 516.394C51.4761 516.786 51.5334 517.131 51.6481 517.43C51.7628 517.727 51.9304 517.96 52.1508 518.128C52.3712 518.295 52.6411 518.378 52.9604 518.378C53.2933 518.378 53.5711 518.29 53.7937 518.115C54.0186 517.937 54.1873 517.699 54.2998 517.4C54.4145 517.098 54.4718 516.763 54.4718 516.394C54.4718 516.03 54.4156 515.702 54.3031 515.409C54.1929 515.115 54.0254 514.882 53.8005 514.711C53.5778 514.538 53.2978 514.451 52.9604 514.451C52.6366 514.451 52.3644 514.533 52.144 514.698C51.9236 514.859 51.7572 515.087 51.6447 515.379C51.5323 515.669 51.4761 516.008 51.4761 516.394ZM59.549 518.985H58.6719L61.2088 512.076H62.0725L64.6094 518.985H63.7323L61.6677 513.169H61.6137L59.549 518.985ZM59.8729 516.286H63.4084V517.029H59.8729V516.286ZM67.6827 519.093C67.1969 519.093 66.7786 518.979 66.4278 518.749C66.0769 518.52 65.807 518.204 65.6181 517.801C65.4292 517.399 65.3347 516.939 65.3347 516.421C65.3347 515.895 65.4314 515.431 65.6249 515.028C65.8205 514.623 66.0927 514.307 66.4413 514.08C66.7921 513.851 67.2014 513.736 67.6693 513.736C68.0336 513.736 68.362 513.804 68.6543 513.938C68.9467 514.073 69.1862 514.262 69.3729 514.505C69.5596 514.748 69.6754 515.032 69.7204 515.355H68.9242C68.8635 515.119 68.7286 514.91 68.5194 514.728C68.3125 514.543 68.0336 514.451 67.6827 514.451C67.3724 514.451 67.1002 514.532 66.8663 514.694C66.6347 514.854 66.4536 515.08 66.3232 515.372C66.195 515.662 66.1309 516.003 66.1309 516.394C66.1309 516.795 66.1939 517.143 66.3198 517.44C66.448 517.737 66.6279 517.968 66.8596 518.132C67.0935 518.296 67.3679 518.378 67.6827 518.378C67.8897 518.378 68.0775 518.342 68.2461 518.27C68.4148 518.198 68.5576 518.095 68.6746 517.96C68.7915 517.825 68.8747 517.663 68.9242 517.474H69.7204C69.6754 517.78 69.5641 518.055 69.3864 518.301C69.211 518.543 68.9782 518.737 68.6881 518.881C68.4002 519.022 68.0651 519.093 67.6827 519.093ZM73.1378 513.804V514.478H70.4525V513.804H73.1378ZM71.2351 512.562H72.0313V517.501C72.0313 517.726 72.0639 517.895 72.1291 518.007C72.1966 518.117 72.2821 518.191 72.3855 518.23C72.4912 518.266 72.6025 518.284 72.7195 518.284C72.8072 518.284 72.8792 518.279 72.9354 518.27C72.9916 518.259 73.0366 518.25 73.0704 518.243L73.2323 518.958C73.1783 518.979 73.103 518.999 73.0063 519.019C72.9095 519.042 72.787 519.053 72.6385 519.053C72.4136 519.053 72.1932 519.004 71.9773 518.908C71.7637 518.811 71.586 518.664 71.4443 518.466C71.3048 518.268 71.2351 518.018 71.2351 517.717V512.562ZM74.3354 518.985V513.804H75.1316V518.985H74.3354ZM74.7403 512.94C74.5851 512.94 74.4513 512.887 74.3388 512.781C74.2286 512.676 74.1735 512.549 74.1735 512.4C74.1735 512.252 74.2286 512.125 74.3388 512.019C74.4513 511.913 74.5851 511.86 74.7403 511.86C74.8955 511.86 75.0282 511.913 75.1384 512.019C75.2508 512.125 75.307 512.252 75.307 512.4C75.307 512.549 75.2508 512.676 75.1384 512.781C75.0282 512.887 74.8955 512.94 74.7403 512.94ZM78.695 519.093C78.2271 519.093 77.8167 518.982 77.4636 518.759C77.1127 518.537 76.8384 518.225 76.6404 517.825C76.4448 517.425 76.3469 516.957 76.3469 516.421C76.3469 515.882 76.4448 515.41 76.6404 515.008C76.8384 514.605 77.1127 514.293 77.4636 514.07C77.8167 513.847 78.2271 513.736 78.695 513.736C79.1628 513.736 79.5721 513.847 79.9229 514.07C80.276 514.293 80.5504 514.605 80.7461 515.008C80.944 515.41 81.043 515.882 81.043 516.421C81.043 516.957 80.944 517.425 80.7461 517.825C80.5504 518.225 80.276 518.537 79.9229 518.759C79.5721 518.982 79.1628 519.093 78.695 519.093ZM78.695 518.378C79.0503 518.378 79.3427 518.287 79.5721 518.105C79.8015 517.923 79.9713 517.683 80.0815 517.386C80.1917 517.089 80.2468 516.768 80.2468 516.421C80.2468 516.075 80.1917 515.752 80.0815 515.453C79.9713 515.154 79.8015 514.912 79.5721 514.728C79.3427 514.543 79.0503 514.451 78.695 514.451C78.3396 514.451 78.0472 514.543 77.8178 514.728C77.5884 514.912 77.4186 515.154 77.3084 515.453C77.1982 515.752 77.1431 516.075 77.1431 516.421C77.1431 516.768 77.1982 517.089 77.3084 517.386C77.4186 517.683 77.5884 517.923 77.8178 518.105C78.0472 518.287 78.3396 518.378 78.695 518.378ZM83.0545 515.868V518.985H82.2583V513.804H83.0275V514.613H83.0949C83.2164 514.35 83.4008 514.139 83.6482 513.979C83.8956 513.817 84.215 513.736 84.6063 513.736C84.9572 513.736 85.2642 513.808 85.5273 513.952C85.7904 514.094 85.9951 514.31 86.1413 514.6C86.2875 514.888 86.3606 515.252 86.3606 515.693V518.985H85.5644V515.747C85.5644 515.34 85.4587 515.023 85.2473 514.795C85.0359 514.566 84.7457 514.451 84.3769 514.451C84.1228 514.451 83.8956 514.506 83.6954 514.617C83.4975 514.727 83.3412 514.888 83.2265 515.099C83.1118 515.31 83.0545 515.567 83.0545 515.868ZM91.4859 514.964L90.7707 515.166C90.7257 515.047 90.6594 514.931 90.5716 514.819C90.4862 514.704 90.3692 514.61 90.2208 514.536C90.0723 514.461 89.8823 514.424 89.6507 514.424C89.3335 514.424 89.0693 514.497 88.8579 514.644C88.6487 514.787 88.5441 514.971 88.5441 515.193C88.5441 515.391 88.6161 515.548 88.76 515.662C88.904 515.777 89.1289 515.873 89.4347 515.949L90.2039 516.138C90.6672 516.251 91.0125 516.423 91.2396 516.654C91.4668 516.884 91.5803 517.179 91.5803 517.541C91.5803 517.838 91.4949 518.104 91.3239 518.338C91.1553 518.572 90.9191 518.756 90.6155 518.891C90.3119 519.026 89.9588 519.093 89.5562 519.093C89.0277 519.093 88.5902 518.979 88.2439 518.749C87.8975 518.52 87.6782 518.185 87.586 517.744L88.3417 517.555C88.4137 517.834 88.5497 518.043 88.7499 518.182C88.9523 518.322 89.2166 518.392 89.5427 518.392C89.9138 518.392 90.2084 518.313 90.4266 518.155C90.647 517.996 90.7572 517.805 90.7572 517.582C90.7572 517.402 90.6942 517.251 90.5683 517.13C90.4423 517.006 90.2489 516.914 89.988 516.853L89.1244 516.651C88.6498 516.538 88.3012 516.364 88.0786 516.128C87.8582 515.89 87.748 515.592 87.748 515.234C87.748 514.942 87.83 514.683 87.9942 514.458C88.1607 514.233 88.3867 514.057 88.6723 513.928C88.9602 513.8 89.2863 513.736 89.6507 513.736C90.1634 513.736 90.566 513.849 90.8584 514.073C91.153 514.298 91.3622 514.595 91.4859 514.964Z" fill="#5D5D5D"/>
<path d="M315.689 492.235H314.853C314.803 491.995 314.717 491.783 314.593 491.601C314.472 491.419 314.323 491.266 314.148 491.142C313.975 491.016 313.782 490.922 313.571 490.859C313.359 490.796 313.139 490.764 312.91 490.764C312.491 490.764 312.112 490.87 311.773 491.082C311.435 491.293 311.167 491.604 310.966 492.016C310.769 492.428 310.67 492.933 310.67 493.531C310.67 494.129 310.769 494.634 310.966 495.046C311.167 495.457 311.435 495.769 311.773 495.98C312.112 496.191 312.491 496.297 312.91 496.297C313.139 496.297 313.359 496.266 313.571 496.203C313.782 496.14 313.975 496.046 314.148 495.923C314.323 495.797 314.472 495.643 314.593 495.46C314.717 495.276 314.803 495.065 314.853 494.826H315.689C315.626 495.179 315.512 495.495 315.345 495.774C315.179 496.053 314.972 496.29 314.725 496.486C314.477 496.679 314.199 496.827 313.891 496.928C313.585 497.029 313.258 497.08 312.91 497.08C312.32 497.08 311.796 496.936 311.338 496.648C310.879 496.36 310.518 495.951 310.255 495.42C309.991 494.889 309.86 494.259 309.86 493.531C309.86 492.802 309.991 492.172 310.255 491.642C310.518 491.111 310.879 490.701 311.338 490.414C311.796 490.126 312.32 489.982 312.91 489.982C313.258 489.982 313.585 490.032 313.891 490.134C314.199 490.235 314.477 490.383 314.725 490.579C314.972 490.772 315.179 491.008 315.345 491.287C315.512 491.564 315.626 491.88 315.689 492.235ZM316.933 496.985V491.804H317.703V492.586H317.757C317.851 492.33 318.022 492.122 318.269 491.962C318.517 491.802 318.796 491.723 319.106 491.723C319.164 491.723 319.238 491.724 319.325 491.726C319.413 491.728 319.479 491.732 319.524 491.736V492.546C319.497 492.539 319.436 492.529 319.339 492.515C319.244 492.5 319.144 492.492 319.039 492.492C318.787 492.492 318.562 492.545 318.364 492.65C318.168 492.754 318.013 492.898 317.898 493.082C317.786 493.264 317.73 493.472 317.73 493.706V496.985H316.933ZM322.483 497.093C321.984 497.093 321.553 496.983 321.191 496.763C320.831 496.54 320.553 496.23 320.358 495.832C320.164 495.431 320.067 494.966 320.067 494.435C320.067 493.904 320.164 493.436 320.358 493.032C320.553 492.624 320.825 492.307 321.174 492.08C321.525 491.851 321.934 491.736 322.402 491.736C322.672 491.736 322.938 491.781 323.202 491.871C323.465 491.961 323.704 492.107 323.92 492.31C324.136 492.51 324.308 492.775 324.436 493.106C324.564 493.436 324.629 493.843 324.629 494.327V494.664H320.634V493.976H323.819C323.819 493.684 323.76 493.423 323.643 493.193C323.529 492.964 323.365 492.783 323.151 492.65C322.94 492.518 322.69 492.451 322.402 492.451C322.085 492.451 321.811 492.53 321.579 492.687C321.349 492.843 321.173 493.045 321.049 493.295C320.926 493.544 320.864 493.812 320.864 494.098V494.556C320.864 494.948 320.931 495.279 321.066 495.552C321.203 495.821 321.393 496.027 321.636 496.169C321.879 496.308 322.161 496.378 322.483 496.378C322.692 496.378 322.881 496.349 323.05 496.29C323.221 496.23 323.368 496.14 323.492 496.021C323.615 495.899 323.711 495.748 323.778 495.568L324.548 495.784C324.467 496.045 324.331 496.275 324.139 496.473C323.948 496.668 323.712 496.821 323.431 496.931C323.15 497.039 322.834 497.093 322.483 497.093ZM327.365 497.107C327.036 497.107 326.738 497.045 326.471 496.921C326.203 496.795 325.99 496.614 325.833 496.378C325.676 496.14 325.597 495.852 325.597 495.514C325.597 495.218 325.655 494.977 325.772 494.793C325.889 494.606 326.045 494.46 326.241 494.354C326.437 494.248 326.653 494.17 326.889 494.118C327.127 494.064 327.367 494.021 327.607 493.99C327.922 493.949 328.178 493.919 328.373 493.899C328.571 493.876 328.715 493.839 328.805 493.787C328.897 493.735 328.943 493.646 328.943 493.517V493.49C328.943 493.157 328.852 492.899 328.67 492.714C328.49 492.53 328.217 492.438 327.85 492.438C327.47 492.438 327.172 492.521 326.956 492.687C326.74 492.854 326.589 493.032 326.501 493.22L325.745 492.951C325.88 492.636 326.06 492.391 326.285 492.215C326.512 492.037 326.76 491.914 327.027 491.844C327.297 491.772 327.562 491.736 327.823 491.736C327.99 491.736 328.181 491.756 328.397 491.797C328.615 491.835 328.825 491.915 329.028 492.036C329.232 492.158 329.402 492.341 329.537 492.586C329.672 492.831 329.74 493.16 329.74 493.571V496.985H328.943V496.284H328.903C328.849 496.396 328.759 496.516 328.633 496.645C328.507 496.773 328.34 496.882 328.13 496.972C327.921 497.062 327.666 497.107 327.365 497.107ZM327.486 496.392C327.801 496.392 328.066 496.33 328.282 496.206C328.5 496.082 328.664 495.923 328.775 495.727C328.887 495.531 328.943 495.326 328.943 495.11V494.381C328.91 494.421 328.835 494.459 328.721 494.492C328.608 494.524 328.478 494.552 328.329 494.577C328.183 494.599 328.04 494.619 327.901 494.637C327.764 494.653 327.652 494.667 327.567 494.678C327.36 494.705 327.167 494.749 326.987 494.809C326.809 494.868 326.665 494.957 326.555 495.076C326.447 495.193 326.393 495.353 326.393 495.555C326.393 495.832 326.495 496.041 326.7 496.182C326.907 496.322 327.169 496.392 327.486 496.392ZM333.446 491.804V492.478H330.761V491.804H333.446ZM331.544 490.562H332.34V495.501C332.34 495.726 332.372 495.895 332.438 496.007C332.505 496.117 332.59 496.191 332.694 496.23C332.8 496.266 332.911 496.284 333.028 496.284C333.116 496.284 333.188 496.279 333.244 496.27C333.3 496.259 333.345 496.25 333.379 496.243L333.541 496.958C333.487 496.979 333.411 496.999 333.315 497.019C333.218 497.042 333.095 497.053 332.947 497.053C332.722 497.053 332.502 497.004 332.286 496.908C332.072 496.811 331.894 496.664 331.753 496.466C331.613 496.268 331.544 496.018 331.544 495.717V490.562ZM336.761 497.093C336.262 497.093 335.831 496.983 335.469 496.763C335.109 496.54 334.831 496.23 334.635 495.832C334.442 495.431 334.345 494.966 334.345 494.435C334.345 493.904 334.442 493.436 334.635 493.032C334.831 492.624 335.103 492.307 335.452 492.08C335.803 491.851 336.212 491.736 336.68 491.736C336.95 491.736 337.216 491.781 337.479 491.871C337.743 491.961 337.982 492.107 338.198 492.31C338.414 492.51 338.586 492.775 338.714 493.106C338.842 493.436 338.906 493.843 338.906 494.327V494.664H334.912V493.976H338.097C338.097 493.684 338.038 493.423 337.921 493.193C337.807 492.964 337.642 492.783 337.429 492.65C337.217 492.518 336.968 492.451 336.68 492.451C336.363 492.451 336.088 492.53 335.857 492.687C335.627 492.843 335.451 493.045 335.327 493.295C335.203 493.544 335.141 493.812 335.141 494.098V494.556C335.141 494.948 335.209 495.279 335.344 495.552C335.481 495.821 335.671 496.027 335.914 496.169C336.157 496.308 336.439 496.378 336.761 496.378C336.97 496.378 337.159 496.349 337.328 496.29C337.498 496.23 337.646 496.14 337.77 496.021C337.893 495.899 337.989 495.748 338.056 495.568L338.825 495.784C338.744 496.045 338.608 496.275 338.417 496.473C338.226 496.668 337.99 496.821 337.709 496.931C337.428 497.039 337.112 497.093 336.761 497.093ZM342.074 497.093C341.642 497.093 341.261 496.984 340.931 496.766C340.6 496.546 340.341 496.235 340.155 495.835C339.968 495.432 339.875 494.957 339.875 494.408C339.875 493.864 339.968 493.391 340.155 492.991C340.341 492.591 340.601 492.281 340.934 492.063C341.267 491.845 341.651 491.736 342.088 491.736C342.425 491.736 342.692 491.792 342.887 491.905C343.085 492.015 343.236 492.141 343.339 492.283C343.445 492.422 343.527 492.537 343.586 492.627H343.653V490.076H344.449V496.985H343.68V496.189H343.586C343.527 496.284 343.444 496.403 343.336 496.547C343.228 496.688 343.074 496.816 342.874 496.928C342.674 497.038 342.407 497.093 342.074 497.093ZM342.182 496.378C342.502 496.378 342.771 496.295 342.992 496.128C343.212 495.96 343.38 495.727 343.494 495.43C343.609 495.131 343.667 494.786 343.667 494.394C343.667 494.008 343.61 493.669 343.498 493.379C343.385 493.087 343.219 492.859 342.999 492.698C342.778 492.533 342.506 492.451 342.182 492.451C341.845 492.451 341.564 492.538 341.339 492.711C341.116 492.882 340.949 493.115 340.836 493.409C340.726 493.702 340.671 494.03 340.671 494.394C340.671 494.763 340.727 495.098 340.839 495.4C340.954 495.699 341.123 495.937 341.346 496.115C341.57 496.29 341.849 496.378 342.182 496.378ZM350.943 491.804V492.478H348.258V491.804H350.943ZM349.041 490.562H349.837V495.501C349.837 495.726 349.869 495.895 349.935 496.007C350.002 496.117 350.088 496.191 350.191 496.23C350.297 496.266 350.408 496.284 350.525 496.284C350.613 496.284 350.685 496.279 350.741 496.27C350.797 496.259 350.842 496.25 350.876 496.243L351.038 496.958C350.984 496.979 350.908 496.999 350.812 497.019C350.715 497.042 350.592 497.053 350.444 497.053C350.219 497.053 349.999 497.004 349.783 496.908C349.569 496.811 349.391 496.664 349.25 496.466C349.11 496.268 349.041 496.018 349.041 495.717V490.562ZM353.048 493.868V496.985H352.252V490.076H353.048V492.613H353.116C353.237 492.346 353.42 492.133 353.662 491.976C353.908 491.816 354.234 491.736 354.641 491.736C354.994 491.736 355.303 491.807 355.569 491.949C355.834 492.088 356.04 492.303 356.186 492.593C356.334 492.881 356.409 493.247 356.409 493.693V496.985H355.612V493.747C355.612 493.335 355.506 493.017 355.292 492.792C355.08 492.565 354.787 492.451 354.411 492.451C354.15 492.451 353.917 492.506 353.71 492.617C353.505 492.727 353.343 492.888 353.224 493.099C353.107 493.31 353.048 493.567 353.048 493.868ZM360.038 497.093C359.538 497.093 359.108 496.983 358.746 496.763C358.386 496.54 358.108 496.23 357.912 495.832C357.719 495.431 357.622 494.966 357.622 494.435C357.622 493.904 357.719 493.436 357.912 493.032C358.108 492.624 358.38 492.307 358.729 492.08C359.08 491.851 359.489 491.736 359.957 491.736C360.227 491.736 360.493 491.781 360.756 491.871C361.019 491.961 361.259 492.107 361.475 492.31C361.691 492.51 361.863 492.775 361.991 493.106C362.119 493.436 362.183 493.843 362.183 494.327V494.664H358.189V493.976H361.374C361.374 493.684 361.315 493.423 361.198 493.193C361.083 492.964 360.919 492.783 360.706 492.65C360.494 492.518 360.245 492.451 359.957 492.451C359.64 492.451 359.365 492.53 359.134 492.687C358.904 492.843 358.728 493.045 358.604 493.295C358.48 493.544 358.418 493.812 358.418 494.098V494.556C358.418 494.948 358.486 495.279 358.621 495.552C358.758 495.821 358.948 496.027 359.191 496.169C359.434 496.308 359.716 496.378 360.038 496.378C360.247 496.378 360.436 496.349 360.604 496.29C360.775 496.23 360.923 496.14 361.046 496.021C361.17 495.899 361.266 495.748 361.333 495.568L362.102 495.784C362.021 496.045 361.885 496.275 361.694 496.473C361.503 496.668 361.267 496.821 360.986 496.931C360.705 497.039 360.389 497.093 360.038 497.093ZM368.684 494.826H369.602L370.371 495.838L370.573 496.108L371.72 497.633H370.803L370.047 496.621L369.858 496.365L368.684 494.826ZM372.004 493.531C372.004 494.259 371.872 494.889 371.609 495.42C371.346 495.951 370.985 496.36 370.526 496.648C370.067 496.936 369.543 497.08 368.954 497.08C368.365 497.08 367.841 496.936 367.382 496.648C366.923 496.36 366.562 495.951 366.299 495.42C366.036 494.889 365.904 494.259 365.904 493.531C365.904 492.802 366.036 492.172 366.299 491.642C366.562 491.111 366.923 490.701 367.382 490.414C367.841 490.126 368.365 489.982 368.954 489.982C369.543 489.982 370.067 490.126 370.526 490.414C370.985 490.701 371.346 491.111 371.609 491.642C371.872 492.172 372.004 492.802 372.004 493.531ZM371.194 493.531C371.194 492.933 371.094 492.428 370.894 492.016C370.696 491.604 370.427 491.293 370.088 491.082C369.75 490.87 369.372 490.764 368.954 490.764C368.536 490.764 368.157 490.87 367.817 491.082C367.48 491.293 367.211 491.604 367.011 492.016C366.813 492.428 366.714 492.933 366.714 493.531C366.714 494.129 366.813 494.634 367.011 495.046C367.211 495.457 367.48 495.769 367.817 495.98C368.157 496.191 368.536 496.297 368.954 496.297C369.372 496.297 369.75 496.191 370.088 495.98C370.427 495.769 370.696 495.457 370.894 495.046C371.094 494.634 371.194 494.129 371.194 493.531ZM373.369 496.985H372.492L375.029 490.076H375.893L378.43 496.985H377.552L375.488 491.169H375.434L373.369 496.985ZM373.693 494.286H377.229V495.029H373.693V494.286ZM383.595 497.107C383.266 497.107 382.968 497.045 382.701 496.921C382.433 496.795 382.22 496.614 382.063 496.378C381.905 496.14 381.827 495.852 381.827 495.514C381.827 495.218 381.885 494.977 382.002 494.793C382.119 494.606 382.275 494.46 382.471 494.354C382.667 494.248 382.883 494.17 383.119 494.118C383.357 494.064 383.597 494.021 383.837 493.99C384.152 493.949 384.408 493.919 384.603 493.899C384.801 493.876 384.945 493.839 385.035 493.787C385.127 493.735 385.173 493.646 385.173 493.517V493.49C385.173 493.157 385.082 492.899 384.9 492.714C384.72 492.53 384.447 492.438 384.08 492.438C383.7 492.438 383.402 492.521 383.186 492.687C382.97 492.854 382.819 493.032 382.731 493.22L381.975 492.951C382.11 492.636 382.29 492.391 382.515 492.215C382.742 492.037 382.99 491.914 383.257 491.844C383.527 491.772 383.792 491.736 384.053 491.736C384.22 491.736 384.411 491.756 384.627 491.797C384.845 491.835 385.055 491.915 385.258 492.036C385.462 492.158 385.632 492.341 385.767 492.586C385.902 492.831 385.97 493.16 385.97 493.571V496.985H385.173V496.284H385.133C385.079 496.396 384.989 496.516 384.863 496.645C384.737 496.773 384.569 496.882 384.36 496.972C384.151 497.062 383.896 497.107 383.595 497.107ZM383.716 496.392C384.031 496.392 384.296 496.33 384.512 496.206C384.73 496.082 384.894 495.923 385.005 495.727C385.117 495.531 385.173 495.326 385.173 495.11V494.381C385.14 494.421 385.065 494.459 384.951 494.492C384.838 494.524 384.708 494.552 384.559 494.577C384.413 494.599 384.27 494.619 384.131 494.637C383.994 494.653 383.882 494.667 383.797 494.678C383.59 494.705 383.397 494.749 383.217 494.809C383.039 494.868 382.895 494.957 382.785 495.076C382.677 495.193 382.623 495.353 382.623 495.555C382.623 495.832 382.725 496.041 382.93 496.182C383.137 496.322 383.399 496.392 383.716 496.392ZM390.688 494.867V491.804H391.484V496.985H390.688V496.108H390.634C390.513 496.371 390.324 496.595 390.068 496.78C389.811 496.962 389.487 497.053 389.096 497.053C388.772 497.053 388.484 496.982 388.232 496.84C387.98 496.696 387.783 496.48 387.639 496.193C387.495 495.902 387.423 495.537 387.423 495.096V491.804H388.219V495.042C388.219 495.42 388.325 495.721 388.536 495.946C388.75 496.171 389.022 496.284 389.352 496.284C389.55 496.284 389.752 496.233 389.956 496.132C390.163 496.031 390.336 495.875 390.476 495.666C390.617 495.457 390.688 495.191 390.688 494.867ZM395.196 491.804V492.478H392.511V491.804H395.196ZM393.294 490.562H394.09V495.501C394.09 495.726 394.122 495.895 394.188 496.007C394.255 496.117 394.34 496.191 394.444 496.23C394.55 496.266 394.661 496.284 394.778 496.284C394.866 496.284 394.938 496.279 394.994 496.27C395.05 496.259 395.095 496.25 395.129 496.243L395.291 496.958C395.237 496.979 395.161 496.999 395.065 497.019C394.968 497.042 394.845 497.053 394.697 497.053C394.472 497.053 394.252 497.004 394.036 496.908C393.822 496.811 393.644 496.664 393.503 496.466C393.363 496.268 393.294 496.018 393.294 495.717V490.562ZM398.443 497.093C397.976 497.093 397.565 496.982 397.212 496.759C396.861 496.537 396.587 496.225 396.389 495.825C396.193 495.425 396.095 494.957 396.095 494.421C396.095 493.882 396.193 493.41 396.389 493.008C396.587 492.605 396.861 492.293 397.212 492.07C397.565 491.847 397.976 491.736 398.443 491.736C398.911 491.736 399.32 491.847 399.671 492.07C400.024 492.293 400.299 492.605 400.494 493.008C400.692 493.41 400.791 493.882 400.791 494.421C400.791 494.957 400.692 495.425 400.494 495.825C400.299 496.225 400.024 496.537 399.671 496.759C399.32 496.982 398.911 497.093 398.443 497.093ZM398.443 496.378C398.799 496.378 399.091 496.287 399.32 496.105C399.55 495.923 399.72 495.683 399.83 495.386C399.94 495.089 399.995 494.768 399.995 494.421C399.995 494.075 399.94 493.752 399.83 493.453C399.72 493.154 399.55 492.912 399.32 492.728C399.091 492.543 398.799 492.451 398.443 492.451C398.088 492.451 397.796 492.543 397.566 492.728C397.337 492.912 397.167 493.154 397.057 493.453C396.947 493.752 396.891 494.075 396.891 494.421C396.891 494.768 396.947 495.089 397.057 495.386C397.167 495.683 397.337 495.923 397.566 496.105C397.796 496.287 398.088 496.378 398.443 496.378ZM402.007 496.985V491.804H402.776V492.613H402.843C402.951 492.337 403.126 492.122 403.366 491.969C403.607 491.814 403.896 491.736 404.233 491.736C404.575 491.736 404.86 491.814 405.087 491.969C405.316 492.122 405.495 492.337 405.623 492.613H405.677C405.81 492.346 406.009 492.133 406.274 491.976C406.54 491.816 406.858 491.736 407.229 491.736C407.692 491.736 408.071 491.881 408.366 492.171C408.661 492.459 408.808 492.908 408.808 493.517V496.985H408.012V493.517C408.012 493.135 407.907 492.862 407.698 492.698C407.489 492.533 407.242 492.451 406.959 492.451C406.595 492.451 406.312 492.561 406.112 492.782C405.912 493 405.812 493.277 405.812 493.612V496.985H405.002V493.436C405.002 493.142 404.907 492.904 404.716 492.725C404.524 492.542 404.278 492.451 403.977 492.451C403.77 492.451 403.577 492.506 403.397 492.617C403.219 492.727 403.075 492.88 402.965 493.075C402.857 493.269 402.803 493.493 402.803 493.747V496.985H402.007ZM411.788 497.107C411.46 497.107 411.162 497.045 410.894 496.921C410.627 496.795 410.414 496.614 410.257 496.378C410.099 496.14 410.021 495.852 410.021 495.514C410.021 495.218 410.079 494.977 410.196 494.793C410.313 494.606 410.469 494.46 410.665 494.354C410.861 494.248 411.077 494.17 411.313 494.118C411.551 494.064 411.791 494.021 412.031 493.99C412.346 493.949 412.601 493.919 412.797 493.899C412.995 493.876 413.139 493.839 413.229 493.787C413.321 493.735 413.367 493.646 413.367 493.517V493.49C413.367 493.157 413.276 492.899 413.094 492.714C412.914 492.53 412.641 492.438 412.274 492.438C411.894 492.438 411.596 492.521 411.38 492.687C411.164 492.854 411.012 493.032 410.925 493.22L410.169 492.951C410.304 492.636 410.484 492.391 410.709 492.215C410.936 492.037 411.183 491.914 411.451 491.844C411.721 491.772 411.986 491.736 412.247 491.736C412.414 491.736 412.605 491.756 412.821 491.797C413.039 491.835 413.249 491.915 413.452 492.036C413.656 492.158 413.826 492.341 413.961 492.586C414.096 492.831 414.163 493.16 414.163 493.571V496.985H413.367V496.284H413.327C413.273 496.396 413.183 496.516 413.057 496.645C412.931 496.773 412.763 496.882 412.554 496.972C412.345 497.062 412.09 497.107 411.788 497.107ZM411.91 496.392C412.225 496.392 412.49 496.33 412.706 496.206C412.924 496.082 413.088 495.923 413.199 495.727C413.311 495.531 413.367 495.326 413.367 495.11V494.381C413.333 494.421 413.259 494.459 413.145 494.492C413.032 494.524 412.902 494.552 412.753 494.577C412.607 494.599 412.464 494.619 412.325 494.637C412.188 494.653 412.076 494.667 411.991 494.678C411.784 494.705 411.59 494.749 411.411 494.809C411.233 494.868 411.089 494.957 410.979 495.076C410.871 495.193 410.817 495.353 410.817 495.555C410.817 495.832 410.919 496.041 411.124 496.182C411.331 496.322 411.593 496.392 411.91 496.392ZM417.87 491.804V492.478H415.185V491.804H417.87ZM415.967 490.562H416.764V495.501C416.764 495.726 416.796 495.895 416.861 496.007C416.929 496.117 417.014 496.191 417.118 496.23C417.223 496.266 417.335 496.284 417.452 496.284C417.539 496.284 417.611 496.279 417.668 496.27C417.724 496.259 417.769 496.25 417.803 496.243L417.965 496.958C417.911 496.979 417.835 496.999 417.739 497.019C417.642 497.042 417.519 497.053 417.371 497.053C417.146 497.053 416.925 497.004 416.71 496.908C416.496 496.811 416.318 496.664 416.177 496.466C416.037 496.268 415.967 496.018 415.967 495.717V490.562ZM419.068 496.985V491.804H419.864V496.985H419.068ZM419.473 490.94C419.317 490.94 419.184 490.887 419.071 490.781C418.961 490.676 418.906 490.549 418.906 490.4C418.906 490.252 418.961 490.125 419.071 490.019C419.184 489.913 419.317 489.86 419.473 489.86C419.628 489.86 419.76 489.913 419.871 490.019C419.983 490.125 420.039 490.252 420.039 490.4C420.039 490.549 419.983 490.676 419.871 490.781C419.76 490.887 419.628 490.94 419.473 490.94ZM423.427 497.093C422.959 497.093 422.549 496.982 422.196 496.759C421.845 496.537 421.571 496.225 421.373 495.825C421.177 495.425 421.079 494.957 421.079 494.421C421.079 493.882 421.177 493.41 421.373 493.008C421.571 492.605 421.845 492.293 422.196 492.07C422.549 491.847 422.959 491.736 423.427 491.736C423.895 491.736 424.304 491.847 424.655 492.07C425.008 492.293 425.283 492.605 425.478 493.008C425.676 493.41 425.775 493.882 425.775 494.421C425.775 494.957 425.676 495.425 425.478 495.825C425.283 496.225 425.008 496.537 424.655 496.759C424.304 496.982 423.895 497.093 423.427 497.093ZM423.427 496.378C423.783 496.378 424.075 496.287 424.304 496.105C424.534 495.923 424.704 495.683 424.814 495.386C424.924 495.089 424.979 494.768 424.979 494.421C424.979 494.075 424.924 493.752 424.814 493.453C424.704 493.154 424.534 492.912 424.304 492.728C424.075 492.543 423.783 492.451 423.427 492.451C423.072 492.451 422.779 492.543 422.55 492.728C422.321 492.912 422.151 493.154 422.041 493.453C421.93 493.752 421.875 494.075 421.875 494.421C421.875 494.768 421.93 495.089 422.041 495.386C422.151 495.683 422.321 495.923 422.55 496.105C422.779 496.287 423.072 496.378 423.427 496.378ZM427.787 493.868V496.985H426.991V491.804H427.76V492.613H427.827C427.949 492.35 428.133 492.139 428.38 491.979C428.628 491.817 428.947 491.736 429.339 491.736C429.689 491.736 429.996 491.808 430.26 491.952C430.523 492.094 430.727 492.31 430.874 492.6C431.02 492.888 431.093 493.252 431.093 493.693V496.985H430.297V493.747C430.297 493.34 430.191 493.023 429.98 492.795C429.768 492.566 429.478 492.451 429.109 492.451C428.855 492.451 428.628 492.506 428.428 492.617C428.23 492.727 428.073 492.888 427.959 493.099C427.844 493.31 427.787 493.567 427.787 493.868ZM438.89 492.964L438.175 493.166C438.13 493.047 438.063 492.931 437.976 492.819C437.89 492.704 437.773 492.61 437.625 492.536C437.476 492.461 437.286 492.424 437.055 492.424C436.738 492.424 436.473 492.497 436.262 492.644C436.053 492.787 435.948 492.971 435.948 493.193C435.948 493.391 436.02 493.548 436.164 493.662C436.308 493.777 436.533 493.873 436.839 493.949L437.608 494.138C438.071 494.251 438.417 494.423 438.644 494.654C438.871 494.884 438.984 495.179 438.984 495.541C438.984 495.838 438.899 496.104 438.728 496.338C438.559 496.572 438.323 496.756 438.02 496.891C437.716 497.026 437.363 497.093 436.96 497.093C436.432 497.093 435.994 496.979 435.648 496.749C435.302 496.52 435.082 496.185 434.99 495.744L435.746 495.555C435.818 495.834 435.954 496.043 436.154 496.182C436.356 496.322 436.621 496.392 436.947 496.392C437.318 496.392 437.613 496.313 437.831 496.155C438.051 495.996 438.161 495.805 438.161 495.582C438.161 495.402 438.098 495.251 437.972 495.13C437.846 495.006 437.653 494.914 437.392 494.853L436.529 494.651C436.054 494.538 435.705 494.364 435.483 494.128C435.262 493.89 435.152 493.592 435.152 493.234C435.152 492.942 435.234 492.683 435.398 492.458C435.565 492.233 435.791 492.057 436.076 491.928C436.364 491.8 436.69 491.736 437.055 491.736C437.568 491.736 437.97 491.849 438.263 492.073C438.557 492.298 438.766 492.595 438.89 492.964ZM442.356 497.093C441.856 497.093 441.426 496.983 441.063 496.763C440.704 496.54 440.426 496.23 440.23 495.832C440.037 495.431 439.94 494.966 439.94 494.435C439.94 493.904 440.037 493.436 440.23 493.032C440.426 492.624 440.698 492.307 441.047 492.08C441.397 491.851 441.807 491.736 442.275 491.736C442.544 491.736 442.811 491.781 443.074 491.871C443.337 491.961 443.577 492.107 443.793 492.31C444.009 492.51 444.181 492.775 444.309 493.106C444.437 493.436 444.501 493.843 444.501 494.327V494.664H440.507V493.976H443.691C443.691 493.684 443.633 493.423 443.516 493.193C443.401 492.964 443.237 492.783 443.024 492.65C442.812 492.518 442.562 492.451 442.275 492.451C441.957 492.451 441.683 492.53 441.451 492.687C441.222 492.843 441.045 493.045 440.922 493.295C440.798 493.544 440.736 493.812 440.736 494.098V494.556C440.736 494.948 440.804 495.279 440.939 495.552C441.076 495.821 441.266 496.027 441.509 496.169C441.752 496.308 442.034 496.378 442.356 496.378C442.565 496.378 442.754 496.349 442.922 496.29C443.093 496.23 443.241 496.14 443.364 496.021C443.488 495.899 443.584 495.748 443.651 495.568L444.42 495.784C444.339 496.045 444.203 496.275 444.012 496.473C443.821 496.668 443.585 496.821 443.304 496.931C443.022 497.039 442.706 497.093 442.356 497.093ZM447.966 491.804V492.478H445.28V491.804H447.966ZM446.063 490.562H446.859V495.501C446.859 495.726 446.892 495.895 446.957 496.007C447.025 496.117 447.11 496.191 447.213 496.23C447.319 496.266 447.431 496.284 447.547 496.284C447.635 496.284 447.707 496.279 447.763 496.27C447.82 496.259 447.865 496.25 447.898 496.243L448.06 496.958C448.006 496.979 447.931 496.999 447.834 497.019C447.738 497.042 447.615 497.053 447.467 497.053C447.242 497.053 447.021 497.004 446.805 496.908C446.592 496.811 446.414 496.664 446.272 496.466C446.133 496.268 446.063 496.018 446.063 495.717V490.562ZM452.429 494.867V491.804H453.225V496.985H452.429V496.108H452.375C452.254 496.371 452.065 496.595 451.808 496.78C451.552 496.962 451.228 497.053 450.837 497.053C450.513 497.053 450.225 496.982 449.973 496.84C449.721 496.696 449.523 496.48 449.379 496.193C449.235 495.902 449.163 495.537 449.163 495.096V491.804H449.96V495.042C449.96 495.42 450.065 495.721 450.277 495.946C450.49 496.171 450.762 496.284 451.093 496.284C451.291 496.284 451.492 496.233 451.697 496.132C451.904 496.031 452.077 495.875 452.217 495.666C452.358 495.457 452.429 495.191 452.429 494.867ZM454.683 498.929V491.804H455.453V492.627H455.547C455.606 492.537 455.687 492.422 455.79 492.283C455.896 492.141 456.046 492.015 456.242 491.905C456.44 491.792 456.708 491.736 457.045 491.736C457.481 491.736 457.866 491.845 458.199 492.063C458.532 492.281 458.791 492.591 458.978 492.991C459.165 493.391 459.258 493.864 459.258 494.408C459.258 494.957 459.165 495.432 458.978 495.835C458.791 496.235 458.533 496.546 458.202 496.766C457.871 496.984 457.49 497.093 457.058 497.093C456.726 497.093 456.459 497.038 456.259 496.928C456.059 496.816 455.905 496.688 455.797 496.547C455.689 496.403 455.606 496.284 455.547 496.189H455.48V498.929H454.683ZM455.466 494.394C455.466 494.786 455.523 495.131 455.638 495.43C455.753 495.727 455.92 495.96 456.141 496.128C456.361 496.295 456.631 496.378 456.95 496.378C457.283 496.378 457.561 496.29 457.784 496.115C458.009 495.937 458.177 495.699 458.29 495.4C458.404 495.098 458.462 494.763 458.462 494.394C458.462 494.03 458.406 493.702 458.293 493.409C458.183 493.115 458.015 492.882 457.791 492.711C457.568 492.538 457.288 492.451 456.95 492.451C456.627 492.451 456.354 492.533 456.134 492.698C455.914 492.859 455.747 493.087 455.635 493.379C455.522 493.669 455.466 494.008 455.466 494.394ZM465.452 491.804V492.478H462.659V491.804H465.452ZM463.495 496.985V491.088C463.495 490.791 463.565 490.544 463.704 490.346C463.844 490.148 464.025 490 464.248 489.901C464.47 489.802 464.705 489.752 464.953 489.752C465.148 489.752 465.308 489.768 465.432 489.8C465.555 489.831 465.648 489.86 465.708 489.887L465.479 490.576C465.438 490.562 465.382 490.545 465.31 490.525C465.24 490.505 465.148 490.495 465.034 490.495C464.77 490.495 464.58 490.561 464.463 490.694C464.349 490.826 464.291 491.021 464.291 491.277V496.985H463.495ZM468.459 497.093C467.992 497.093 467.581 496.982 467.228 496.759C466.877 496.537 466.603 496.225 466.405 495.825C466.209 495.425 466.111 494.957 466.111 494.421C466.111 493.882 466.209 493.41 466.405 493.008C466.603 492.605 466.877 492.293 467.228 492.07C467.581 491.847 467.992 491.736 468.459 491.736C468.927 491.736 469.337 491.847 469.687 492.07C470.041 492.293 470.315 492.605 470.511 493.008C470.709 493.41 470.807 493.882 470.807 494.421C470.807 494.957 470.709 495.425 470.511 495.825C470.315 496.225 470.041 496.537 469.687 496.759C469.337 496.982 468.927 497.093 468.459 497.093ZM468.459 496.378C468.815 496.378 469.107 496.287 469.337 496.105C469.566 495.923 469.736 495.683 469.846 495.386C469.956 495.089 470.011 494.768 470.011 494.421C470.011 494.075 469.956 493.752 469.846 493.453C469.736 493.154 469.566 492.912 469.337 492.728C469.107 492.543 468.815 492.451 468.459 492.451C468.104 492.451 467.812 492.543 467.582 492.728C467.353 492.912 467.183 493.154 467.073 493.453C466.963 493.752 466.908 494.075 466.908 494.421C466.908 494.768 466.963 495.089 467.073 495.386C467.183 495.683 467.353 495.923 467.582 496.105C467.812 496.287 468.104 496.378 468.459 496.378ZM472.023 496.985V491.804H472.792V492.586H472.846C472.94 492.33 473.111 492.122 473.359 491.962C473.606 491.802 473.885 491.723 474.195 491.723C474.254 491.723 474.327 491.724 474.415 491.726C474.502 491.728 474.569 491.732 474.614 491.736V492.546C474.587 492.539 474.525 492.529 474.428 492.515C474.334 492.5 474.234 492.492 474.128 492.492C473.876 492.492 473.651 492.545 473.453 492.65C473.258 492.754 473.102 492.898 472.988 493.082C472.875 493.264 472.819 493.472 472.819 493.706V496.985H472.023ZM312.775 501.076H313.611V506.015C313.611 506.456 313.53 506.83 313.368 507.139C313.206 507.447 312.978 507.681 312.684 507.84C312.389 508 312.041 508.08 311.641 508.08C311.263 508.08 310.927 508.011 310.632 507.874C310.338 507.735 310.106 507.537 309.937 507.28C309.769 507.024 309.684 506.719 309.684 506.366H310.508C310.508 506.562 310.556 506.733 310.653 506.879C310.752 507.023 310.887 507.135 311.058 507.216C311.228 507.297 311.423 507.338 311.641 507.338C311.882 507.338 312.086 507.287 312.255 507.186C312.424 507.085 312.552 506.936 312.64 506.741C312.73 506.543 312.775 506.301 312.775 506.015V501.076ZM317.285 508.093C316.817 508.093 316.407 507.982 316.054 507.759C315.703 507.537 315.429 507.225 315.231 506.825C315.035 506.425 314.937 505.957 314.937 505.421C314.937 504.882 315.035 504.41 315.231 504.008C315.429 503.605 315.703 503.293 316.054 503.07C316.407 502.847 316.817 502.736 317.285 502.736C317.753 502.736 318.162 502.847 318.513 503.07C318.866 503.293 319.141 503.605 319.336 504.008C319.534 504.41 319.633 504.882 319.633 505.421C319.633 505.957 319.534 506.425 319.336 506.825C319.141 507.225 318.866 507.537 318.513 507.759C318.162 507.982 317.753 508.093 317.285 508.093ZM317.285 507.378C317.64 507.378 317.933 507.287 318.162 507.105C318.392 506.923 318.561 506.683 318.672 506.386C318.782 506.089 318.837 505.768 318.837 505.421C318.837 505.075 318.782 504.752 318.672 504.453C318.561 504.154 318.392 503.912 318.162 503.728C317.933 503.543 317.64 503.451 317.285 503.451C316.93 503.451 316.637 503.543 316.408 503.728C316.179 503.912 316.009 504.154 315.899 504.453C315.788 504.752 315.733 505.075 315.733 505.421C315.733 505.768 315.788 506.089 315.899 506.386C316.009 506.683 316.179 506.923 316.408 507.105C316.637 507.287 316.93 507.378 317.285 507.378ZM320.848 507.985V502.804H321.618V503.613H321.685C321.793 503.337 321.967 503.122 322.208 502.969C322.449 502.814 322.738 502.736 323.075 502.736C323.417 502.736 323.701 502.814 323.929 502.969C324.158 503.122 324.337 503.337 324.465 503.613H324.519C324.652 503.346 324.851 503.133 325.116 502.976C325.381 502.816 325.7 502.736 326.071 502.736C326.534 502.736 326.913 502.881 327.208 503.171C327.502 503.459 327.65 503.908 327.65 504.517V507.985H326.853V504.517C326.853 504.135 326.749 503.862 326.54 503.698C326.331 503.533 326.084 503.451 325.801 503.451C325.437 503.451 325.154 503.561 324.954 503.782C324.754 504 324.654 504.277 324.654 504.612V507.985H323.844V504.436C323.844 504.142 323.749 503.904 323.557 503.725C323.366 503.542 323.12 503.451 322.819 503.451C322.612 503.451 322.418 503.506 322.238 503.617C322.061 503.727 321.917 503.88 321.807 504.075C321.699 504.269 321.645 504.493 321.645 504.747V507.985H320.848ZM329.213 501.076H330.212L332.56 506.811H332.641L334.989 501.076H335.987V507.985H335.205V502.736H335.137L332.978 507.985H332.222L330.063 502.736H329.996V507.985H329.213V501.076ZM339.082 508.107C338.753 508.107 338.455 508.045 338.188 507.921C337.92 507.795 337.708 507.614 337.55 507.378C337.393 507.14 337.314 506.852 337.314 506.514C337.314 506.218 337.373 505.977 337.489 505.793C337.606 505.606 337.763 505.46 337.958 505.354C338.154 505.248 338.37 505.17 338.606 505.118C338.845 505.064 339.084 505.021 339.325 504.99C339.64 504.949 339.895 504.919 340.091 504.899C340.288 504.876 340.432 504.839 340.522 504.787C340.615 504.735 340.661 504.646 340.661 504.517V504.49C340.661 504.157 340.57 503.899 340.387 503.714C340.207 503.53 339.934 503.438 339.568 503.438C339.188 503.438 338.89 503.521 338.674 503.687C338.458 503.854 338.306 504.032 338.218 504.22L337.463 503.951C337.597 503.636 337.777 503.391 338.002 503.215C338.229 503.037 338.477 502.914 338.744 502.844C339.014 502.772 339.28 502.736 339.541 502.736C339.707 502.736 339.898 502.756 340.114 502.797C340.332 502.835 340.543 502.915 340.745 503.036C340.95 503.158 341.119 503.341 341.254 503.586C341.389 503.831 341.457 504.16 341.457 504.571V507.985H340.661V507.284H340.62C340.566 507.396 340.476 507.516 340.35 507.645C340.224 507.773 340.057 507.882 339.848 507.972C339.638 508.062 339.383 508.107 339.082 508.107ZM339.203 507.392C339.518 507.392 339.784 507.33 339.999 507.206C340.218 507.082 340.382 506.923 340.492 506.727C340.604 506.531 340.661 506.326 340.661 506.11V505.381C340.627 505.421 340.553 505.459 340.438 505.492C340.326 505.524 340.195 505.552 340.047 505.577C339.9 505.599 339.758 505.619 339.618 505.637C339.481 505.653 339.37 505.667 339.284 505.678C339.077 505.705 338.884 505.749 338.704 505.809C338.526 505.868 338.382 505.957 338.272 506.076C338.164 506.193 338.11 506.353 338.11 506.555C338.11 506.832 338.213 507.041 338.417 507.182C338.624 507.322 338.886 507.392 339.203 507.392ZM343.652 506.096L343.639 505.111H343.801L346.068 502.804H347.053L344.637 505.246H344.57L343.652 506.096ZM342.91 507.985V501.076H343.706V507.985H342.91ZM346.203 507.985L344.178 505.421L344.745 504.868L347.215 507.985H346.203ZM349.602 508.107C349.274 508.107 348.976 508.045 348.708 507.921C348.441 507.795 348.228 507.614 348.071 507.378C347.913 507.14 347.835 506.852 347.835 506.514C347.835 506.218 347.893 505.977 348.01 505.793C348.127 505.606 348.283 505.46 348.479 505.354C348.675 505.248 348.891 505.17 349.127 505.118C349.365 505.064 349.605 505.021 349.845 504.99C350.16 504.949 350.415 504.919 350.611 504.899C350.809 504.876 350.953 504.839 351.043 504.787C351.135 504.735 351.181 504.646 351.181 504.517V504.49C351.181 504.157 351.09 503.899 350.908 503.714C350.728 503.53 350.455 503.438 350.088 503.438C349.708 503.438 349.41 503.521 349.194 503.687C348.978 503.854 348.826 504.032 348.739 504.22L347.983 503.951C348.118 503.636 348.298 503.391 348.523 503.215C348.75 503.037 348.997 502.914 349.265 502.844C349.535 502.772 349.8 502.736 350.061 502.736C350.228 502.736 350.419 502.756 350.635 502.797C350.853 502.835 351.063 502.915 351.266 503.036C351.47 503.158 351.64 503.341 351.775 503.586C351.91 503.831 351.977 504.16 351.977 504.571V507.985H351.181V507.284H351.141C351.087 507.396 350.997 507.516 350.871 507.645C350.745 507.773 350.577 507.882 350.368 507.972C350.159 508.062 349.904 508.107 349.602 508.107ZM349.724 507.392C350.039 507.392 350.304 507.33 350.52 507.206C350.738 507.082 350.902 506.923 351.012 506.727C351.125 506.531 351.181 506.326 351.181 506.11V505.381C351.147 505.421 351.073 505.459 350.959 505.492C350.846 505.524 350.716 505.552 350.567 505.577C350.421 505.599 350.278 505.619 350.139 505.637C350.002 505.653 349.89 505.667 349.805 505.678C349.598 505.705 349.404 505.749 349.224 505.809C349.047 505.868 348.903 505.957 348.793 506.076C348.685 506.193 348.631 506.353 348.631 506.555C348.631 506.832 348.733 507.041 348.938 507.182C349.145 507.322 349.407 507.392 349.724 507.392ZM354.227 504.868V507.985H353.431V502.804H354.2V503.613H354.267C354.389 503.35 354.573 503.139 354.82 502.979C355.068 502.817 355.387 502.736 355.779 502.736C356.129 502.736 356.436 502.808 356.7 502.952C356.963 503.094 357.167 503.31 357.313 503.6C357.46 503.888 357.533 504.252 357.533 504.693V507.985H356.737V504.747C356.737 504.34 356.631 504.023 356.419 503.795C356.208 503.566 355.918 503.451 355.549 503.451C355.295 503.451 355.068 503.506 354.868 503.617C354.67 503.727 354.513 503.888 354.399 504.099C354.284 504.31 354.227 504.567 354.227 504.868ZM362.834 507.985L361.255 502.804H362.091L363.211 506.771H363.265L364.372 502.804H365.222L366.315 506.757H366.369L367.489 502.804H368.326L366.747 507.985H365.964L364.831 504.005H364.75L363.616 507.985H362.834ZM369.378 507.985V502.804H370.174V507.985H369.378ZM369.783 501.94C369.628 501.94 369.494 501.887 369.382 501.781C369.271 501.676 369.216 501.549 369.216 501.4C369.216 501.252 369.271 501.125 369.382 501.019C369.494 500.913 369.628 500.86 369.783 500.86C369.938 500.86 370.071 500.913 370.181 501.019C370.294 501.125 370.35 501.252 370.35 501.4C370.35 501.549 370.294 501.676 370.181 501.781C370.071 501.887 369.938 501.94 369.783 501.94ZM373.886 502.804V503.478H371.201V502.804H373.886ZM371.984 501.562H372.78V506.501C372.78 506.726 372.812 506.895 372.878 507.007C372.945 507.117 373.03 507.191 373.134 507.23C373.24 507.266 373.351 507.284 373.468 507.284C373.556 507.284 373.628 507.279 373.684 507.27C373.74 507.259 373.785 507.25 373.819 507.243L373.981 507.958C373.927 507.979 373.851 507.999 373.755 508.019C373.658 508.042 373.535 508.053 373.387 508.053C373.162 508.053 372.942 508.004 372.726 507.908C372.512 507.811 372.334 507.664 372.193 507.466C372.053 507.268 371.984 507.018 371.984 506.717V501.562ZM375.991 504.868V507.985H375.195V501.076H375.991V503.613H376.059C376.18 503.346 376.362 503.133 376.605 502.976C376.85 502.816 377.177 502.736 377.584 502.736C377.937 502.736 378.246 502.807 378.511 502.949C378.777 503.088 378.983 503.303 379.129 503.593C379.277 503.881 379.351 504.247 379.351 504.693V507.985H378.555V504.747C378.555 504.335 378.448 504.017 378.235 503.792C378.023 503.565 377.73 503.451 377.354 503.451C377.093 503.451 376.859 503.506 376.653 503.617C376.448 503.727 376.286 503.888 376.167 504.099C376.05 504.31 375.991 504.567 375.991 504.868ZM383.588 507.985V501.076H385.922C386.464 501.076 386.907 501.174 387.251 501.37C387.598 501.563 387.854 501.825 388.021 502.156C388.187 502.486 388.27 502.855 388.27 503.262C388.27 503.669 388.187 504.039 388.021 504.372C387.856 504.705 387.602 504.97 387.258 505.168C386.914 505.364 386.473 505.462 385.936 505.462H384.262V504.72H385.909C386.28 504.72 386.578 504.656 386.803 504.527C387.028 504.399 387.191 504.226 387.292 504.008C387.395 503.787 387.447 503.539 387.447 503.262C387.447 502.986 387.395 502.738 387.292 502.52C387.191 502.302 387.027 502.131 386.799 502.007C386.572 501.881 386.271 501.818 385.895 501.818H384.424V507.985H383.588ZM390.306 501.076V507.985H389.51V501.076H390.306ZM393.289 508.107C392.961 508.107 392.663 508.045 392.395 507.921C392.128 507.795 391.915 507.614 391.758 507.378C391.6 507.14 391.522 506.852 391.522 506.514C391.522 506.218 391.58 505.977 391.697 505.793C391.814 505.606 391.97 505.46 392.166 505.354C392.362 505.248 392.578 505.17 392.814 505.118C393.052 505.064 393.292 505.021 393.532 504.99C393.847 504.949 394.102 504.919 394.298 504.899C394.496 504.876 394.64 504.839 394.73 504.787C394.822 504.735 394.868 504.646 394.868 504.517V504.49C394.868 504.157 394.777 503.899 394.595 503.714C394.415 503.53 394.142 503.438 393.775 503.438C393.395 503.438 393.097 503.521 392.881 503.687C392.665 503.854 392.513 504.032 392.426 504.22L391.67 503.951C391.805 503.636 391.985 503.391 392.21 503.215C392.437 503.037 392.684 502.914 392.952 502.844C393.222 502.772 393.487 502.736 393.748 502.736C393.915 502.736 394.106 502.756 394.322 502.797C394.54 502.835 394.75 502.915 394.953 503.036C395.157 503.158 395.327 503.341 395.462 503.586C395.597 503.831 395.664 504.16 395.664 504.571V507.985H394.868V507.284H394.828C394.774 507.396 394.684 507.516 394.558 507.645C394.432 507.773 394.264 507.882 394.055 507.972C393.846 508.062 393.591 508.107 393.289 508.107ZM393.411 507.392C393.726 507.392 393.991 507.33 394.207 507.206C394.425 507.082 394.589 506.923 394.7 506.727C394.812 506.531 394.868 506.326 394.868 506.11V505.381C394.834 505.421 394.76 505.459 394.646 505.492C394.533 505.524 394.403 505.552 394.254 505.577C394.108 505.599 393.965 505.619 393.826 505.637C393.689 505.653 393.577 505.667 393.492 505.678C393.285 505.705 393.091 505.749 392.912 505.809C392.734 505.868 392.59 505.957 392.48 506.076C392.372 506.193 392.318 506.353 392.318 506.555C392.318 506.832 392.42 507.041 392.625 507.182C392.832 507.322 393.094 507.392 393.411 507.392ZM397.445 509.929C397.31 509.929 397.189 509.917 397.084 509.895C396.978 509.875 396.905 509.854 396.864 509.834L397.067 509.132C397.26 509.182 397.431 509.2 397.58 509.186C397.728 509.173 397.86 509.107 397.974 508.987C398.091 508.87 398.198 508.68 398.295 508.417L398.443 508.012L396.527 502.804H397.391L398.821 506.933H398.875L400.306 502.804H401.169L398.97 508.741C398.871 509.009 398.748 509.23 398.602 509.406C398.456 509.583 398.286 509.715 398.092 509.8C397.901 509.886 397.685 509.929 397.445 509.929ZM403.394 507.985L401.815 502.804H402.652L403.772 506.771H403.826L404.932 502.804H405.783L406.876 506.757H406.93L408.05 502.804H408.886L407.307 507.985H406.525L405.391 504.005H405.31L404.177 507.985H403.394ZM409.939 507.985V502.804H410.708V503.586H410.762C410.856 503.33 411.027 503.122 411.275 502.962C411.522 502.802 411.801 502.723 412.111 502.723C412.17 502.723 412.243 502.724 412.331 502.726C412.418 502.728 412.485 502.732 412.53 502.736V503.546C412.503 503.539 412.441 503.529 412.344 503.515C412.25 503.5 412.15 503.492 412.044 503.492C411.792 503.492 411.567 503.545 411.369 503.65C411.174 503.754 411.018 503.898 410.904 504.082C410.791 504.264 410.735 504.472 410.735 504.706V507.985H409.939ZM413.473 507.985V502.804H414.27V507.985H413.473ZM413.878 501.94C413.723 501.94 413.589 501.887 413.477 501.781C413.367 501.676 413.312 501.549 413.312 501.4C413.312 501.252 413.367 501.125 413.477 501.019C413.589 500.913 413.723 500.86 413.878 500.86C414.033 500.86 414.166 500.913 414.276 501.019C414.389 501.125 414.445 501.252 414.445 501.4C414.445 501.549 414.389 501.676 414.276 501.781C414.166 501.887 414.033 501.94 413.878 501.94ZM417.819 510.036C417.435 510.036 417.104 509.987 416.828 509.888C416.551 509.791 416.32 509.663 416.136 509.503C415.954 509.346 415.809 509.177 415.701 508.997L416.335 508.552C416.407 508.647 416.498 508.755 416.608 508.876C416.719 509 416.869 509.107 417.06 509.196C417.254 509.289 417.507 509.335 417.819 509.335C418.238 509.335 418.583 509.234 418.855 509.031C419.127 508.829 419.263 508.512 419.263 508.08V507.027H419.196C419.137 507.122 419.054 507.239 418.946 507.378C418.841 507.515 418.688 507.638 418.487 507.746C418.29 507.852 418.022 507.904 417.685 507.904C417.266 507.904 416.891 507.805 416.558 507.608C416.227 507.41 415.965 507.122 415.772 506.744C415.581 506.366 415.485 505.907 415.485 505.367C415.485 504.837 415.578 504.374 415.765 503.981C415.952 503.585 416.211 503.279 416.544 503.063C416.877 502.845 417.262 502.736 417.698 502.736C418.035 502.736 418.303 502.792 418.501 502.905C418.701 503.015 418.854 503.141 418.96 503.283C419.068 503.422 419.151 503.537 419.209 503.627H419.29V502.804H420.06V508.134C420.06 508.579 419.958 508.941 419.756 509.22C419.556 509.501 419.286 509.707 418.946 509.837C418.609 509.97 418.233 510.036 417.819 510.036ZM417.792 507.189C418.112 507.189 418.382 507.116 418.602 506.97C418.823 506.824 418.99 506.613 419.105 506.339C419.22 506.065 419.277 505.736 419.277 505.354C419.277 504.981 419.221 504.651 419.108 504.366C418.996 504.08 418.829 503.856 418.609 503.694C418.388 503.532 418.116 503.451 417.792 503.451C417.455 503.451 417.174 503.537 416.949 503.708C416.726 503.879 416.559 504.108 416.446 504.396C416.336 504.684 416.281 505.003 416.281 505.354C416.281 505.714 416.337 506.032 416.45 506.309C416.565 506.583 416.733 506.799 416.956 506.956C417.181 507.112 417.46 507.189 417.792 507.189ZM422.313 504.868V507.985H421.517V501.076H422.313V503.613H422.381C422.502 503.346 422.684 503.133 422.927 502.976C423.172 502.816 423.498 502.736 423.905 502.736C424.259 502.736 424.568 502.807 424.833 502.949C425.099 503.088 425.304 503.303 425.451 503.593C425.599 503.881 425.673 504.247 425.673 504.693V507.985H424.877V504.747C424.877 504.335 424.77 504.017 424.557 503.792C424.345 503.565 424.052 503.451 423.676 503.451C423.415 503.451 423.181 503.506 422.974 503.617C422.77 503.727 422.608 503.888 422.489 504.099C422.372 504.31 422.313 504.567 422.313 504.868ZM429.383 502.804V503.478H426.698V502.804H429.383ZM427.481 501.562H428.277V506.501C428.277 506.726 428.309 506.895 428.375 507.007C428.442 507.117 428.528 507.191 428.631 507.23C428.737 507.266 428.848 507.284 428.965 507.284C429.053 507.284 429.125 507.279 429.181 507.27C429.237 507.259 429.282 507.25 429.316 507.243L429.478 507.958C429.424 507.979 429.348 507.999 429.252 508.019C429.155 508.042 429.032 508.053 428.884 508.053C428.659 508.053 428.439 508.004 428.223 507.908C428.009 507.811 427.831 507.664 427.69 507.466C427.55 507.268 427.481 507.018 427.481 506.717V501.562ZM433.536 504.531C433.536 503.681 433.646 502.899 433.867 502.186C434.089 501.471 434.407 500.813 434.818 500.213H435.52C435.358 500.435 435.206 500.71 435.064 501.036C434.925 501.36 434.802 501.716 434.697 502.105C434.591 502.492 434.508 502.892 434.447 503.306C434.389 503.72 434.359 504.128 434.359 504.531C434.359 505.066 434.411 505.609 434.514 506.16C434.618 506.711 434.757 507.223 434.933 507.695C435.108 508.168 435.304 508.552 435.52 508.849H434.818C434.407 508.248 434.089 507.592 433.867 506.879C433.646 506.164 433.536 505.381 433.536 504.531ZM439.448 501.076H440.284V506.015C440.284 506.456 440.203 506.83 440.041 507.139C439.879 507.447 439.651 507.681 439.356 507.84C439.062 508 438.714 508.08 438.314 508.08C437.936 508.08 437.6 508.011 437.305 507.874C437.011 507.735 436.779 507.537 436.61 507.28C436.442 507.024 436.357 506.719 436.357 506.366H437.18C437.18 506.562 437.229 506.733 437.326 506.879C437.424 507.023 437.559 507.135 437.73 507.216C437.901 507.297 438.096 507.338 438.314 507.338C438.555 507.338 438.759 507.287 438.928 507.186C439.097 507.085 439.225 506.936 439.313 506.741C439.403 506.543 439.448 506.301 439.448 506.015V501.076ZM443.378 508.107C443.049 508.107 442.751 508.045 442.484 507.921C442.216 507.795 442.004 507.614 441.846 507.378C441.689 507.14 441.61 506.852 441.61 506.514C441.61 506.218 441.668 505.977 441.785 505.793C441.902 505.606 442.059 505.46 442.254 505.354C442.45 505.248 442.666 505.17 442.902 505.118C443.14 505.064 443.38 505.021 443.621 504.99C443.935 504.949 444.191 504.919 444.386 504.899C444.584 504.876 444.728 504.839 444.818 504.787C444.91 504.735 444.957 504.646 444.957 504.517V504.49C444.957 504.157 444.865 503.899 444.683 503.714C444.503 503.53 444.23 503.438 443.864 503.438C443.483 503.438 443.185 503.521 442.97 503.687C442.754 503.854 442.602 504.032 442.514 504.22L441.758 503.951C441.893 503.636 442.073 503.391 442.298 503.215C442.525 503.037 442.773 502.914 443.04 502.844C443.31 502.772 443.576 502.736 443.837 502.736C444.003 502.736 444.194 502.756 444.41 502.797C444.628 502.835 444.838 502.915 445.041 503.036C445.246 503.158 445.415 503.341 445.55 503.586C445.685 503.831 445.753 504.16 445.753 504.571V507.985H444.957V507.284H444.916C444.862 507.396 444.772 507.516 444.646 507.645C444.52 507.773 444.353 507.882 444.144 507.972C443.934 508.062 443.679 508.107 443.378 508.107ZM443.499 507.392C443.814 507.392 444.079 507.33 444.295 507.206C444.513 507.082 444.678 506.923 444.788 506.727C444.9 506.531 444.957 506.326 444.957 506.11V505.381C444.923 505.421 444.849 505.459 444.734 505.492C444.621 505.524 444.491 505.552 444.343 505.577C444.196 505.599 444.054 505.619 443.914 505.637C443.777 505.653 443.666 505.667 443.58 505.678C443.373 505.705 443.18 505.749 443 505.809C442.822 505.868 442.678 505.957 442.568 506.076C442.46 506.193 442.406 506.353 442.406 506.555C442.406 506.832 442.508 507.041 442.713 507.182C442.92 507.322 443.182 507.392 443.499 507.392ZM451.258 502.804L449.341 507.985H448.532L446.616 502.804H447.479L448.91 506.933H448.964L450.394 502.804H451.258ZM453.676 508.107C453.347 508.107 453.049 508.045 452.782 507.921C452.514 507.795 452.301 507.614 452.144 507.378C451.987 507.14 451.908 506.852 451.908 506.514C451.908 506.218 451.966 505.977 452.083 505.793C452.2 505.606 452.357 505.46 452.552 505.354C452.748 505.248 452.964 505.17 453.2 505.118C453.438 505.064 453.678 505.021 453.918 504.99C454.233 504.949 454.489 504.919 454.684 504.899C454.882 504.876 455.026 504.839 455.116 504.787C455.208 504.735 455.254 504.646 455.254 504.517V504.49C455.254 504.157 455.163 503.899 454.981 503.714C454.801 503.53 454.528 503.438 454.161 503.438C453.781 503.438 453.483 503.521 453.267 503.687C453.051 503.854 452.9 504.032 452.812 504.22L452.056 503.951C452.191 503.636 452.371 503.391 452.596 503.215C452.823 503.037 453.071 502.914 453.338 502.844C453.608 502.772 453.873 502.736 454.134 502.736C454.301 502.736 454.492 502.756 454.708 502.797C454.926 502.835 455.136 502.915 455.339 503.036C455.543 503.158 455.713 503.341 455.848 503.586C455.983 503.831 456.051 504.16 456.051 504.571V507.985H455.254V507.284H455.214C455.16 507.396 455.07 507.516 454.944 507.645C454.818 507.773 454.651 507.882 454.441 507.972C454.232 508.062 453.977 508.107 453.676 508.107ZM453.797 507.392C454.112 507.392 454.377 507.33 454.593 507.206C454.811 507.082 454.976 506.923 455.086 506.727C455.198 506.531 455.254 506.326 455.254 506.11V505.381C455.221 505.421 455.146 505.459 455.032 505.492C454.919 505.524 454.789 505.552 454.64 505.577C454.494 505.599 454.351 505.619 454.212 505.637C454.075 505.653 453.963 505.667 453.878 505.678C453.671 505.705 453.478 505.749 453.298 505.809C453.12 505.868 452.976 505.957 452.866 506.076C452.758 506.193 452.704 506.353 452.704 506.555C452.704 506.832 452.806 507.041 453.011 507.182C453.218 507.322 453.48 507.392 453.797 507.392ZM461.39 502.804C461.35 502.462 461.185 502.196 460.898 502.007C460.61 501.818 460.257 501.724 459.838 501.724C459.532 501.724 459.265 501.773 459.035 501.872C458.808 501.971 458.631 502.107 458.502 502.281C458.376 502.454 458.313 502.651 458.313 502.871C458.313 503.055 458.357 503.214 458.445 503.347C458.535 503.477 458.65 503.586 458.789 503.674C458.929 503.759 459.075 503.83 459.228 503.886C459.381 503.94 459.521 503.984 459.649 504.018L460.351 504.207C460.531 504.254 460.731 504.319 460.952 504.403C461.174 504.486 461.387 504.599 461.589 504.743C461.794 504.885 461.962 505.067 462.095 505.29C462.228 505.513 462.294 505.786 462.294 506.11C462.294 506.483 462.196 506.82 462.001 507.122C461.807 507.423 461.524 507.663 461.151 507.84C460.779 508.018 460.329 508.107 459.798 508.107C459.303 508.107 458.875 508.027 458.512 507.867C458.153 507.708 457.869 507.485 457.662 507.199C457.458 506.914 457.342 506.582 457.315 506.204H458.178C458.201 506.465 458.289 506.681 458.442 506.852C458.597 507.021 458.792 507.146 459.029 507.23C459.267 507.311 459.523 507.351 459.798 507.351C460.117 507.351 460.404 507.299 460.658 507.196C460.912 507.09 461.113 506.944 461.262 506.757C461.41 506.568 461.485 506.348 461.485 506.096C461.485 505.867 461.42 505.68 461.292 505.536C461.164 505.392 460.995 505.275 460.786 505.185C460.577 505.095 460.351 505.017 460.108 504.949L459.258 504.706C458.718 504.551 458.291 504.33 457.976 504.042C457.661 503.754 457.504 503.377 457.504 502.911C457.504 502.525 457.608 502.187 457.817 501.899C458.029 501.609 458.312 501.384 458.668 501.225C459.025 501.063 459.424 500.982 459.865 500.982C460.311 500.982 460.706 501.062 461.053 501.221C461.399 501.379 461.673 501.595 461.876 501.869C462.081 502.143 462.189 502.455 462.2 502.804H461.39ZM465.667 508.093C465.181 508.093 464.763 507.979 464.412 507.749C464.061 507.52 463.791 507.204 463.602 506.801C463.413 506.399 463.319 505.939 463.319 505.421C463.319 504.895 463.416 504.431 463.609 504.028C463.805 503.623 464.077 503.307 464.425 503.08C464.776 502.851 465.186 502.736 465.653 502.736C466.018 502.736 466.346 502.804 466.639 502.938C466.931 503.073 467.17 503.262 467.357 503.505C467.544 503.748 467.66 504.032 467.705 504.355H466.908C466.848 504.119 466.713 503.91 466.504 503.728C466.297 503.543 466.018 503.451 465.667 503.451C465.357 503.451 465.084 503.532 464.851 503.694C464.619 503.854 464.438 504.08 464.307 504.372C464.179 504.662 464.115 505.003 464.115 505.394C464.115 505.795 464.178 506.143 464.304 506.44C464.432 506.737 464.612 506.968 464.844 507.132C465.078 507.296 465.352 507.378 465.667 507.378C465.874 507.378 466.062 507.342 466.23 507.27C466.399 507.198 466.542 507.095 466.659 506.96C466.776 506.825 466.859 506.663 466.908 506.474H467.705C467.66 506.78 467.548 507.055 467.371 507.301C467.195 507.543 466.962 507.737 466.672 507.881C466.384 508.022 466.049 508.093 465.667 508.093ZM468.868 507.985V502.804H469.638V503.586H469.692C469.786 503.33 469.957 503.122 470.204 502.962C470.452 502.802 470.731 502.723 471.041 502.723C471.1 502.723 471.173 502.724 471.26 502.726C471.348 502.728 471.414 502.732 471.459 502.736V503.546C471.432 503.539 471.371 503.529 471.274 503.515C471.179 503.5 471.079 503.492 470.974 503.492C470.722 503.492 470.497 503.545 470.299 503.65C470.103 503.754 469.948 503.898 469.833 504.082C469.721 504.264 469.665 504.472 469.665 504.706V507.985H468.868ZM472.403 507.985V502.804H473.199V507.985H472.403ZM472.808 501.94C472.653 501.94 472.519 501.887 472.407 501.781C472.296 501.676 472.241 501.549 472.241 501.4C472.241 501.252 472.296 501.125 472.407 501.019C472.519 500.913 472.653 500.86 472.808 500.86C472.963 500.86 473.096 500.913 473.206 501.019C473.319 501.125 473.375 501.252 473.375 501.4C473.375 501.549 473.319 501.676 473.206 501.781C473.096 501.887 472.963 501.94 472.808 501.94ZM474.658 509.929V502.804H475.427V503.627H475.521C475.58 503.537 475.661 503.422 475.764 503.283C475.87 503.141 476.02 503.015 476.216 502.905C476.414 502.792 476.682 502.736 477.019 502.736C477.455 502.736 477.84 502.845 478.173 503.063C478.506 503.281 478.765 503.591 478.952 503.991C479.139 504.391 479.232 504.864 479.232 505.408C479.232 505.957 479.139 506.432 478.952 506.835C478.765 507.235 478.507 507.546 478.176 507.766C477.846 507.984 477.464 508.093 477.033 508.093C476.7 508.093 476.433 508.038 476.233 507.928C476.033 507.816 475.879 507.688 475.771 507.547C475.663 507.403 475.58 507.284 475.521 507.189H475.454V509.929H474.658ZM475.44 505.394C475.44 505.786 475.498 506.131 475.612 506.43C475.727 506.727 475.895 506.96 476.115 507.128C476.335 507.295 476.605 507.378 476.925 507.378C477.257 507.378 477.535 507.29 477.758 507.115C477.983 506.937 478.151 506.699 478.264 506.4C478.379 506.098 478.436 505.763 478.436 505.394C478.436 505.03 478.38 504.702 478.267 504.409C478.157 504.115 477.99 503.882 477.765 503.711C477.542 503.538 477.262 503.451 476.925 503.451C476.601 503.451 476.329 503.533 476.108 503.698C475.888 503.859 475.721 504.087 475.609 504.379C475.496 504.669 475.44 505.008 475.44 505.394ZM482.7 502.804V503.478H480.015V502.804H482.7ZM480.797 501.562H481.594V506.501C481.594 506.726 481.626 506.895 481.691 507.007C481.759 507.117 481.844 507.191 481.948 507.23C482.054 507.266 482.165 507.284 482.282 507.284C482.37 507.284 482.442 507.279 482.498 507.27C482.554 507.259 482.599 507.25 482.633 507.243L482.795 507.958C482.741 507.979 482.665 507.999 482.569 508.019C482.472 508.042 482.349 508.053 482.201 508.053C481.976 508.053 481.756 508.004 481.54 507.908C481.326 507.811 481.148 507.664 481.007 507.466C480.867 507.268 480.797 507.018 480.797 506.717V501.562ZM485.598 505.071C485.598 505.921 485.487 506.703 485.264 507.419C485.044 508.132 484.728 508.788 484.316 509.389H483.614C483.776 509.166 483.927 508.892 484.066 508.566C484.208 508.242 484.332 507.886 484.438 507.5C484.543 507.11 484.625 506.709 484.684 506.295C484.745 505.879 484.775 505.471 484.775 505.071C484.775 504.535 484.723 503.992 484.62 503.441C484.516 502.89 484.377 502.378 484.201 501.906C484.026 501.434 483.83 501.049 483.614 500.752H484.316C484.728 501.353 485.044 502.011 485.264 502.726C485.487 503.439 485.598 504.22 485.598 505.071ZM491.536 508.107C491.208 508.107 490.91 508.045 490.642 507.921C490.375 507.795 490.162 507.614 490.005 507.378C489.847 507.14 489.769 506.852 489.769 506.514C489.769 506.218 489.827 505.977 489.944 505.793C490.061 505.606 490.217 505.46 490.413 505.354C490.609 505.248 490.825 505.17 491.061 505.118C491.299 505.064 491.539 505.021 491.779 504.99C492.094 504.949 492.349 504.919 492.545 504.899C492.743 504.876 492.887 504.839 492.977 504.787C493.069 504.735 493.115 504.646 493.115 504.517V504.49C493.115 504.157 493.024 503.899 492.842 503.714C492.662 503.53 492.389 503.438 492.022 503.438C491.642 503.438 491.344 503.521 491.128 503.687C490.912 503.854 490.76 504.032 490.673 504.22L489.917 503.951C490.052 503.636 490.232 503.391 490.457 503.215C490.684 503.037 490.931 502.914 491.199 502.844C491.469 502.772 491.734 502.736 491.995 502.736C492.162 502.736 492.353 502.756 492.569 502.797C492.787 502.835 492.997 502.915 493.2 503.036C493.404 503.158 493.574 503.341 493.709 503.586C493.844 503.831 493.911 504.16 493.911 504.571V507.985H493.115V507.284H493.075C493.021 507.396 492.931 507.516 492.805 507.645C492.679 507.773 492.511 507.882 492.302 507.972C492.093 508.062 491.838 508.107 491.536 508.107ZM491.658 507.392C491.973 507.392 492.238 507.33 492.454 507.206C492.672 507.082 492.836 506.923 492.947 506.727C493.059 506.531 493.115 506.326 493.115 506.11V505.381C493.082 505.421 493.007 505.459 492.893 505.492C492.78 505.524 492.65 505.552 492.501 505.577C492.355 505.599 492.212 505.619 492.073 505.637C491.936 505.653 491.824 505.667 491.739 505.678C491.532 505.705 491.339 505.749 491.159 505.809C490.981 505.868 490.837 505.957 490.727 506.076C490.619 506.193 490.565 506.353 490.565 506.555C490.565 506.832 490.667 507.041 490.872 507.182C491.079 507.322 491.341 507.392 491.658 507.392ZM496.161 504.868V507.985H495.365V502.804H496.134V503.613H496.201C496.323 503.35 496.507 503.139 496.755 502.979C497.002 502.817 497.321 502.736 497.713 502.736C498.063 502.736 498.37 502.808 498.634 502.952C498.897 503.094 499.101 503.31 499.248 503.6C499.394 503.888 499.467 504.252 499.467 504.693V507.985H498.671V504.747C498.671 504.34 498.565 504.023 498.354 503.795C498.142 503.566 497.852 503.451 497.483 503.451C497.229 503.451 497.002 503.506 496.802 503.617C496.604 503.727 496.448 503.888 496.333 504.099C496.218 504.31 496.161 504.567 496.161 504.868ZM502.878 508.093C502.447 508.093 502.065 507.984 501.735 507.766C501.404 507.546 501.145 507.235 500.959 506.835C500.772 506.432 500.679 505.957 500.679 505.408C500.679 504.864 500.772 504.391 500.959 503.991C501.145 503.591 501.405 503.281 501.738 503.063C502.071 502.845 502.456 502.736 502.892 502.736C503.229 502.736 503.496 502.792 503.691 502.905C503.889 503.015 504.04 503.141 504.143 503.283C504.249 503.422 504.331 503.537 504.39 503.627H504.457V501.076H505.253V507.985H504.484V507.189H504.39C504.331 507.284 504.248 507.403 504.14 507.547C504.032 507.688 503.878 507.816 503.678 507.928C503.478 508.038 503.211 508.093 502.878 508.093ZM502.986 507.378C503.306 507.378 503.576 507.295 503.796 507.128C504.016 506.96 504.184 506.727 504.299 506.43C504.413 506.131 504.471 505.786 504.471 505.394C504.471 505.008 504.414 504.669 504.302 504.379C504.19 504.087 504.023 503.859 503.803 503.698C503.582 503.533 503.31 503.451 502.986 503.451C502.649 503.451 502.368 503.538 502.143 503.711C501.92 503.882 501.753 504.115 501.64 504.409C501.53 504.702 501.475 505.03 501.475 505.394C501.475 505.763 501.531 506.098 501.644 506.4C501.758 506.699 501.927 506.937 502.15 507.115C502.375 507.29 502.653 507.378 502.986 507.378ZM314.853 514.235C314.779 514.008 314.681 513.805 314.559 513.625C314.44 513.443 314.297 513.287 314.131 513.159C313.967 513.031 313.78 512.933 313.571 512.866C313.362 512.798 313.132 512.764 312.883 512.764C312.473 512.764 312.101 512.87 311.766 513.082C311.431 513.293 311.164 513.604 310.966 514.016C310.769 514.428 310.67 514.933 310.67 515.531C310.67 516.129 310.77 516.634 310.97 517.046C311.17 517.457 311.441 517.769 311.783 517.98C312.125 518.191 312.509 518.297 312.937 518.297C313.332 518.297 313.681 518.213 313.982 518.044C314.286 517.873 314.522 517.633 314.691 517.322C314.862 517.01 314.947 516.642 314.947 516.219L315.204 516.273H313.126V515.531H315.757V516.273C315.757 516.842 315.635 517.337 315.393 517.757C315.152 518.178 314.819 518.504 314.394 518.736C313.971 518.965 313.485 519.08 312.937 519.08C312.325 519.08 311.787 518.936 311.324 518.648C310.863 518.36 310.503 517.951 310.244 517.42C309.988 516.889 309.86 516.259 309.86 515.531C309.86 514.984 309.933 514.493 310.079 514.057C310.228 513.618 310.437 513.245 310.707 512.937C310.977 512.628 311.296 512.392 311.665 512.228C312.034 512.064 312.44 511.982 312.883 511.982C313.247 511.982 313.587 512.037 313.901 512.147C314.219 512.255 314.501 512.409 314.748 512.609C314.998 512.807 315.206 513.044 315.372 513.321C315.539 513.595 315.653 513.9 315.716 514.235H314.853ZM317.407 518.985V513.804H318.203V518.985H317.407ZM317.811 512.94C317.656 512.94 317.522 512.887 317.41 512.781C317.3 512.676 317.245 512.549 317.245 512.4C317.245 512.252 317.3 512.125 317.41 512.019C317.522 511.913 317.656 511.86 317.811 511.86C317.967 511.86 318.099 511.913 318.209 512.019C318.322 512.125 318.378 512.252 318.378 512.4C318.378 512.549 318.322 512.676 318.209 512.781C318.099 512.887 317.967 512.94 317.811 512.94ZM321.915 513.804V514.478H319.229V513.804H321.915ZM320.012 512.562H320.808V517.501C320.808 517.726 320.841 517.895 320.906 518.007C320.973 518.117 321.059 518.191 321.162 518.23C321.268 518.266 321.379 518.284 321.496 518.284C321.584 518.284 321.656 518.279 321.712 518.27C321.768 518.259 321.813 518.25 321.847 518.243L322.009 518.958C321.955 518.979 321.88 518.999 321.783 519.019C321.686 519.042 321.564 519.053 321.415 519.053C321.19 519.053 320.97 519.004 320.754 518.908C320.54 518.811 320.363 518.664 320.221 518.466C320.082 518.268 320.012 518.018 320.012 517.717V512.562ZM323.331 518.985V512.076H324.168V515.153H327.852V512.076H328.689V518.985H327.852V515.895H324.168V518.985H323.331ZM333.521 516.867V513.804H334.317V518.985H333.521V518.108H333.467C333.346 518.371 333.157 518.595 332.901 518.78C332.644 518.962 332.32 519.053 331.929 519.053C331.605 519.053 331.317 518.982 331.065 518.84C330.813 518.696 330.616 518.48 330.472 518.193C330.328 517.902 330.256 517.537 330.256 517.096V513.804H331.052V517.042C331.052 517.42 331.158 517.721 331.369 517.946C331.583 518.171 331.855 518.284 332.185 518.284C332.383 518.284 332.585 518.233 332.789 518.132C332.996 518.031 333.169 517.875 333.309 517.666C333.45 517.457 333.521 517.191 333.521 516.867ZM335.884 518.985V512.076H336.68V514.627H336.747C336.806 514.537 336.887 514.422 336.99 514.283C337.096 514.141 337.247 514.015 337.442 513.905C337.64 513.792 337.908 513.736 338.245 513.736C338.681 513.736 339.066 513.845 339.399 514.063C339.732 514.281 339.992 514.591 340.178 514.991C340.365 515.391 340.458 515.864 340.458 516.408C340.458 516.957 340.365 517.432 340.178 517.835C339.992 518.235 339.733 518.546 339.402 518.766C339.072 518.984 338.69 519.093 338.259 519.093C337.926 519.093 337.659 519.038 337.459 518.928C337.259 518.816 337.105 518.688 336.997 518.547C336.889 518.403 336.806 518.284 336.747 518.189H336.653V518.985H335.884ZM336.666 516.394C336.666 516.786 336.724 517.131 336.838 517.43C336.953 517.727 337.121 517.96 337.341 518.128C337.561 518.295 337.831 518.378 338.151 518.378C338.484 518.378 338.761 518.29 338.984 518.115C339.209 517.937 339.378 517.699 339.49 517.4C339.605 517.098 339.662 516.763 339.662 516.394C339.662 516.03 339.606 515.702 339.493 515.409C339.383 515.115 339.216 514.882 338.991 514.711C338.768 514.538 338.488 514.451 338.151 514.451C337.827 514.451 337.555 514.533 337.334 514.698C337.114 514.859 336.947 515.087 336.835 515.379C336.723 515.669 336.666 516.008 336.666 516.394ZM344.739 518.985H343.862L346.399 512.076H347.263L349.8 518.985H348.923L346.858 513.169H346.804L344.739 518.985ZM345.063 516.286H348.599V517.029H345.063V516.286ZM352.873 519.093C352.387 519.093 351.969 518.979 351.618 518.749C351.267 518.52 350.997 518.204 350.808 517.801C350.619 517.399 350.525 516.939 350.525 516.421C350.525 515.895 350.622 515.431 350.815 515.028C351.011 514.623 351.283 514.307 351.632 514.08C351.982 513.851 352.392 513.736 352.86 513.736C353.224 513.736 353.552 513.804 353.845 513.938C354.137 514.073 354.377 514.262 354.563 514.505C354.75 514.748 354.866 515.032 354.911 515.355H354.114C354.054 515.119 353.919 514.91 353.71 514.728C353.503 514.543 353.224 514.451 352.873 514.451C352.563 514.451 352.291 514.532 352.057 514.694C351.825 514.854 351.644 515.08 351.513 515.372C351.385 515.662 351.321 516.003 351.321 516.394C351.321 516.795 351.384 517.143 351.51 517.44C351.638 517.737 351.818 517.968 352.05 518.132C352.284 518.296 352.558 518.378 352.873 518.378C353.08 518.378 353.268 518.342 353.436 518.27C353.605 518.198 353.748 518.095 353.865 517.96C353.982 517.825 354.065 517.663 354.114 517.474H354.911C354.866 517.78 354.754 518.055 354.577 518.301C354.401 518.543 354.168 518.737 353.878 518.881C353.59 519.022 353.255 519.093 352.873 519.093ZM358.328 513.804V514.478H355.643V513.804H358.328ZM356.425 512.562H357.222V517.501C357.222 517.726 357.254 517.895 357.319 518.007C357.387 518.117 357.472 518.191 357.576 518.23C357.681 518.266 357.793 518.284 357.91 518.284C357.997 518.284 358.069 518.279 358.126 518.27C358.182 518.259 358.227 518.25 358.261 518.243L358.423 518.958C358.369 518.979 358.293 518.999 358.197 519.019C358.1 519.042 357.977 519.053 357.829 519.053C357.604 519.053 357.383 519.004 357.168 518.908C356.954 518.811 356.776 518.664 356.635 518.466C356.495 518.268 356.425 518.018 356.425 517.717V512.562ZM359.526 518.985V513.804H360.322V518.985H359.526ZM359.931 512.94C359.775 512.94 359.642 512.887 359.529 512.781C359.419 512.676 359.364 512.549 359.364 512.4C359.364 512.252 359.419 512.125 359.529 512.019C359.642 511.913 359.775 511.86 359.931 511.86C360.086 511.86 360.218 511.913 360.329 512.019C360.441 512.125 360.497 512.252 360.497 512.4C360.497 512.549 360.441 512.676 360.329 512.781C360.218 512.887 360.086 512.94 359.931 512.94ZM363.885 519.093C363.417 519.093 363.007 518.982 362.654 518.759C362.303 518.537 362.029 518.225 361.831 517.825C361.635 517.425 361.537 516.957 361.537 516.421C361.537 515.882 361.635 515.41 361.831 515.008C362.029 514.605 362.303 514.293 362.654 514.07C363.007 513.847 363.417 513.736 363.885 513.736C364.353 513.736 364.762 513.847 365.113 514.07C365.466 514.293 365.741 514.605 365.936 515.008C366.134 515.41 366.233 515.882 366.233 516.421C366.233 516.957 366.134 517.425 365.936 517.825C365.741 518.225 365.466 518.537 365.113 518.759C364.762 518.982 364.353 519.093 363.885 519.093ZM363.885 518.378C364.241 518.378 364.533 518.287 364.762 518.105C364.992 517.923 365.162 517.683 365.272 517.386C365.382 517.089 365.437 516.768 365.437 516.421C365.437 516.075 365.382 515.752 365.272 515.453C365.162 515.154 364.992 514.912 364.762 514.728C364.533 514.543 364.241 514.451 363.885 514.451C363.53 514.451 363.238 514.543 363.008 514.728C362.779 514.912 362.609 515.154 362.499 515.453C362.388 515.752 362.333 516.075 362.333 516.421C362.333 516.768 362.388 517.089 362.499 517.386C362.609 517.683 362.779 517.923 363.008 518.105C363.238 518.287 363.53 518.378 363.885 518.378ZM368.245 515.868V518.985H367.449V513.804H368.218V514.613H368.285C368.407 514.35 368.591 514.139 368.838 513.979C369.086 513.817 369.405 513.736 369.797 513.736C370.147 513.736 370.454 513.808 370.718 513.952C370.981 514.094 371.185 514.31 371.332 514.6C371.478 514.888 371.551 515.252 371.551 515.693V518.985H370.755V515.747C370.755 515.34 370.649 515.023 370.438 514.795C370.226 514.566 369.936 514.451 369.567 514.451C369.313 514.451 369.086 514.506 368.886 514.617C368.688 514.727 368.531 514.888 368.417 515.099C368.302 515.31 368.245 515.567 368.245 515.868ZM376.676 514.964L375.961 515.166C375.916 515.047 375.85 514.931 375.762 514.819C375.676 514.704 375.56 514.61 375.411 514.536C375.263 514.461 375.073 514.424 374.841 514.424C374.524 514.424 374.26 514.497 374.048 514.644C373.839 514.787 373.734 514.971 373.734 515.193C373.734 515.391 373.806 515.548 373.95 515.662C374.094 515.777 374.319 515.873 374.625 515.949L375.394 516.138C375.858 516.251 376.203 516.423 376.43 516.654C376.657 516.884 376.771 517.179 376.771 517.541C376.771 517.838 376.685 518.104 376.514 518.338C376.346 518.572 376.109 518.756 375.806 518.891C375.502 519.026 375.149 519.093 374.746 519.093C374.218 519.093 373.781 518.979 373.434 518.749C373.088 518.52 372.869 518.185 372.776 517.744L373.532 517.555C373.604 517.834 373.74 518.043 373.94 518.182C374.143 518.322 374.407 518.392 374.733 518.392C375.104 518.392 375.399 518.313 375.617 518.155C375.837 517.996 375.947 517.805 375.947 517.582C375.947 517.402 375.884 517.251 375.759 517.13C375.633 517.006 375.439 516.914 375.178 516.853L374.315 516.651C373.84 516.538 373.491 516.364 373.269 516.128C373.048 515.89 372.938 515.592 372.938 515.234C372.938 514.942 373.02 514.683 373.185 514.458C373.351 514.233 373.577 514.057 373.863 513.928C374.15 513.8 374.477 513.736 374.841 513.736C375.354 513.736 375.756 513.849 376.049 514.073C376.343 514.298 376.552 514.595 376.676 514.964Z" fill="#5D5D5D"/>
<path d="M607.482 390.129H606.645C606.596 389.889 606.509 389.677 606.386 389.495C606.264 389.313 606.116 389.16 605.94 389.036C605.767 388.91 605.575 388.816 605.363 388.753C605.152 388.69 604.932 388.659 604.702 388.659C604.284 388.659 603.905 388.764 603.565 388.976C603.228 389.187 602.959 389.499 602.759 389.91C602.561 390.322 602.462 390.827 602.462 391.425C602.462 392.023 602.561 392.528 602.759 392.94C602.959 393.351 603.228 393.663 603.565 393.874C603.905 394.085 604.284 394.191 604.702 394.191C604.932 394.191 605.152 394.16 605.363 394.097C605.575 394.034 605.767 393.94 605.94 393.817C606.116 393.691 606.264 393.537 606.386 393.355C606.509 393.17 606.596 392.959 606.645 392.72H607.482C607.419 393.073 607.304 393.389 607.138 393.668C606.971 393.947 606.765 394.184 606.517 394.38C606.27 394.574 605.992 394.721 605.684 394.822C605.378 394.923 605.051 394.974 604.702 394.974C604.113 394.974 603.589 394.83 603.13 394.542C602.671 394.254 602.31 393.845 602.047 393.314C601.784 392.783 601.652 392.154 601.652 391.425C601.652 390.696 601.784 390.066 602.047 389.536C602.31 389.005 602.671 388.596 603.13 388.308C603.589 388.02 604.113 387.876 604.702 387.876C605.051 387.876 605.378 387.926 605.684 388.028C605.992 388.129 606.27 388.277 606.517 388.473C606.765 388.666 606.971 388.903 607.138 389.181C607.304 389.458 607.419 389.774 607.482 390.129ZM608.726 394.879V389.698H609.495V390.48H609.549C609.644 390.224 609.815 390.016 610.062 389.856C610.309 389.696 610.588 389.617 610.899 389.617C610.957 389.617 611.03 389.618 611.118 389.62C611.206 389.622 611.272 389.626 611.317 389.63V390.44C611.29 390.433 611.228 390.423 611.131 390.409C611.037 390.394 610.937 390.386 610.831 390.386C610.579 390.386 610.354 390.439 610.156 390.544C609.961 390.648 609.806 390.792 609.691 390.976C609.578 391.158 609.522 391.366 609.522 391.6V394.879H608.726ZM614.276 394.987C613.776 394.987 613.346 394.877 612.983 394.657C612.624 394.434 612.346 394.124 612.15 393.726C611.957 393.325 611.86 392.86 611.86 392.329C611.86 391.798 611.957 391.33 612.15 390.926C612.346 390.518 612.618 390.201 612.967 389.974C613.317 389.745 613.727 389.63 614.195 389.63C614.464 389.63 614.731 389.675 614.994 389.765C615.257 389.855 615.497 390.001 615.713 390.204C615.929 390.404 616.101 390.669 616.229 391C616.357 391.33 616.421 391.737 616.421 392.221V392.558H612.427V391.87H615.612C615.612 391.578 615.553 391.317 615.436 391.087C615.321 390.858 615.157 390.677 614.944 390.544C614.732 390.412 614.482 390.345 614.195 390.345C613.877 390.345 613.603 390.424 613.371 390.581C613.142 390.737 612.966 390.939 612.842 391.189C612.718 391.438 612.656 391.706 612.656 391.992V392.45C612.656 392.842 612.724 393.173 612.859 393.446C612.996 393.716 613.186 393.921 613.429 394.063C613.672 394.202 613.954 394.272 614.276 394.272C614.485 394.272 614.674 394.243 614.842 394.184C615.013 394.124 615.161 394.034 615.284 393.915C615.408 393.793 615.504 393.642 615.571 393.462L616.34 393.678C616.259 393.939 616.123 394.169 615.932 394.367C615.741 394.562 615.505 394.715 615.224 394.825C614.942 394.933 614.626 394.987 614.276 394.987ZM619.157 395.001C618.829 395.001 618.531 394.939 618.263 394.815C617.996 394.689 617.783 394.508 617.626 394.272C617.468 394.034 617.389 393.746 617.389 393.409C617.389 393.112 617.448 392.871 617.565 392.687C617.682 392.5 617.838 392.354 618.034 392.248C618.229 392.142 618.445 392.064 618.681 392.012C618.92 391.958 619.159 391.915 619.4 391.884C619.715 391.843 619.97 391.813 620.166 391.793C620.364 391.77 620.508 391.733 620.598 391.681C620.69 391.63 620.736 391.54 620.736 391.411V391.384C620.736 391.052 620.645 390.793 620.463 390.608C620.283 390.424 620.01 390.332 619.643 390.332C619.263 390.332 618.965 390.415 618.749 390.581C618.533 390.748 618.381 390.926 618.294 391.114L617.538 390.845C617.673 390.53 617.853 390.285 618.078 390.109C618.305 389.931 618.552 389.808 618.82 389.738C619.09 389.666 619.355 389.63 619.616 389.63C619.782 389.63 619.974 389.65 620.189 389.691C620.408 389.729 620.618 389.809 620.82 389.93C621.025 390.052 621.195 390.235 621.33 390.48C621.465 390.725 621.532 391.054 621.532 391.465V394.879H620.736V394.178H620.695C620.642 394.29 620.552 394.41 620.426 394.539C620.3 394.667 620.132 394.776 619.923 394.866C619.714 394.956 619.459 395.001 619.157 395.001ZM619.279 394.286C619.593 394.286 619.859 394.224 620.075 394.1C620.293 393.976 620.457 393.817 620.567 393.621C620.68 393.425 620.736 393.22 620.736 393.004V392.275C620.702 392.315 620.628 392.353 620.513 392.386C620.401 392.418 620.27 392.446 620.122 392.471C619.976 392.493 619.833 392.513 619.694 392.531C619.556 392.547 619.445 392.561 619.36 392.572C619.153 392.599 618.959 392.643 618.779 392.703C618.602 392.762 618.458 392.851 618.347 392.97C618.24 393.087 618.186 393.247 618.186 393.449C618.186 393.726 618.288 393.935 618.493 394.076C618.699 394.216 618.961 394.286 619.279 394.286ZM625.239 389.698V390.372H622.553V389.698H625.239ZM623.336 388.456H624.132V393.395C624.132 393.62 624.165 393.789 624.23 393.901C624.298 394.011 624.383 394.085 624.487 394.124C624.592 394.16 624.704 394.178 624.821 394.178C624.908 394.178 624.98 394.173 625.036 394.164C625.093 394.153 625.138 394.144 625.171 394.137L625.333 394.852C625.279 394.873 625.204 394.893 625.107 394.913C625.011 394.936 624.888 394.947 624.74 394.947C624.515 394.947 624.294 394.899 624.078 394.802C623.865 394.705 623.687 394.558 623.545 394.36C623.406 394.162 623.336 393.912 623.336 393.611V388.456ZM628.553 394.987C628.054 394.987 627.623 394.877 627.261 394.657C626.901 394.434 626.624 394.124 626.428 393.726C626.235 393.325 626.138 392.86 626.138 392.329C626.138 391.798 626.235 391.33 626.428 390.926C626.624 390.518 626.896 390.201 627.244 389.974C627.595 389.745 628.005 389.63 628.472 389.63C628.742 389.63 629.009 389.675 629.272 389.765C629.535 389.855 629.775 390.001 629.991 390.204C630.206 390.404 630.379 390.669 630.507 391C630.635 391.33 630.699 391.737 630.699 392.221V392.558H626.705V391.87H629.889C629.889 391.578 629.831 391.317 629.714 391.087C629.599 390.858 629.435 390.677 629.221 390.544C629.01 390.412 628.76 390.345 628.472 390.345C628.155 390.345 627.881 390.424 627.649 390.581C627.42 390.737 627.243 390.939 627.12 391.189C626.996 391.438 626.934 391.706 626.934 391.992V392.45C626.934 392.842 627.002 393.173 627.137 393.446C627.274 393.716 627.464 393.921 627.707 394.063C627.95 394.202 628.232 394.272 628.553 394.272C628.763 394.272 628.951 394.243 629.12 394.184C629.291 394.124 629.438 394.034 629.562 393.915C629.686 393.793 629.781 393.642 629.849 393.462L630.618 393.678C630.537 393.939 630.401 394.169 630.21 394.367C630.019 394.562 629.783 394.715 629.501 394.825C629.22 394.933 628.904 394.987 628.553 394.987ZM633.867 394.987C633.435 394.987 633.054 394.878 632.723 394.66C632.393 394.44 632.134 394.129 631.947 393.729C631.761 393.326 631.667 392.851 631.667 392.302C631.667 391.758 631.761 391.285 631.947 390.885C632.134 390.485 632.394 390.176 632.727 389.957C633.059 389.739 633.444 389.63 633.88 389.63C634.218 389.63 634.484 389.686 634.68 389.799C634.878 389.909 635.028 390.035 635.132 390.177C635.238 390.316 635.32 390.431 635.378 390.521H635.446V387.97H636.242V394.879H635.473V394.083H635.378C635.32 394.178 635.236 394.297 635.129 394.441C635.021 394.583 634.867 394.71 634.666 394.822C634.466 394.932 634.2 394.987 633.867 394.987ZM633.975 394.272C634.294 394.272 634.564 394.189 634.784 394.023C635.005 393.854 635.172 393.621 635.287 393.324C635.402 393.025 635.459 392.68 635.459 392.288C635.459 391.902 635.403 391.563 635.29 391.273C635.178 390.981 635.012 390.754 634.791 390.592C634.571 390.427 634.299 390.345 633.975 390.345C633.637 390.345 633.356 390.432 633.131 390.605C632.909 390.776 632.741 391.009 632.629 391.303C632.518 391.596 632.463 391.924 632.463 392.288C632.463 392.657 632.52 392.992 632.632 393.294C632.747 393.593 632.915 393.831 633.138 394.009C633.363 394.184 633.642 394.272 633.975 394.272ZM642.736 389.698V390.372H640.051V389.698H642.736ZM640.833 388.456H641.629V393.395C641.629 393.62 641.662 393.789 641.727 393.901C641.795 394.011 641.88 394.085 641.984 394.124C642.089 394.16 642.201 394.178 642.318 394.178C642.405 394.178 642.477 394.173 642.534 394.164C642.59 394.153 642.635 394.144 642.668 394.137L642.83 394.852C642.776 394.873 642.701 394.893 642.604 394.913C642.508 394.936 642.385 394.947 642.237 394.947C642.012 394.947 641.791 394.899 641.575 394.802C641.362 394.705 641.184 394.558 641.042 394.36C640.903 394.162 640.833 393.912 640.833 393.611V388.456ZM644.841 391.762V394.879H644.045V387.97H644.841V390.507H644.909C645.03 390.24 645.212 390.027 645.455 389.87C645.7 389.71 646.026 389.63 646.433 389.63C646.786 389.63 647.096 389.701 647.361 389.843C647.627 389.982 647.832 390.197 647.978 390.487C648.127 390.775 648.201 391.141 648.201 391.587V394.879H647.405V391.641C647.405 391.229 647.298 390.911 647.084 390.686C646.873 390.459 646.58 390.345 646.204 390.345C645.943 390.345 645.709 390.4 645.502 390.511C645.298 390.621 645.136 390.782 645.016 390.993C644.9 391.204 644.841 391.461 644.841 391.762ZM651.83 394.987C651.331 394.987 650.9 394.877 650.538 394.657C650.178 394.434 649.901 394.124 649.705 393.726C649.511 393.325 649.415 392.86 649.415 392.329C649.415 391.798 649.511 391.33 649.705 390.926C649.901 390.518 650.173 390.201 650.521 389.974C650.872 389.745 651.281 389.63 651.749 389.63C652.019 389.63 652.286 389.675 652.549 389.765C652.812 389.855 653.051 390.001 653.267 390.204C653.483 390.404 653.655 390.669 653.784 391C653.912 391.33 653.976 391.737 653.976 392.221V392.558H649.982V391.87H653.166C653.166 391.578 653.108 391.317 652.991 391.087C652.876 390.858 652.712 390.677 652.498 390.544C652.287 390.412 652.037 390.345 651.749 390.345C651.432 390.345 651.158 390.424 650.926 390.581C650.697 390.737 650.52 390.939 650.396 391.189C650.273 391.438 650.211 391.706 650.211 391.992V392.45C650.211 392.842 650.278 393.173 650.413 393.446C650.551 393.716 650.741 393.921 650.983 394.063C651.226 394.202 651.509 394.272 651.83 394.272C652.039 394.272 652.228 394.243 652.397 394.184C652.568 394.124 652.715 394.034 652.839 393.915C652.963 393.793 653.058 393.642 653.126 393.462L653.895 393.678C653.814 393.939 653.678 394.169 653.487 394.367C653.296 394.562 653.059 394.715 652.778 394.825C652.497 394.933 652.181 394.987 651.83 394.987ZM660.477 392.72H661.394L662.164 393.732L662.366 394.002L663.513 395.527H662.595L661.84 394.515L661.651 394.259L660.477 392.72ZM663.796 391.425C663.796 392.154 663.665 392.783 663.402 393.314C663.139 393.845 662.778 394.254 662.319 394.542C661.86 394.83 661.336 394.974 660.747 394.974C660.157 394.974 659.633 394.83 659.175 394.542C658.716 394.254 658.355 393.845 658.092 393.314C657.828 392.783 657.697 392.154 657.697 391.425C657.697 390.696 657.828 390.066 658.092 389.536C658.355 389.005 658.716 388.596 659.175 388.308C659.633 388.02 660.157 387.876 660.747 387.876C661.336 387.876 661.86 388.02 662.319 388.308C662.778 388.596 663.139 389.005 663.402 389.536C663.665 390.066 663.796 390.696 663.796 391.425ZM662.987 391.425C662.987 390.827 662.887 390.322 662.686 389.91C662.489 389.499 662.22 389.187 661.88 388.976C661.543 388.764 661.165 388.659 660.747 388.659C660.328 388.659 659.949 388.764 659.61 388.976C659.272 389.187 659.004 389.499 658.803 389.91C658.606 390.322 658.507 390.827 658.507 391.425C658.507 392.023 658.606 392.528 658.803 392.94C659.004 393.351 659.272 393.663 659.61 393.874C659.949 394.085 660.328 394.191 660.747 394.191C661.165 394.191 661.543 394.085 661.88 393.874C662.22 393.663 662.489 393.351 662.686 392.94C662.887 392.528 662.987 392.023 662.987 391.425ZM665.162 394.879H664.285L666.822 387.97H667.685L670.222 394.879H669.345L667.28 389.063H667.226L665.162 394.879ZM665.486 392.181H669.021V392.923H665.486V392.181ZM675.387 395.001C675.059 395.001 674.761 394.939 674.493 394.815C674.225 394.689 674.013 394.508 673.856 394.272C673.698 394.034 673.619 393.746 673.619 393.409C673.619 393.112 673.678 392.871 673.795 392.687C673.912 392.5 674.068 392.354 674.264 392.248C674.459 392.142 674.675 392.064 674.911 392.012C675.15 391.958 675.389 391.915 675.63 391.884C675.945 391.843 676.2 391.813 676.396 391.793C676.594 391.77 676.738 391.733 676.828 391.681C676.92 391.63 676.966 391.54 676.966 391.411V391.384C676.966 391.052 676.875 390.793 676.693 390.608C676.513 390.424 676.24 390.332 675.873 390.332C675.493 390.332 675.195 390.415 674.979 390.581C674.763 390.748 674.611 390.926 674.523 391.114L673.768 390.845C673.903 390.53 674.083 390.285 674.308 390.109C674.535 389.931 674.782 389.808 675.05 389.738C675.32 389.666 675.585 389.63 675.846 389.63C676.012 389.63 676.204 389.65 676.419 389.691C676.638 389.729 676.848 389.809 677.05 389.93C677.255 390.052 677.425 390.235 677.56 390.48C677.695 390.725 677.762 391.054 677.762 391.465V394.879H676.966V394.178H676.925C676.872 394.29 676.782 394.41 676.656 394.539C676.53 394.667 676.362 394.776 676.153 394.866C675.944 394.956 675.688 395.001 675.387 395.001ZM675.509 394.286C675.823 394.286 676.089 394.224 676.305 394.1C676.523 393.976 676.687 393.817 676.797 393.621C676.91 393.425 676.966 393.22 676.966 393.004V392.275C676.932 392.315 676.858 392.353 676.743 392.386C676.631 392.418 676.5 392.446 676.352 392.471C676.206 392.493 676.063 392.513 675.924 392.531C675.786 392.547 675.675 392.561 675.59 392.572C675.383 392.599 675.189 392.643 675.009 392.703C674.832 392.762 674.688 392.851 674.577 392.97C674.47 393.087 674.416 393.247 674.416 393.449C674.416 393.726 674.518 393.935 674.723 394.076C674.929 394.216 675.191 394.286 675.509 394.286ZM682.481 392.761V389.698H683.277V394.879H682.481V394.002H682.427C682.305 394.265 682.117 394.489 681.86 394.674C681.604 394.856 681.28 394.947 680.889 394.947C680.565 394.947 680.277 394.876 680.025 394.734C679.773 394.59 679.575 394.374 679.431 394.087C679.287 393.796 679.215 393.431 679.215 392.99V389.698H680.011V392.936C680.011 393.314 680.117 393.615 680.329 393.84C680.542 394.065 680.814 394.178 681.145 394.178C681.343 394.178 681.544 394.127 681.749 394.026C681.956 393.925 682.129 393.769 682.268 393.56C682.41 393.351 682.481 393.085 682.481 392.761ZM686.989 389.698V390.372H684.303V389.698H686.989ZM685.086 388.456H685.882V393.395C685.882 393.62 685.915 393.789 685.98 393.901C686.048 394.011 686.133 394.085 686.237 394.124C686.342 394.16 686.454 394.178 686.571 394.178C686.658 394.178 686.73 394.173 686.786 394.164C686.843 394.153 686.888 394.144 686.921 394.137L687.083 394.852C687.029 394.873 686.954 394.893 686.857 394.913C686.761 394.936 686.638 394.947 686.49 394.947C686.265 394.947 686.044 394.899 685.828 394.802C685.615 394.705 685.437 394.558 685.295 394.36C685.156 394.162 685.086 393.912 685.086 393.611V388.456ZM690.236 394.987C689.768 394.987 689.358 394.876 689.005 394.653C688.654 394.431 688.379 394.119 688.181 393.719C687.986 393.319 687.888 392.851 687.888 392.315C687.888 391.776 687.986 391.305 688.181 390.902C688.379 390.499 688.654 390.187 689.005 389.964C689.358 389.741 689.768 389.63 690.236 389.63C690.704 389.63 691.113 389.741 691.464 389.964C691.817 390.187 692.091 390.499 692.287 390.902C692.485 391.305 692.584 391.776 692.584 392.315C692.584 392.851 692.485 393.319 692.287 393.719C692.091 394.119 691.817 394.431 691.464 394.653C691.113 394.876 690.704 394.987 690.236 394.987ZM690.236 394.272C690.591 394.272 690.884 394.181 691.113 393.999C691.342 393.817 691.512 393.577 691.622 393.28C691.733 392.983 691.788 392.662 691.788 392.315C691.788 391.969 691.733 391.646 691.622 391.347C691.512 391.048 691.342 390.806 691.113 390.622C690.884 390.438 690.591 390.345 690.236 390.345C689.881 390.345 689.588 390.438 689.359 390.622C689.129 390.806 688.96 391.048 688.849 391.347C688.739 391.646 688.684 391.969 688.684 392.315C688.684 392.662 688.739 392.983 688.849 393.28C688.96 393.577 689.129 393.817 689.359 393.999C689.588 394.181 689.881 394.272 690.236 394.272ZM693.799 394.879V389.698H694.568V390.507H694.636C694.744 390.231 694.918 390.016 695.159 389.863C695.399 389.708 695.688 389.63 696.026 389.63C696.368 389.63 696.652 389.708 696.879 389.863C697.109 390.016 697.288 390.231 697.416 390.507H697.47C697.602 390.24 697.801 390.027 698.067 389.87C698.332 389.71 698.65 389.63 699.022 389.63C699.485 389.63 699.864 389.775 700.158 390.065C700.453 390.353 700.6 390.802 700.6 391.411V394.879H699.804V391.411C699.804 391.029 699.7 390.756 699.491 390.592C699.281 390.427 699.035 390.345 698.752 390.345C698.387 390.345 698.105 390.456 697.905 390.676C697.705 390.894 697.605 391.171 697.605 391.506V394.879H696.795V391.33C696.795 391.036 696.699 390.798 696.508 390.619C696.317 390.436 696.071 390.345 695.769 390.345C695.563 390.345 695.369 390.4 695.189 390.511C695.012 390.621 694.868 390.774 694.757 390.969C694.649 391.163 694.595 391.387 694.595 391.641V394.879H693.799ZM703.581 395.001C703.253 395.001 702.955 394.939 702.687 394.815C702.419 394.689 702.207 394.508 702.049 394.272C701.892 394.034 701.813 393.746 701.813 393.409C701.813 393.112 701.872 392.871 701.989 392.687C702.106 392.5 702.262 392.354 702.458 392.248C702.653 392.142 702.869 392.064 703.105 392.012C703.344 391.958 703.583 391.915 703.824 391.884C704.139 391.843 704.394 391.813 704.59 391.793C704.788 391.77 704.932 391.733 705.021 391.681C705.114 391.63 705.16 391.54 705.16 391.411V391.384C705.16 391.052 705.069 390.793 704.887 390.608C704.707 390.424 704.433 390.332 704.067 390.332C703.687 390.332 703.389 390.415 703.173 390.581C702.957 390.748 702.805 390.926 702.717 391.114L701.962 390.845C702.097 390.53 702.277 390.285 702.501 390.109C702.729 389.931 702.976 389.808 703.244 389.738C703.514 389.666 703.779 389.63 704.04 389.63C704.206 389.63 704.397 389.65 704.613 389.691C704.831 389.729 705.042 389.809 705.244 389.93C705.449 390.052 705.619 390.235 705.754 390.48C705.889 390.725 705.956 391.054 705.956 391.465V394.879H705.16V394.178H705.119C705.065 394.29 704.975 394.41 704.849 394.539C704.723 394.667 704.556 394.776 704.347 394.866C704.138 394.956 703.882 395.001 703.581 395.001ZM703.702 394.286C704.017 394.286 704.283 394.224 704.499 394.1C704.717 393.976 704.881 393.817 704.991 393.621C705.104 393.425 705.16 393.22 705.16 393.004V392.275C705.126 392.315 705.052 392.353 704.937 392.386C704.825 392.418 704.694 392.446 704.546 392.471C704.4 392.493 704.257 392.513 704.117 392.531C703.98 392.547 703.869 392.561 703.783 392.572C703.576 392.599 703.383 392.643 703.203 392.703C703.025 392.762 702.882 392.851 702.771 392.97C702.663 393.087 702.609 393.247 702.609 393.449C702.609 393.726 702.712 393.935 702.916 394.076C703.123 394.216 703.385 394.286 703.702 394.286ZM709.663 389.698V390.372H706.977V389.698H709.663ZM707.76 388.456H708.556V393.395C708.556 393.62 708.589 393.789 708.654 393.901C708.721 394.011 708.807 394.085 708.91 394.124C709.016 394.16 709.127 394.178 709.244 394.178C709.332 394.178 709.404 394.173 709.46 394.164C709.517 394.153 709.561 394.144 709.595 394.137L709.757 394.852C709.703 394.873 709.628 394.893 709.531 394.913C709.434 394.936 709.312 394.947 709.163 394.947C708.938 394.947 708.718 394.899 708.502 394.802C708.289 394.705 708.111 394.558 707.969 394.36C707.83 394.162 707.76 393.912 707.76 393.611V388.456ZM710.86 394.879V389.698H711.656V394.879H710.86ZM711.265 388.834C711.11 388.834 710.976 388.781 710.864 388.675C710.753 388.57 710.698 388.443 710.698 388.294C710.698 388.146 710.753 388.019 710.864 387.913C710.976 387.807 711.11 387.754 711.265 387.754C711.42 387.754 711.553 387.807 711.663 387.913C711.776 388.019 711.832 388.146 711.832 388.294C711.832 388.443 711.776 388.57 711.663 388.675C711.553 388.781 711.42 388.834 711.265 388.834ZM715.22 394.987C714.752 394.987 714.342 394.876 713.988 394.653C713.638 394.431 713.363 394.119 713.165 393.719C712.97 393.319 712.872 392.851 712.872 392.315C712.872 391.776 712.97 391.305 713.165 390.902C713.363 390.499 713.638 390.187 713.988 389.964C714.342 389.741 714.752 389.63 715.22 389.63C715.688 389.63 716.097 389.741 716.448 389.964C716.801 390.187 717.075 390.499 717.271 390.902C717.469 391.305 717.568 391.776 717.568 392.315C717.568 392.851 717.469 393.319 717.271 393.719C717.075 394.119 716.801 394.431 716.448 394.653C716.097 394.876 715.688 394.987 715.22 394.987ZM715.22 394.272C715.575 394.272 715.868 394.181 716.097 393.999C716.326 393.817 716.496 393.577 716.606 393.28C716.717 392.983 716.772 392.662 716.772 392.315C716.772 391.969 716.717 391.646 716.606 391.347C716.496 391.048 716.326 390.806 716.097 390.622C715.868 390.438 715.575 390.345 715.22 390.345C714.864 390.345 714.572 390.438 714.343 390.622C714.113 390.806 713.943 391.048 713.833 391.347C713.723 391.646 713.668 391.969 713.668 392.315C713.668 392.662 713.723 392.983 713.833 393.28C713.943 393.577 714.113 393.817 714.343 393.999C714.572 394.181 714.864 394.272 715.22 394.272ZM719.579 391.762V394.879H718.783V389.698H719.552V390.507H719.62C719.741 390.244 719.926 390.033 720.173 389.873C720.42 389.711 720.74 389.63 721.131 389.63C721.482 389.63 721.789 389.702 722.052 389.846C722.315 389.988 722.52 390.204 722.666 390.494C722.812 390.782 722.885 391.146 722.885 391.587V394.879H722.089V391.641C722.089 391.234 721.984 390.917 721.772 390.689C721.561 390.46 721.271 390.345 720.902 390.345C720.648 390.345 720.42 390.4 720.22 390.511C720.022 390.621 719.866 390.782 719.751 390.993C719.637 391.204 719.579 391.461 719.579 391.762ZM730.683 390.858L729.967 391.061C729.922 390.941 729.856 390.825 729.768 390.713C729.683 390.598 729.566 390.504 729.418 390.43C729.269 390.355 729.079 390.318 728.847 390.318C728.53 390.318 728.266 390.391 728.055 390.538C727.845 390.682 727.741 390.865 727.741 391.087C727.741 391.285 727.813 391.442 727.957 391.556C728.101 391.671 728.326 391.767 728.631 391.843L729.401 392.032C729.864 392.145 730.209 392.317 730.436 392.548C730.664 392.778 730.777 393.073 730.777 393.436C730.777 393.732 730.692 393.998 730.521 394.232C730.352 394.466 730.116 394.65 729.812 394.785C729.509 394.92 729.156 394.987 728.753 394.987C728.224 394.987 727.787 394.873 727.441 394.643C727.094 394.414 726.875 394.079 726.783 393.638L727.538 393.449C727.61 393.728 727.746 393.937 727.947 394.076C728.149 394.216 728.413 394.286 728.739 394.286C729.111 394.286 729.405 394.207 729.623 394.049C729.844 393.89 729.954 393.699 729.954 393.476C729.954 393.296 729.891 393.145 729.765 393.024C729.639 392.9 729.446 392.808 729.185 392.747L728.321 392.545C727.847 392.432 727.498 392.258 727.275 392.022C727.055 391.784 726.945 391.486 726.945 391.128C726.945 390.836 727.027 390.577 727.191 390.352C727.357 390.127 727.583 389.951 727.869 389.822C728.157 389.694 728.483 389.63 728.847 389.63C729.36 389.63 729.763 389.743 730.055 389.967C730.35 390.192 730.559 390.489 730.683 390.858ZM734.148 394.987C733.649 394.987 733.218 394.877 732.856 394.657C732.496 394.434 732.218 394.124 732.023 393.726C731.829 393.325 731.733 392.86 731.733 392.329C731.733 391.798 731.829 391.33 732.023 390.926C732.218 390.518 732.491 390.201 732.839 389.974C733.19 389.745 733.599 389.63 734.067 389.63C734.337 389.63 734.604 389.675 734.867 389.765C735.13 389.855 735.369 390.001 735.585 390.204C735.801 390.404 735.973 390.669 736.101 391C736.23 391.33 736.294 391.737 736.294 392.221V392.558H732.299V391.87H735.484C735.484 391.578 735.426 391.317 735.309 391.087C735.194 390.858 735.03 390.677 734.816 390.544C734.605 390.412 734.355 390.345 734.067 390.345C733.75 390.345 733.476 390.424 733.244 390.581C733.015 390.737 732.838 390.939 732.714 391.189C732.591 391.438 732.529 391.706 732.529 391.992V392.45C732.529 392.842 732.596 393.173 732.731 393.446C732.868 393.716 733.058 393.921 733.301 394.063C733.544 394.202 733.827 394.272 734.148 394.272C734.357 394.272 734.546 394.243 734.715 394.184C734.886 394.124 735.033 394.034 735.157 393.915C735.281 393.793 735.376 393.642 735.444 393.462L736.213 393.678C736.132 393.939 735.996 394.169 735.805 394.367C735.613 394.562 735.377 394.715 735.096 394.825C734.815 394.933 734.499 394.987 734.148 394.987ZM739.758 389.698V390.372H737.073V389.698H739.758ZM737.856 388.456H738.652V393.395C738.652 393.62 738.684 393.789 738.75 393.901C738.817 394.011 738.903 394.085 739.006 394.124C739.112 394.16 739.223 394.178 739.34 394.178C739.428 394.178 739.5 394.173 739.556 394.164C739.612 394.153 739.657 394.144 739.691 394.137L739.853 394.852C739.799 394.873 739.724 394.893 739.627 394.913C739.53 394.936 739.408 394.947 739.259 394.947C739.034 394.947 738.814 394.899 738.598 394.802C738.384 394.705 738.207 394.558 738.065 394.36C737.925 394.162 737.856 393.912 737.856 393.611V388.456ZM744.222 392.761V389.698H745.018V394.879H744.222V394.002H744.168C744.046 394.265 743.857 394.489 743.601 394.674C743.345 394.856 743.021 394.947 742.629 394.947C742.305 394.947 742.018 394.876 741.766 394.734C741.514 394.59 741.316 394.374 741.172 394.087C741.028 393.796 740.956 393.431 740.956 392.99V389.698H741.752V392.936C741.752 393.314 741.858 393.615 742.069 393.84C742.283 394.065 742.555 394.178 742.886 394.178C743.084 394.178 743.285 394.127 743.49 394.026C743.696 393.925 743.87 393.769 744.009 393.56C744.151 393.351 744.222 393.085 744.222 392.761ZM746.476 396.823V389.698H747.245V390.521H747.34C747.398 390.431 747.479 390.316 747.583 390.177C747.688 390.035 747.839 389.909 748.035 389.799C748.233 389.686 748.5 389.63 748.838 389.63C749.274 389.63 749.658 389.739 749.991 389.957C750.324 390.176 750.584 390.485 750.771 390.885C750.957 391.285 751.051 391.758 751.051 392.302C751.051 392.851 750.957 393.326 750.771 393.729C750.584 394.129 750.325 394.44 749.995 394.66C749.664 394.878 749.283 394.987 748.851 394.987C748.518 394.987 748.252 394.932 748.051 394.822C747.851 394.71 747.697 394.583 747.589 394.441C747.481 394.297 747.398 394.178 747.34 394.083H747.272V396.823H746.476ZM747.259 392.288C747.259 392.68 747.316 393.025 747.431 393.324C747.545 393.621 747.713 393.854 747.933 394.023C748.154 394.189 748.424 394.272 748.743 394.272C749.076 394.272 749.354 394.184 749.576 394.009C749.801 393.831 749.97 393.593 750.082 393.294C750.197 392.992 750.254 392.657 750.254 392.288C750.254 391.924 750.198 391.596 750.086 391.303C749.976 391.009 749.808 390.776 749.583 390.605C749.36 390.432 749.08 390.345 748.743 390.345C748.419 390.345 748.147 390.427 747.927 390.592C747.706 390.754 747.54 390.981 747.427 391.273C747.315 391.563 747.259 391.902 747.259 392.288ZM757.245 389.698V390.372H754.451V389.698H757.245ZM755.288 394.879V388.982C755.288 388.686 755.358 388.438 755.497 388.24C755.636 388.042 755.817 387.894 756.04 387.795C756.263 387.696 756.498 387.646 756.745 387.646C756.941 387.646 757.101 387.662 757.224 387.694C757.348 387.725 757.44 387.754 757.501 387.781L757.271 388.47C757.231 388.456 757.175 388.439 757.103 388.419C757.033 388.399 756.941 388.389 756.826 388.389C756.563 388.389 756.373 388.455 756.256 388.588C756.141 388.72 756.084 388.915 756.084 389.171V394.879H755.288ZM760.252 394.987C759.784 394.987 759.374 394.876 759.021 394.653C758.67 394.431 758.395 394.119 758.198 393.719C758.002 393.319 757.904 392.851 757.904 392.315C757.904 391.776 758.002 391.305 758.198 390.902C758.395 390.499 758.67 390.187 759.021 389.964C759.374 389.741 759.784 389.63 760.252 389.63C760.72 389.63 761.129 389.741 761.48 389.964C761.833 390.187 762.108 390.499 762.303 390.902C762.501 391.305 762.6 391.776 762.6 392.315C762.6 392.851 762.501 393.319 762.303 393.719C762.108 394.119 761.833 394.431 761.48 394.653C761.129 394.876 760.72 394.987 760.252 394.987ZM760.252 394.272C760.607 394.272 760.9 394.181 761.129 393.999C761.359 393.817 761.528 393.577 761.639 393.28C761.749 392.983 761.804 392.662 761.804 392.315C761.804 391.969 761.749 391.646 761.639 391.347C761.528 391.048 761.359 390.806 761.129 390.622C760.9 390.438 760.607 390.345 760.252 390.345C759.897 390.345 759.604 390.438 759.375 390.622C759.146 390.806 758.976 391.048 758.866 391.347C758.755 391.646 758.7 391.969 758.7 392.315C758.7 392.662 758.755 392.983 758.866 393.28C758.976 393.577 759.146 393.817 759.375 393.999C759.604 394.181 759.897 394.272 760.252 394.272ZM763.815 394.879V389.698H764.585V390.48H764.639C764.733 390.224 764.904 390.016 765.151 389.856C765.399 389.696 765.678 389.617 765.988 389.617C766.046 389.617 766.12 389.618 766.207 389.62C766.295 389.622 766.361 389.626 766.406 389.63V390.44C766.379 390.433 766.317 390.423 766.221 390.409C766.126 390.394 766.026 390.386 765.921 390.386C765.669 390.386 765.444 390.439 765.246 390.544C765.05 390.648 764.895 390.792 764.78 390.976C764.668 391.158 764.612 391.366 764.612 391.6V394.879H763.815ZM604.567 398.97H605.404V403.909C605.404 404.35 605.323 404.725 605.161 405.033C604.999 405.341 604.771 405.575 604.476 405.734C604.182 405.894 603.834 405.974 603.434 405.974C603.056 405.974 602.72 405.905 602.425 405.768C602.13 405.629 601.899 405.431 601.73 405.174C601.561 404.918 601.477 404.613 601.477 404.26H602.3C602.3 404.456 602.349 404.627 602.445 404.773C602.544 404.917 602.679 405.029 602.85 405.11C603.021 405.191 603.216 405.232 603.434 405.232C603.674 405.232 603.879 405.181 604.048 405.08C604.216 404.979 604.345 404.83 604.432 404.635C604.522 404.437 604.567 404.195 604.567 403.909V398.97ZM609.078 405.987C608.61 405.987 608.199 405.876 607.846 405.653C607.496 405.431 607.221 405.119 607.023 404.719C606.828 404.319 606.73 403.851 606.73 403.315C606.73 402.776 606.828 402.305 607.023 401.902C607.221 401.499 607.496 401.187 607.846 400.964C608.199 400.741 608.61 400.63 609.078 400.63C609.546 400.63 609.955 400.741 610.306 400.964C610.659 401.187 610.933 401.499 611.129 401.902C611.327 402.305 611.426 402.776 611.426 403.315C611.426 403.851 611.327 404.319 611.129 404.719C610.933 405.119 610.659 405.431 610.306 405.653C609.955 405.876 609.546 405.987 609.078 405.987ZM609.078 405.272C609.433 405.272 609.725 405.181 609.955 404.999C610.184 404.817 610.354 404.577 610.464 404.28C610.574 403.983 610.63 403.662 610.63 403.315C610.63 402.969 610.574 402.646 610.464 402.347C610.354 402.048 610.184 401.806 609.955 401.622C609.725 401.438 609.433 401.345 609.078 401.345C608.722 401.345 608.43 401.438 608.201 401.622C607.971 401.806 607.801 402.048 607.691 402.347C607.581 402.646 607.526 402.969 607.526 403.315C607.526 403.662 607.581 403.983 607.691 404.28C607.801 404.577 607.971 404.817 608.201 404.999C608.43 405.181 608.722 405.272 609.078 405.272ZM612.641 405.879V400.698H613.41V401.507H613.478C613.586 401.231 613.76 401.016 614.001 400.863C614.241 400.708 614.53 400.63 614.868 400.63C615.209 400.63 615.494 400.708 615.721 400.863C615.951 401.016 616.129 401.231 616.258 401.507H616.312C616.444 401.24 616.643 401.027 616.909 400.87C617.174 400.71 617.492 400.63 617.863 400.63C618.327 400.63 618.706 400.775 619 401.065C619.295 401.353 619.442 401.802 619.442 402.411V405.879H618.646V402.411C618.646 402.029 618.541 401.756 618.332 401.592C618.123 401.427 617.877 401.345 617.593 401.345C617.229 401.345 616.947 401.456 616.747 401.676C616.547 401.894 616.446 402.171 616.446 402.506V405.879H615.637V402.33C615.637 402.036 615.541 401.798 615.35 401.619C615.159 401.436 614.913 401.345 614.611 401.345C614.404 401.345 614.211 401.4 614.031 401.511C613.853 401.621 613.709 401.774 613.599 401.969C613.491 402.163 613.437 402.387 613.437 402.641V405.879H612.641ZM621.006 398.97H622.004L624.352 404.705H624.433L626.781 398.97H627.78V405.879H626.997V400.63H626.93L624.771 405.879H624.015L621.856 400.63H621.789V405.879H621.006V398.97ZM630.874 406.001C630.546 406.001 630.248 405.939 629.98 405.815C629.713 405.689 629.5 405.508 629.343 405.272C629.185 405.034 629.107 404.746 629.107 404.409C629.107 404.112 629.165 403.871 629.282 403.687C629.399 403.5 629.555 403.354 629.751 403.248C629.947 403.142 630.163 403.064 630.399 403.012C630.637 402.958 630.877 402.915 631.117 402.884C631.432 402.843 631.687 402.813 631.883 402.793C632.081 402.77 632.225 402.733 632.315 402.681C632.407 402.63 632.453 402.54 632.453 402.411V402.384C632.453 402.052 632.362 401.793 632.18 401.608C632 401.424 631.727 401.332 631.36 401.332C630.98 401.332 630.682 401.415 630.466 401.581C630.25 401.748 630.099 401.926 630.011 402.114L629.255 401.845C629.39 401.53 629.57 401.285 629.795 401.109C630.022 400.931 630.269 400.808 630.537 400.738C630.807 400.666 631.072 400.63 631.333 400.63C631.5 400.63 631.691 400.65 631.907 400.691C632.125 400.729 632.335 400.809 632.538 400.93C632.742 401.052 632.912 401.235 633.047 401.48C633.182 401.725 633.249 402.054 633.249 402.465V405.879H632.453V405.178H632.413C632.359 405.29 632.269 405.41 632.143 405.539C632.017 405.667 631.849 405.776 631.64 405.866C631.431 405.956 631.176 406.001 630.874 406.001ZM630.996 405.286C631.311 405.286 631.576 405.224 631.792 405.1C632.01 404.976 632.174 404.817 632.285 404.621C632.397 404.425 632.453 404.22 632.453 404.004V403.275C632.42 403.315 632.345 403.353 632.231 403.386C632.118 403.418 631.988 403.446 631.839 403.471C631.693 403.493 631.55 403.513 631.411 403.531C631.274 403.547 631.162 403.561 631.077 403.572C630.87 403.599 630.677 403.643 630.497 403.703C630.319 403.762 630.175 403.851 630.065 403.97C629.957 404.087 629.903 404.247 629.903 404.449C629.903 404.726 630.005 404.935 630.21 405.076C630.417 405.216 630.679 405.286 630.996 405.286ZM635.445 403.99L635.431 403.005H635.593L637.86 400.698H638.845L636.43 403.14H636.362L635.445 403.99ZM634.703 405.879V398.97H635.499V405.879H634.703ZM637.995 405.879L635.971 403.315L636.538 402.762L639.007 405.879H637.995ZM641.395 406.001C641.067 406.001 640.769 405.939 640.501 405.815C640.233 405.689 640.021 405.508 639.863 405.272C639.706 405.034 639.627 404.746 639.627 404.409C639.627 404.112 639.686 403.871 639.803 403.687C639.92 403.5 640.076 403.354 640.272 403.248C640.467 403.142 640.683 403.064 640.919 403.012C641.158 402.958 641.397 402.915 641.638 402.884C641.953 402.843 642.208 402.813 642.404 402.793C642.602 402.77 642.745 402.733 642.835 402.681C642.928 402.63 642.974 402.54 642.974 402.411V402.384C642.974 402.052 642.883 401.793 642.701 401.608C642.521 401.424 642.247 401.332 641.881 401.332C641.501 401.332 641.203 401.415 640.987 401.581C640.771 401.748 640.619 401.926 640.531 402.114L639.776 401.845C639.911 401.53 640.09 401.285 640.315 401.109C640.543 400.931 640.79 400.808 641.058 400.738C641.327 400.666 641.593 400.63 641.854 400.63C642.02 400.63 642.211 400.65 642.427 400.691C642.645 400.729 642.856 400.809 643.058 400.93C643.263 401.052 643.433 401.235 643.568 401.48C643.702 401.725 643.77 402.054 643.77 402.465V405.879H642.974V405.178H642.933C642.879 405.29 642.789 405.41 642.663 405.539C642.537 405.667 642.37 405.776 642.161 405.866C641.952 405.956 641.696 406.001 641.395 406.001ZM641.516 405.286C641.831 405.286 642.097 405.224 642.313 405.1C642.531 404.976 642.695 404.817 642.805 404.621C642.918 404.425 642.974 404.22 642.974 404.004V403.275C642.94 403.315 642.866 403.353 642.751 403.386C642.639 403.418 642.508 403.446 642.36 403.471C642.214 403.493 642.071 403.513 641.931 403.531C641.794 403.547 641.683 403.561 641.597 403.572C641.39 403.599 641.197 403.643 641.017 403.703C640.839 403.762 640.695 403.851 640.585 403.97C640.477 404.087 640.423 404.247 640.423 404.449C640.423 404.726 640.526 404.935 640.73 405.076C640.937 405.216 641.199 405.286 641.516 405.286ZM646.019 402.762V405.879H645.223V400.698H645.992V401.507H646.06C646.181 401.244 646.366 401.033 646.613 400.873C646.86 400.711 647.18 400.63 647.571 400.63C647.922 400.63 648.229 400.702 648.492 400.846C648.755 400.988 648.96 401.204 649.106 401.494C649.252 401.782 649.325 402.146 649.325 402.587V405.879H648.529V402.641C648.529 402.234 648.424 401.917 648.212 401.689C648.001 401.46 647.711 401.345 647.342 401.345C647.088 401.345 646.86 401.4 646.66 401.511C646.462 401.621 646.306 401.782 646.191 401.993C646.077 402.204 646.019 402.461 646.019 402.762ZM654.626 405.879L653.047 400.698H653.884L655.004 404.665H655.058L656.164 400.698H657.015L658.108 404.651H658.162L659.282 400.698H660.118L658.539 405.879H657.757L656.623 401.899H656.542L655.409 405.879H654.626ZM661.171 405.879V400.698H661.967V405.879H661.171ZM661.576 399.834C661.421 399.834 661.287 399.781 661.174 399.675C661.064 399.57 661.009 399.443 661.009 399.294C661.009 399.146 661.064 399.019 661.174 398.913C661.287 398.807 661.421 398.754 661.576 398.754C661.731 398.754 661.864 398.807 661.974 398.913C662.086 399.019 662.142 399.146 662.142 399.294C662.142 399.443 662.086 399.57 661.974 399.675C661.864 399.781 661.731 399.834 661.576 399.834ZM665.679 400.698V401.372H662.993V400.698H665.679ZM663.776 399.456H664.572V404.395C664.572 404.62 664.605 404.789 664.67 404.901C664.738 405.011 664.823 405.085 664.926 405.124C665.032 405.16 665.144 405.178 665.26 405.178C665.348 405.178 665.42 405.173 665.476 405.164C665.533 405.153 665.578 405.144 665.611 405.137L665.773 405.852C665.719 405.873 665.644 405.893 665.547 405.913C665.451 405.936 665.328 405.947 665.18 405.947C664.955 405.947 664.734 405.899 664.518 405.802C664.305 405.705 664.127 405.558 663.985 405.36C663.846 405.162 663.776 404.912 663.776 404.611V399.456ZM667.784 402.762V405.879H666.988V398.97H667.784V401.507H667.851C667.973 401.24 668.155 401.027 668.398 400.87C668.643 400.71 668.969 400.63 669.376 400.63C669.729 400.63 670.039 400.701 670.304 400.843C670.569 400.982 670.775 401.197 670.921 401.487C671.07 401.775 671.144 402.141 671.144 402.587V405.879H670.348V402.641C670.348 402.229 670.241 401.911 670.027 401.686C669.816 401.459 669.522 401.345 669.147 401.345C668.886 401.345 668.652 401.4 668.445 401.511C668.24 401.621 668.079 401.782 667.959 401.993C667.842 402.204 667.784 402.461 667.784 402.762ZM675.38 405.879V398.97H677.715C678.257 398.97 678.7 399.068 679.044 399.264C679.39 399.457 679.647 399.719 679.813 400.05C679.98 400.38 680.063 400.749 680.063 401.156C680.063 401.563 679.98 401.933 679.813 402.266C679.649 402.599 679.395 402.865 679.051 403.062C678.707 403.258 678.266 403.356 677.728 403.356H676.055V402.614H677.701C678.072 402.614 678.37 402.55 678.595 402.421C678.82 402.293 678.983 402.12 679.085 401.902C679.188 401.682 679.24 401.433 679.24 401.156C679.24 400.88 679.188 400.632 679.085 400.414C678.983 400.196 678.819 400.025 678.592 399.901C678.365 399.775 678.063 399.712 677.688 399.712H676.217V405.879H675.38ZM682.099 398.97V405.879H681.303V398.97H682.099ZM685.082 406.001C684.754 406.001 684.456 405.939 684.188 405.815C683.92 405.689 683.708 405.508 683.55 405.272C683.393 405.034 683.314 404.746 683.314 404.409C683.314 404.112 683.373 403.871 683.49 403.687C683.607 403.5 683.763 403.354 683.959 403.248C684.154 403.142 684.37 403.064 684.606 403.012C684.845 402.958 685.084 402.915 685.325 402.884C685.64 402.843 685.895 402.813 686.091 402.793C686.289 402.77 686.433 402.733 686.522 402.681C686.615 402.63 686.661 402.54 686.661 402.411V402.384C686.661 402.052 686.57 401.793 686.388 401.608C686.208 401.424 685.934 401.332 685.568 401.332C685.188 401.332 684.89 401.415 684.674 401.581C684.458 401.748 684.306 401.926 684.218 402.114L683.463 401.845C683.598 401.53 683.778 401.285 684.002 401.109C684.23 400.931 684.477 400.808 684.745 400.738C685.014 400.666 685.28 400.63 685.541 400.63C685.707 400.63 685.898 400.65 686.114 400.691C686.332 400.729 686.543 400.809 686.745 400.93C686.95 401.052 687.12 401.235 687.255 401.48C687.389 401.725 687.457 402.054 687.457 402.465V405.879H686.661V405.178H686.62C686.566 405.29 686.476 405.41 686.35 405.539C686.224 405.667 686.057 405.776 685.848 405.866C685.639 405.956 685.383 406.001 685.082 406.001ZM685.203 405.286C685.518 405.286 685.784 405.224 686 405.1C686.218 404.976 686.382 404.817 686.492 404.621C686.605 404.425 686.661 404.22 686.661 404.004V403.275C686.627 403.315 686.553 403.353 686.438 403.386C686.326 403.418 686.195 403.446 686.047 403.471C685.901 403.493 685.758 403.513 685.618 403.531C685.481 403.547 685.37 403.561 685.284 403.572C685.077 403.599 684.884 403.643 684.704 403.703C684.526 403.762 684.382 403.851 684.272 403.97C684.164 404.087 684.11 404.247 684.11 404.449C684.11 404.726 684.213 404.935 684.417 405.076C684.624 405.216 684.886 405.286 685.203 405.286ZM689.237 407.823C689.102 407.823 688.982 407.811 688.876 407.789C688.771 407.769 688.698 407.748 688.657 407.728L688.86 407.026C689.053 407.076 689.224 407.094 689.372 407.08C689.521 407.067 689.652 407.001 689.767 406.881C689.884 406.764 689.991 406.574 690.087 406.311L690.236 405.906L688.32 400.698H689.183L690.614 404.827H690.668L692.098 400.698H692.962L690.762 406.635C690.663 406.903 690.541 407.124 690.394 407.3C690.248 407.477 690.079 407.609 689.885 407.694C689.694 407.78 689.478 407.823 689.237 407.823ZM695.187 405.879L693.608 400.698H694.444L695.565 404.665H695.618L696.725 400.698H697.575L698.668 404.651H698.722L699.842 400.698H700.679L699.1 405.879H698.317L697.184 401.899H697.103L695.969 405.879H695.187ZM701.731 405.879V400.698H702.501V401.48H702.555C702.649 401.224 702.82 401.016 703.067 400.856C703.315 400.696 703.594 400.617 703.904 400.617C703.962 400.617 704.036 400.618 704.123 400.62C704.211 400.622 704.277 400.626 704.322 400.63V401.44C704.295 401.433 704.233 401.423 704.137 401.409C704.042 401.394 703.942 401.386 703.837 401.386C703.585 401.386 703.36 401.439 703.162 401.544C702.966 401.648 702.811 401.792 702.696 401.976C702.584 402.158 702.528 402.366 702.528 402.6V405.879H701.731ZM705.266 405.879V400.698H706.062V405.879H705.266ZM705.671 399.834C705.516 399.834 705.382 399.781 705.269 399.675C705.159 399.57 705.104 399.443 705.104 399.294C705.104 399.146 705.159 399.019 705.269 398.913C705.382 398.807 705.516 398.754 705.671 398.754C705.826 398.754 705.959 398.807 706.069 398.913C706.181 399.019 706.238 399.146 706.238 399.294C706.238 399.443 706.181 399.57 706.069 399.675C705.959 399.781 705.826 399.834 705.671 399.834ZM709.612 407.931C709.228 407.931 708.897 407.881 708.62 407.782C708.344 407.685 708.113 407.557 707.929 407.398C707.747 407.24 707.601 407.071 707.493 406.891L708.128 406.446C708.2 406.541 708.291 406.649 708.401 406.77C708.511 406.894 708.662 407.001 708.853 407.091C709.046 407.183 709.299 407.229 709.612 407.229C710.03 407.229 710.376 407.128 710.648 406.925C710.92 406.723 711.056 406.406 711.056 405.974V404.921H710.989C710.93 405.016 710.847 405.133 710.739 405.272C710.633 405.409 710.48 405.532 710.28 405.64C710.082 405.746 709.815 405.798 709.477 405.798C709.059 405.798 708.683 405.699 708.35 405.502C708.02 405.304 707.758 405.016 707.564 404.638C707.373 404.26 707.278 403.801 707.278 403.261C707.278 402.731 707.371 402.269 707.558 401.875C707.744 401.479 708.004 401.173 708.337 400.957C708.67 400.739 709.054 400.63 709.491 400.63C709.828 400.63 710.096 400.686 710.294 400.799C710.494 400.909 710.647 401.035 710.752 401.177C710.86 401.316 710.944 401.431 711.002 401.521H711.083V400.698H711.852V406.028C711.852 406.473 711.751 406.835 711.549 407.114C711.348 407.395 711.078 407.601 710.739 407.731C710.402 407.864 710.026 407.931 709.612 407.931ZM709.585 405.083C709.904 405.083 710.174 405.01 710.395 404.864C710.615 404.718 710.783 404.507 710.897 404.233C711.012 403.959 711.069 403.63 711.069 403.248C711.069 402.875 711.013 402.545 710.901 402.26C710.788 401.974 710.622 401.75 710.402 401.588C710.181 401.426 709.909 401.345 709.585 401.345C709.248 401.345 708.967 401.431 708.742 401.602C708.519 401.773 708.351 402.002 708.239 402.29C708.129 402.578 708.074 402.897 708.074 403.248C708.074 403.608 708.13 403.926 708.242 404.203C708.357 404.477 708.526 404.693 708.748 404.85C708.973 405.006 709.252 405.083 709.585 405.083ZM714.106 402.762V405.879H713.31V398.97H714.106V401.507H714.173C714.295 401.24 714.477 401.027 714.72 400.87C714.965 400.71 715.291 400.63 715.698 400.63C716.051 400.63 716.36 400.701 716.626 400.843C716.891 400.982 717.097 401.197 717.243 401.487C717.392 401.775 717.466 402.141 717.466 402.587V405.879H716.67V402.641C716.67 402.229 716.563 401.911 716.349 401.686C716.138 401.459 715.844 401.345 715.469 401.345C715.208 401.345 714.974 401.4 714.767 401.511C714.562 401.621 714.4 401.782 714.281 401.993C714.164 402.204 714.106 402.461 714.106 402.762ZM721.176 400.698V401.372H718.491V400.698H721.176ZM719.273 399.456H720.069V404.395C720.069 404.62 720.102 404.789 720.167 404.901C720.235 405.011 720.32 405.085 720.424 405.124C720.529 405.16 720.641 405.178 720.758 405.178C720.845 405.178 720.917 405.173 720.973 405.164C721.03 405.153 721.075 405.144 721.108 405.137L721.27 405.852C721.216 405.873 721.141 405.893 721.044 405.913C720.948 405.936 720.825 405.947 720.677 405.947C720.452 405.947 720.231 405.899 720.015 405.802C719.802 405.705 719.624 405.558 719.482 405.36C719.343 405.162 719.273 404.912 719.273 404.611V399.456ZM725.329 402.425C725.329 401.575 725.439 400.793 725.659 400.08C725.882 399.365 726.199 398.707 726.611 398.107H727.312C727.15 398.329 726.999 398.604 726.857 398.93C726.718 399.254 726.595 399.61 726.489 399.999C726.384 400.386 726.3 400.786 726.24 401.2C726.181 401.614 726.152 402.022 726.152 402.425C726.152 402.96 726.204 403.503 726.307 404.054C726.411 404.605 726.55 405.117 726.725 405.589C726.901 406.062 727.097 406.446 727.312 406.743H726.611C726.199 406.143 725.882 405.486 725.659 404.773C725.439 404.058 725.329 403.275 725.329 402.425ZM731.24 398.97H732.077V403.909C732.077 404.35 731.996 404.725 731.834 405.033C731.672 405.341 731.444 405.575 731.149 405.734C730.854 405.894 730.507 405.974 730.107 405.974C729.729 405.974 729.393 405.905 729.098 405.768C728.803 405.629 728.572 405.431 728.403 405.174C728.234 404.918 728.15 404.613 728.15 404.26H728.973C728.973 404.456 729.021 404.627 729.118 404.773C729.217 404.917 729.352 405.029 729.523 405.11C729.694 405.191 729.888 405.232 730.107 405.232C730.347 405.232 730.552 405.181 730.721 405.08C730.889 404.979 731.017 404.83 731.105 404.635C731.195 404.437 731.24 404.195 731.24 403.909V398.97ZM735.17 406.001C734.842 406.001 734.544 405.939 734.276 405.815C734.009 405.689 733.796 405.508 733.639 405.272C733.481 405.034 733.403 404.746 733.403 404.409C733.403 404.112 733.461 403.871 733.578 403.687C733.695 403.5 733.851 403.354 734.047 403.248C734.243 403.142 734.459 403.064 734.695 403.012C734.933 402.958 735.173 402.915 735.413 402.884C735.728 402.843 735.983 402.813 736.179 402.793C736.377 402.77 736.521 402.733 736.611 402.681C736.703 402.63 736.749 402.54 736.749 402.411V402.384C736.749 402.052 736.658 401.793 736.476 401.608C736.296 401.424 736.023 401.332 735.656 401.332C735.276 401.332 734.978 401.415 734.762 401.581C734.546 401.748 734.394 401.926 734.307 402.114L733.551 401.845C733.686 401.53 733.866 401.285 734.091 401.109C734.318 400.931 734.565 400.808 734.833 400.738C735.103 400.666 735.368 400.63 735.629 400.63C735.796 400.63 735.987 400.65 736.203 400.691C736.421 400.729 736.631 400.809 736.834 400.93C737.038 401.052 737.208 401.235 737.343 401.48C737.478 401.725 737.545 402.054 737.545 402.465V405.879H736.749V405.178H736.709C736.655 405.29 736.565 405.41 736.439 405.539C736.313 405.667 736.145 405.776 735.936 405.866C735.727 405.956 735.472 406.001 735.17 406.001ZM735.292 405.286C735.607 405.286 735.872 405.224 736.088 405.1C736.306 404.976 736.47 404.817 736.58 404.621C736.693 404.425 736.749 404.22 736.749 404.004V403.275C736.715 403.315 736.641 403.353 736.527 403.386C736.414 403.418 736.284 403.446 736.135 403.471C735.989 403.493 735.846 403.513 735.707 403.531C735.57 403.547 735.458 403.561 735.373 403.572C735.166 403.599 734.972 403.643 734.792 403.703C734.615 403.762 734.471 403.851 734.361 403.97C734.253 404.087 734.199 404.247 734.199 404.449C734.199 404.726 734.301 404.935 734.506 405.076C734.713 405.216 734.975 405.286 735.292 405.286ZM743.05 400.698L741.134 405.879H740.324L738.408 400.698H739.272L740.702 404.827H740.756L742.187 400.698H743.05ZM745.468 406.001C745.14 406.001 744.842 405.939 744.574 405.815C744.307 405.689 744.094 405.508 743.937 405.272C743.779 405.034 743.7 404.746 743.7 404.409C743.7 404.112 743.759 403.871 743.876 403.687C743.993 403.5 744.149 403.354 744.345 403.248C744.54 403.142 744.756 403.064 744.993 403.012C745.231 402.958 745.47 402.915 745.711 402.884C746.026 402.843 746.281 402.813 746.477 402.793C746.675 402.77 746.819 402.733 746.909 402.681C747.001 402.63 747.047 402.54 747.047 402.411V402.384C747.047 402.052 746.956 401.793 746.774 401.608C746.594 401.424 746.321 401.332 745.954 401.332C745.574 401.332 745.276 401.415 745.06 401.581C744.844 401.748 744.692 401.926 744.605 402.114L743.849 401.845C743.984 401.53 744.164 401.285 744.389 401.109C744.616 400.931 744.863 400.808 745.131 400.738C745.401 400.666 745.666 400.63 745.927 400.63C746.093 400.63 746.285 400.65 746.5 400.691C746.719 400.729 746.929 400.809 747.131 400.93C747.336 401.052 747.506 401.235 747.641 401.48C747.776 401.725 747.843 402.054 747.843 402.465V405.879H747.047V405.178H747.007C746.953 405.29 746.863 405.41 746.737 405.539C746.611 405.667 746.443 405.776 746.234 405.866C746.025 405.956 745.77 406.001 745.468 406.001ZM745.59 405.286C745.904 405.286 746.17 405.224 746.386 405.1C746.604 404.976 746.768 404.817 746.878 404.621C746.991 404.425 747.047 404.22 747.047 404.004V403.275C747.013 403.315 746.939 403.353 746.824 403.386C746.712 403.418 746.581 403.446 746.433 403.471C746.287 403.493 746.144 403.513 746.005 403.531C745.867 403.547 745.756 403.561 745.671 403.572C745.464 403.599 745.27 403.643 745.09 403.703C744.913 403.762 744.769 403.851 744.659 403.97C744.551 404.087 744.497 404.247 744.497 404.449C744.497 404.726 744.599 404.935 744.804 405.076C745.01 405.216 745.273 405.286 745.59 405.286ZM753.183 400.698C753.142 400.356 752.978 400.09 752.69 399.901C752.402 399.712 752.049 399.618 751.631 399.618C751.325 399.618 751.057 399.668 750.828 399.766C750.601 399.865 750.423 400.001 750.295 400.175C750.169 400.348 750.106 400.545 750.106 400.765C750.106 400.949 750.15 401.108 750.238 401.241C750.328 401.371 750.442 401.48 750.582 401.568C750.721 401.653 750.867 401.724 751.02 401.78C751.173 401.834 751.314 401.878 751.442 401.912L752.144 402.101C752.324 402.148 752.524 402.213 752.744 402.297C752.967 402.38 753.179 402.493 753.382 402.637C753.586 402.779 753.755 402.961 753.888 403.184C754.02 403.407 754.087 403.68 754.087 404.004C754.087 404.377 753.989 404.714 753.793 405.016C753.6 405.317 753.317 405.557 752.943 405.734C752.572 405.912 752.121 406.001 751.59 406.001C751.096 406.001 750.667 405.921 750.305 405.761C749.945 405.602 749.662 405.379 749.455 405.093C749.25 404.808 749.134 404.476 749.107 404.098H749.971C749.994 404.359 750.081 404.575 750.234 404.746C750.389 404.915 750.585 405.04 750.821 405.124C751.06 405.205 751.316 405.245 751.59 405.245C751.91 405.245 752.197 405.193 752.451 405.09C752.705 404.984 752.906 404.838 753.055 404.651C753.203 404.462 753.277 404.242 753.277 403.99C753.277 403.761 753.213 403.574 753.085 403.43C752.957 403.286 752.788 403.169 752.579 403.079C752.37 402.989 752.144 402.911 751.901 402.843L751.051 402.6C750.511 402.445 750.084 402.224 749.769 401.936C749.454 401.648 749.296 401.271 749.296 400.806C749.296 400.419 749.401 400.081 749.61 399.793C749.822 399.503 750.105 399.278 750.46 399.119C750.818 398.957 751.217 398.876 751.658 398.876C752.103 398.876 752.499 398.956 752.845 399.115C753.192 399.273 753.466 399.489 753.669 399.763C753.873 400.037 753.981 400.349 753.992 400.698H753.183ZM757.46 405.987C756.974 405.987 756.555 405.873 756.205 405.643C755.854 405.414 755.584 405.098 755.395 404.695C755.206 404.293 755.112 403.833 755.112 403.315C755.112 402.789 755.208 402.325 755.402 401.922C755.597 401.517 755.869 401.201 756.218 400.974C756.569 400.745 756.978 400.63 757.446 400.63C757.81 400.63 758.139 400.698 758.431 400.833C758.724 400.967 758.963 401.156 759.15 401.399C759.336 401.642 759.452 401.926 759.497 402.249H758.701C758.64 402.013 758.505 401.804 758.296 401.622C758.089 401.438 757.81 401.345 757.46 401.345C757.149 401.345 756.877 401.426 756.643 401.588C756.412 401.748 756.23 401.974 756.1 402.266C755.972 402.556 755.908 402.897 755.908 403.288C755.908 403.689 755.971 404.037 756.097 404.334C756.225 404.631 756.405 404.862 756.636 405.026C756.87 405.19 757.145 405.272 757.46 405.272C757.666 405.272 757.854 405.236 758.023 405.164C758.192 405.092 758.334 404.989 758.451 404.854C758.568 404.719 758.652 404.557 758.701 404.368H759.497C759.452 404.674 759.341 404.949 759.163 405.195C758.988 405.437 758.755 405.631 758.465 405.775C758.177 405.917 757.842 405.987 757.46 405.987ZM760.661 405.879V400.698H761.43V401.48H761.484C761.579 401.224 761.75 401.016 761.997 400.856C762.244 400.696 762.523 400.617 762.834 400.617C762.892 400.617 762.965 400.618 763.053 400.62C763.141 400.622 763.207 400.626 763.252 400.63V401.44C763.225 401.433 763.163 401.423 763.066 401.409C762.972 401.394 762.872 401.386 762.766 401.386C762.514 401.386 762.289 401.439 762.091 401.544C761.896 401.648 761.741 401.792 761.626 401.976C761.513 402.158 761.457 402.366 761.457 402.6V405.879H760.661ZM764.196 405.879V400.698H764.992V405.879H764.196ZM764.601 399.834C764.445 399.834 764.312 399.781 764.199 399.675C764.089 399.57 764.034 399.443 764.034 399.294C764.034 399.146 764.089 399.019 764.199 398.913C764.312 398.807 764.445 398.754 764.601 398.754C764.756 398.754 764.888 398.807 764.999 398.913C765.111 399.019 765.167 399.146 765.167 399.294C765.167 399.443 765.111 399.57 764.999 399.675C764.888 399.781 764.756 399.834 764.601 399.834ZM766.45 407.823V400.698H767.219V401.521H767.314C767.372 401.431 767.453 401.316 767.557 401.177C767.662 401.035 767.813 400.909 768.009 400.799C768.207 400.686 768.474 400.63 768.812 400.63C769.248 400.63 769.633 400.739 769.965 400.957C770.298 401.176 770.558 401.485 770.745 401.885C770.931 402.285 771.025 402.758 771.025 403.302C771.025 403.851 770.931 404.326 770.745 404.729C770.558 405.129 770.299 405.44 769.969 405.66C769.638 405.878 769.257 405.987 768.825 405.987C768.492 405.987 768.226 405.932 768.026 405.822C767.825 405.71 767.671 405.583 767.563 405.441C767.455 405.297 767.372 405.178 767.314 405.083H767.246V407.823H766.45ZM767.233 403.288C767.233 403.68 767.29 404.025 767.405 404.324C767.52 404.621 767.687 404.854 767.908 405.023C768.128 405.189 768.398 405.272 768.717 405.272C769.05 405.272 769.328 405.184 769.55 405.009C769.775 404.831 769.944 404.593 770.057 404.294C770.171 403.992 770.229 403.657 770.229 403.288C770.229 402.924 770.172 402.596 770.06 402.303C769.95 402.009 769.782 401.776 769.557 401.605C769.335 401.432 769.055 401.345 768.717 401.345C768.393 401.345 768.121 401.427 767.901 401.592C767.68 401.754 767.514 401.981 767.402 402.273C767.289 402.563 767.233 402.902 767.233 403.288ZM774.493 400.698V401.372H771.807V400.698H774.493ZM772.59 399.456H773.386V404.395C773.386 404.62 773.419 404.789 773.484 404.901C773.552 405.011 773.637 405.085 773.74 405.124C773.846 405.16 773.957 405.178 774.074 405.178C774.162 405.178 774.234 405.173 774.29 405.164C774.347 405.153 774.392 405.144 774.425 405.137L774.587 405.852C774.533 405.873 774.458 405.893 774.361 405.913C774.264 405.936 774.142 405.947 773.993 405.947C773.769 405.947 773.548 405.899 773.332 405.802C773.119 405.705 772.941 405.558 772.799 405.36C772.66 405.162 772.59 404.912 772.59 404.611V399.456ZM777.391 402.965C777.391 403.815 777.279 404.597 777.057 405.313C776.836 406.026 776.52 406.682 776.109 407.283H775.407C775.569 407.06 775.72 406.786 775.859 406.46C776.001 406.136 776.124 405.78 776.23 405.394C776.336 405.005 776.418 404.603 776.476 404.189C776.537 403.773 776.568 403.365 776.568 402.965C776.568 402.429 776.516 401.886 776.412 401.335C776.309 400.784 776.169 400.273 775.994 399.8C775.819 399.328 775.623 398.943 775.407 398.646H776.109C776.52 399.247 776.836 399.905 777.057 400.62C777.279 401.333 777.391 402.114 777.391 402.965ZM783.329 406.001C783.001 406.001 782.703 405.939 782.435 405.815C782.167 405.689 781.955 405.508 781.797 405.272C781.64 405.034 781.561 404.746 781.561 404.409C781.561 404.112 781.62 403.871 781.737 403.687C781.854 403.5 782.01 403.354 782.206 403.248C782.401 403.142 782.617 403.064 782.853 403.012C783.092 402.958 783.331 402.915 783.572 402.884C783.887 402.843 784.142 402.813 784.338 402.793C784.536 402.77 784.68 402.733 784.77 402.681C784.862 402.63 784.908 402.54 784.908 402.411V402.384C784.908 402.052 784.817 401.793 784.635 401.608C784.455 401.424 784.181 401.332 783.815 401.332C783.435 401.332 783.137 401.415 782.921 401.581C782.705 401.748 782.553 401.926 782.465 402.114L781.71 401.845C781.845 401.53 782.025 401.285 782.249 401.109C782.477 400.931 782.724 400.808 782.992 400.738C783.262 400.666 783.527 400.63 783.788 400.63C783.954 400.63 784.145 400.65 784.361 400.691C784.579 400.729 784.79 400.809 784.992 400.93C785.197 401.052 785.367 401.235 785.502 401.48C785.637 401.725 785.704 402.054 785.704 402.465V405.879H784.908V405.178H784.867C784.813 405.29 784.723 405.41 784.597 405.539C784.472 405.667 784.304 405.776 784.095 405.866C783.886 405.956 783.63 406.001 783.329 406.001ZM783.45 405.286C783.765 405.286 784.031 405.224 784.247 405.1C784.465 404.976 784.629 404.817 784.739 404.621C784.852 404.425 784.908 404.22 784.908 404.004V403.275C784.874 403.315 784.8 403.353 784.685 403.386C784.573 403.418 784.442 403.446 784.294 403.471C784.148 403.493 784.005 403.513 783.865 403.531C783.728 403.547 783.617 403.561 783.531 403.572C783.325 403.599 783.131 403.643 782.951 403.703C782.774 403.762 782.63 403.851 782.519 403.97C782.411 404.087 782.357 404.247 782.357 404.449C782.357 404.726 782.46 404.935 782.664 405.076C782.871 405.216 783.133 405.286 783.45 405.286ZM787.953 402.762V405.879H787.157V400.698H787.926V401.507H787.994C788.115 401.244 788.3 401.033 788.547 400.873C788.795 400.711 789.114 400.63 789.505 400.63C789.856 400.63 790.163 400.702 790.426 400.846C790.689 400.988 790.894 401.204 791.04 401.494C791.186 401.782 791.259 402.146 791.259 402.587V405.879H790.463V402.641C790.463 402.234 790.358 401.917 790.146 401.689C789.935 401.46 789.645 401.345 789.276 401.345C789.022 401.345 788.795 401.4 788.594 401.511C788.396 401.621 788.24 401.782 788.125 401.993C788.011 402.204 787.953 402.461 787.953 402.762ZM794.671 405.987C794.239 405.987 793.858 405.878 793.527 405.66C793.197 405.44 792.938 405.129 792.751 404.729C792.565 404.326 792.471 403.851 792.471 403.302C792.471 402.758 792.565 402.285 792.751 401.885C792.938 401.485 793.198 401.176 793.531 400.957C793.864 400.739 794.248 400.63 794.684 400.63C795.022 400.63 795.288 400.686 795.484 400.799C795.682 400.909 795.833 401.035 795.936 401.177C796.042 401.316 796.124 401.431 796.182 401.521H796.25V398.97H797.046V405.879H796.277V405.083H796.182C796.124 405.178 796.041 405.297 795.933 405.441C795.825 405.583 795.671 405.71 795.471 405.822C795.27 405.932 795.004 405.987 794.671 405.987ZM794.779 405.272C795.098 405.272 795.368 405.189 795.589 405.023C795.809 404.854 795.977 404.621 796.091 404.324C796.206 404.025 796.263 403.68 796.263 403.288C796.263 402.902 796.207 402.563 796.095 402.273C795.982 401.981 795.816 401.754 795.595 401.592C795.375 401.427 795.103 401.345 794.779 401.345C794.442 401.345 794.16 401.432 793.936 401.605C793.713 401.776 793.545 402.009 793.433 402.303C793.323 402.596 793.268 402.924 793.268 403.288C793.268 403.657 793.324 403.992 793.436 404.294C793.551 404.593 793.72 404.831 793.942 405.009C794.167 405.184 794.446 405.272 794.779 405.272ZM606.645 412.129C606.571 411.902 606.473 411.699 606.352 411.519C606.233 411.337 606.09 411.181 605.923 411.053C605.759 410.925 605.573 410.827 605.363 410.76C605.154 410.692 604.925 410.659 604.675 410.659C604.266 410.659 603.894 410.764 603.559 410.976C603.223 411.187 602.957 411.499 602.759 411.91C602.561 412.322 602.462 412.827 602.462 413.425C602.462 414.023 602.562 414.528 602.762 414.94C602.963 415.351 603.234 415.663 603.575 415.874C603.917 416.085 604.302 416.191 604.729 416.191C605.125 416.191 605.474 416.107 605.775 415.938C606.079 415.767 606.315 415.527 606.483 415.216C606.654 414.904 606.74 414.536 606.74 414.113L606.996 414.167H604.918V413.425H607.55V414.167C607.55 414.736 607.428 415.231 607.185 415.651C606.945 416.072 606.612 416.398 606.187 416.63C605.764 416.859 605.278 416.974 604.729 416.974C604.117 416.974 603.58 416.83 603.117 416.542C602.656 416.254 602.296 415.845 602.037 415.314C601.781 414.783 601.652 414.154 601.652 413.425C601.652 412.878 601.726 412.387 601.872 411.951C602.02 411.512 602.229 411.139 602.499 410.831C602.769 410.522 603.089 410.286 603.457 410.122C603.826 409.958 604.232 409.876 604.675 409.876C605.04 409.876 605.379 409.931 605.694 410.041C606.011 410.149 606.293 410.303 606.541 410.503C606.79 410.701 606.998 410.939 607.165 411.215C607.331 411.49 607.446 411.794 607.509 412.129H606.645ZM609.199 416.879V411.698H609.995V416.879H609.199ZM609.604 410.834C609.449 410.834 609.315 410.781 609.203 410.675C609.092 410.57 609.037 410.443 609.037 410.294C609.037 410.146 609.092 410.019 609.203 409.913C609.315 409.807 609.449 409.754 609.604 409.754C609.759 409.754 609.892 409.807 610.002 409.913C610.115 410.019 610.171 410.146 610.171 410.294C610.171 410.443 610.115 410.57 610.002 410.675C609.892 410.781 609.759 410.834 609.604 410.834ZM613.707 411.698V412.372H611.022V411.698H613.707ZM611.804 410.456H612.601V415.395C612.601 415.62 612.633 415.789 612.698 415.901C612.766 416.011 612.851 416.085 612.955 416.124C613.061 416.16 613.172 416.178 613.289 416.178C613.377 416.178 613.448 416.173 613.505 416.164C613.561 416.153 613.606 416.144 613.64 416.137L613.802 416.852C613.748 416.873 613.672 416.893 613.576 416.913C613.479 416.936 613.356 416.947 613.208 416.947C612.983 416.947 612.763 416.899 612.547 416.802C612.333 416.705 612.155 416.558 612.014 416.36C611.874 416.162 611.804 415.912 611.804 415.611V410.456ZM615.124 416.879V409.97H615.961V413.047H619.645V409.97H620.481V416.879H619.645V413.789H615.961V416.879H615.124ZM625.314 414.761V411.698H626.11V416.879H625.314V416.002H625.26C625.139 416.265 624.95 416.489 624.693 416.674C624.437 416.856 624.113 416.947 623.722 416.947C623.398 416.947 623.11 416.876 622.858 416.734C622.606 416.59 622.408 416.374 622.264 416.087C622.12 415.796 622.048 415.431 622.048 414.99V411.698H622.844V414.936C622.844 415.314 622.95 415.615 623.162 415.84C623.375 416.065 623.647 416.178 623.978 416.178C624.176 416.178 624.377 416.127 624.582 416.026C624.789 415.925 624.962 415.769 625.101 415.56C625.243 415.351 625.314 415.085 625.314 414.761ZM627.676 416.879V409.97H628.472V412.521H628.54C628.598 412.431 628.679 412.316 628.783 412.177C628.889 412.035 629.039 411.909 629.235 411.799C629.433 411.686 629.7 411.63 630.038 411.63C630.474 411.63 630.859 411.739 631.192 411.957C631.524 412.176 631.784 412.485 631.971 412.885C632.158 413.285 632.251 413.758 632.251 414.302C632.251 414.851 632.158 415.326 631.971 415.729C631.784 416.129 631.526 416.44 631.195 416.66C630.864 416.878 630.483 416.987 630.051 416.987C629.718 416.987 629.452 416.932 629.252 416.822C629.052 416.71 628.898 416.583 628.79 416.441C628.682 416.297 628.598 416.178 628.54 416.083H628.445V416.879H627.676ZM628.459 414.288C628.459 414.68 628.516 415.025 628.631 415.324C628.746 415.621 628.913 415.854 629.134 416.023C629.354 416.189 629.624 416.272 629.943 416.272C630.276 416.272 630.554 416.184 630.777 416.009C631.002 415.831 631.17 415.593 631.283 415.294C631.397 414.992 631.455 414.657 631.455 414.288C631.455 413.924 631.398 413.596 631.286 413.303C631.176 413.009 631.008 412.776 630.783 412.605C630.561 412.432 630.281 412.345 629.943 412.345C629.619 412.345 629.347 412.427 629.127 412.592C628.907 412.754 628.74 412.981 628.628 413.273C628.515 413.563 628.459 413.902 628.459 414.288ZM636.532 416.879H635.655L638.192 409.97H639.055L641.592 416.879H640.715L638.651 411.063H638.597L636.532 416.879ZM636.856 414.181H640.391V414.923H636.856V414.181ZM644.666 416.987C644.18 416.987 643.762 416.873 643.411 416.643C643.06 416.414 642.79 416.098 642.601 415.695C642.412 415.293 642.318 414.833 642.318 414.315C642.318 413.789 642.414 413.325 642.608 412.922C642.803 412.517 643.076 412.201 643.424 411.974C643.775 411.745 644.184 411.63 644.652 411.63C645.016 411.63 645.345 411.698 645.637 411.833C645.93 411.967 646.169 412.156 646.356 412.399C646.542 412.642 646.658 412.926 646.703 413.249H645.907C645.846 413.013 645.711 412.804 645.502 412.622C645.295 412.438 645.016 412.345 644.666 412.345C644.355 412.345 644.083 412.426 643.849 412.588C643.618 412.748 643.437 412.974 643.306 413.266C643.178 413.556 643.114 413.897 643.114 414.288C643.114 414.689 643.177 415.037 643.303 415.334C643.431 415.631 643.611 415.862 643.842 416.026C644.076 416.19 644.351 416.272 644.666 416.272C644.873 416.272 645.06 416.236 645.229 416.164C645.398 416.092 645.541 415.989 645.657 415.854C645.774 415.719 645.858 415.557 645.907 415.368H646.703C646.658 415.674 646.547 415.949 646.369 416.195C646.194 416.437 645.961 416.631 645.671 416.775C645.383 416.917 645.048 416.987 644.666 416.987ZM650.121 411.698V412.372H647.435V411.698H650.121ZM648.218 410.456H649.014V415.395C649.014 415.62 649.047 415.789 649.112 415.901C649.179 416.011 649.265 416.085 649.368 416.124C649.474 416.16 649.585 416.178 649.702 416.178C649.79 416.178 649.862 416.173 649.918 416.164C649.975 416.153 650.019 416.144 650.053 416.137L650.215 416.852C650.161 416.873 650.086 416.893 649.989 416.913C649.892 416.936 649.77 416.947 649.621 416.947C649.397 416.947 649.176 416.899 648.96 416.802C648.747 416.705 648.569 416.558 648.427 416.36C648.288 416.162 648.218 415.912 648.218 415.611V410.456ZM651.318 416.879V411.698H652.114V416.879H651.318ZM651.723 410.834C651.568 410.834 651.434 410.781 651.322 410.675C651.211 410.57 651.156 410.443 651.156 410.294C651.156 410.146 651.211 410.019 651.322 409.913C651.434 409.807 651.568 409.754 651.723 409.754C651.878 409.754 652.011 409.807 652.121 409.913C652.234 410.019 652.29 410.146 652.29 410.294C652.29 410.443 652.234 410.57 652.121 410.675C652.011 410.781 651.878 410.834 651.723 410.834ZM655.678 416.987C655.21 416.987 654.8 416.876 654.446 416.653C654.096 416.431 653.821 416.119 653.623 415.719C653.428 415.319 653.33 414.851 653.33 414.315C653.33 413.776 653.428 413.305 653.623 412.902C653.821 412.499 654.096 412.187 654.446 411.964C654.8 411.741 655.21 411.63 655.678 411.63C656.146 411.63 656.555 411.741 656.906 411.964C657.259 412.187 657.533 412.499 657.729 412.902C657.927 413.305 658.026 413.776 658.026 414.315C658.026 414.851 657.927 415.319 657.729 415.719C657.533 416.119 657.259 416.431 656.906 416.653C656.555 416.876 656.146 416.987 655.678 416.987ZM655.678 416.272C656.033 416.272 656.326 416.181 656.555 415.999C656.784 415.817 656.954 415.577 657.064 415.28C657.175 414.983 657.23 414.662 657.23 414.315C657.23 413.969 657.175 413.646 657.064 413.347C656.954 413.048 656.784 412.806 656.555 412.622C656.326 412.438 656.033 412.345 655.678 412.345C655.322 412.345 655.03 412.438 654.801 412.622C654.571 412.806 654.401 413.048 654.291 413.347C654.181 413.646 654.126 413.969 654.126 414.315C654.126 414.662 654.181 414.983 654.291 415.28C654.401 415.577 654.571 415.817 654.801 415.999C655.03 416.181 655.322 416.272 655.678 416.272ZM660.037 413.762V416.879H659.241V411.698H660.01V412.507H660.078C660.199 412.244 660.384 412.033 660.631 411.873C660.878 411.711 661.198 411.63 661.589 411.63C661.94 411.63 662.247 411.702 662.51 411.846C662.773 411.988 662.978 412.204 663.124 412.494C663.27 412.782 663.343 413.146 663.343 413.587V416.879H662.547V413.641C662.547 413.234 662.442 412.917 662.23 412.689C662.019 412.46 661.729 412.345 661.36 412.345C661.106 412.345 660.878 412.4 660.678 412.511C660.48 412.621 660.324 412.782 660.209 412.993C660.095 413.204 660.037 413.461 660.037 413.762ZM668.469 412.858L667.754 413.061C667.709 412.941 667.642 412.825 667.555 412.713C667.469 412.598 667.352 412.504 667.204 412.43C667.055 412.355 666.865 412.318 666.634 412.318C666.316 412.318 666.052 412.391 665.841 412.538C665.632 412.682 665.527 412.865 665.527 413.087C665.527 413.285 665.599 413.442 665.743 413.556C665.887 413.671 666.112 413.767 666.418 413.843L667.187 414.032C667.65 414.145 667.995 414.317 668.222 414.548C668.45 414.778 668.563 415.073 668.563 415.436C668.563 415.732 668.478 415.998 668.307 416.232C668.138 416.466 667.902 416.65 667.598 416.785C667.295 416.92 666.942 416.987 666.539 416.987C666.011 416.987 665.573 416.873 665.227 416.643C664.88 416.414 664.661 416.079 664.569 415.638L665.325 415.449C665.397 415.728 665.533 415.937 665.733 416.076C665.935 416.216 666.199 416.286 666.526 416.286C666.897 416.286 667.191 416.207 667.409 416.049C667.63 415.89 667.74 415.699 667.74 415.476C667.74 415.296 667.677 415.145 667.551 415.024C667.425 414.9 667.232 414.808 666.971 414.747L666.107 414.545C665.633 414.432 665.284 414.258 665.061 414.022C664.841 413.784 664.731 413.486 664.731 413.128C664.731 412.836 664.813 412.577 664.977 412.352C665.144 412.127 665.37 411.951 665.655 411.822C665.943 411.694 666.269 411.63 666.634 411.63C667.146 411.63 667.549 411.743 667.841 411.967C668.136 412.192 668.345 412.489 668.469 412.858Z" fill="#F7F5F5"/>
<path d="M318.239 126.913V126.016H323.586V126.913H321.43V132.925H320.391V126.913H318.239ZM326.118 133.029C325.632 133.029 325.208 132.918 324.846 132.695C324.484 132.473 324.203 132.161 324.002 131.761C323.802 131.361 323.702 130.893 323.702 130.358C323.702 129.82 323.802 129.35 324.002 128.947C324.203 128.545 324.484 128.232 324.846 128.009C325.208 127.787 325.632 127.676 326.118 127.676C326.604 127.676 327.027 127.787 327.39 128.009C327.752 128.232 328.033 128.545 328.233 128.947C328.433 129.35 328.533 129.82 328.533 130.358C328.533 130.893 328.433 131.361 328.233 131.761C328.033 132.161 327.752 132.473 327.39 132.695C327.027 132.918 326.604 133.029 326.118 133.029ZM326.121 132.183C326.436 132.183 326.697 132.099 326.904 131.933C327.111 131.767 327.264 131.545 327.363 131.268C327.464 130.992 327.514 130.687 327.514 130.354C327.514 130.024 327.464 129.72 327.363 129.443C327.264 129.164 327.111 128.941 326.904 128.772C326.697 128.603 326.436 128.519 326.121 128.519C325.804 128.519 325.541 128.603 325.332 128.772C325.125 128.941 324.971 129.164 324.869 129.443C324.771 129.72 324.721 130.024 324.721 130.354C324.721 130.687 324.771 130.992 324.869 131.268C324.971 131.545 325.125 131.767 325.332 131.933C325.541 132.099 325.804 132.183 326.121 132.183ZM331.842 133.029C331.356 133.029 330.932 132.918 330.57 132.695C330.208 132.473 329.927 132.161 329.727 131.761C329.526 131.361 329.426 130.893 329.426 130.358C329.426 129.82 329.526 129.35 329.727 128.947C329.927 128.545 330.208 128.232 330.57 128.009C330.932 127.787 331.356 127.676 331.842 127.676C332.328 127.676 332.752 127.787 333.114 128.009C333.476 128.232 333.757 128.545 333.957 128.947C334.157 129.35 334.257 129.82 334.257 130.358C334.257 130.893 334.157 131.361 333.957 131.761C333.757 132.161 333.476 132.473 333.114 132.695C332.752 132.918 332.328 133.029 331.842 133.029ZM331.845 132.183C332.16 132.183 332.421 132.099 332.628 131.933C332.835 131.767 332.988 131.545 333.087 131.268C333.188 130.992 333.239 130.687 333.239 130.354C333.239 130.024 333.188 129.72 333.087 129.443C332.988 129.164 332.835 128.941 332.628 128.772C332.421 128.603 332.16 128.519 331.845 128.519C331.528 128.519 331.265 128.603 331.056 128.772C330.849 128.941 330.695 129.164 330.594 129.443C330.495 129.72 330.445 130.024 330.445 130.354C330.445 130.687 330.495 130.992 330.594 131.268C330.695 131.545 330.849 131.767 331.056 131.933C331.265 132.099 331.528 132.183 331.845 132.183ZM336.392 126.016V132.925H335.383V126.016H336.392ZM341.632 129.008L340.718 129.17C340.679 129.053 340.619 128.942 340.536 128.836C340.455 128.73 340.344 128.644 340.205 128.576C340.066 128.509 339.891 128.475 339.682 128.475C339.396 128.475 339.158 128.539 338.967 128.667C338.776 128.793 338.68 128.956 338.68 129.157C338.68 129.33 338.744 129.469 338.872 129.575C339.001 129.681 339.207 129.767 339.493 129.835L340.316 130.024C340.793 130.134 341.148 130.304 341.382 130.533C341.616 130.762 341.733 131.06 341.733 131.427C341.733 131.737 341.643 132.014 341.463 132.257C341.286 132.497 341.037 132.686 340.718 132.824C340.401 132.961 340.033 133.029 339.615 133.029C339.034 133.029 338.561 132.906 338.194 132.658C337.828 132.409 337.603 132.054 337.52 131.596L338.495 131.447C338.555 131.701 338.68 131.894 338.869 132.024C339.058 132.152 339.304 132.216 339.608 132.216C339.938 132.216 340.203 132.148 340.401 132.011C340.599 131.871 340.697 131.701 340.697 131.501C340.697 131.339 340.637 131.203 340.515 131.093C340.396 130.983 340.213 130.9 339.965 130.843L339.088 130.651C338.605 130.541 338.247 130.365 338.015 130.125C337.786 129.884 337.671 129.579 337.671 129.21C337.671 128.905 337.757 128.637 337.928 128.408C338.099 128.178 338.335 127.999 338.636 127.871C338.938 127.741 339.283 127.676 339.672 127.676C340.232 127.676 340.673 127.797 340.994 128.04C341.316 128.281 341.529 128.603 341.632 129.008Z" fill="#D9D9D9"/>
<path d="M596.596 375.822L594.68 368.913H595.776L597.122 374.263H597.186L598.586 368.913H599.672L601.073 374.267H601.137L602.479 368.913H603.579L601.66 375.822H600.61L599.156 370.647H599.102L597.648 375.822H596.596ZM605.457 372.745V375.822H604.449V368.913H605.444V371.483H605.508C605.629 371.204 605.815 370.983 606.065 370.819C606.314 370.655 606.64 370.572 607.043 370.572C607.398 370.572 607.709 370.646 607.974 370.792C608.242 370.938 608.449 371.156 608.595 371.446C608.743 371.734 608.817 372.094 608.817 372.526V375.822H607.809V372.647C607.809 372.267 607.711 371.973 607.515 371.763C607.32 371.552 607.047 371.446 606.699 371.446C606.46 371.446 606.247 371.497 606.058 371.598C605.871 371.699 605.724 371.848 605.616 372.043C605.51 372.237 605.457 372.471 605.457 372.745ZM611.671 375.936C611.343 375.936 611.046 375.876 610.781 375.754C610.515 375.631 610.305 375.452 610.15 375.218C609.997 374.984 609.921 374.697 609.921 374.358C609.921 374.065 609.977 373.825 610.089 373.636C610.202 373.447 610.354 373.297 610.545 373.187C610.736 373.077 610.95 372.994 611.186 372.937C611.422 372.881 611.662 372.838 611.908 372.809C612.218 372.773 612.47 372.744 612.663 372.721C612.857 372.697 612.997 372.657 613.085 372.603C613.173 372.549 613.217 372.462 613.217 372.34V372.317C613.217 372.022 613.133 371.794 612.967 371.632C612.803 371.47 612.558 371.389 612.231 371.389C611.892 371.389 611.624 371.464 611.429 371.615C611.235 371.763 611.101 371.929 611.027 372.111L610.079 371.895C610.192 371.58 610.356 371.326 610.572 371.133C610.79 370.937 611.041 370.795 611.324 370.707C611.607 370.617 611.905 370.572 612.218 370.572C612.425 370.572 612.644 370.597 612.876 370.647C613.11 370.694 613.328 370.782 613.53 370.91C613.735 371.038 613.903 371.221 614.033 371.46C614.163 371.696 614.229 372.003 614.229 372.381V375.822H613.244V375.113H613.203C613.138 375.244 613.04 375.372 612.91 375.498C612.779 375.624 612.612 375.728 612.407 375.812C612.202 375.895 611.957 375.936 611.671 375.936ZM611.891 375.127C612.17 375.127 612.408 375.072 612.606 374.962C612.806 374.851 612.958 374.707 613.061 374.53C613.167 374.35 613.22 374.157 613.22 373.953V373.285C613.184 373.321 613.114 373.355 613.011 373.386C612.91 373.415 612.794 373.441 612.663 373.464C612.533 373.484 612.406 373.503 612.282 373.521C612.158 373.537 612.055 373.55 611.972 373.561C611.776 373.586 611.597 373.628 611.435 373.686C611.276 373.745 611.147 373.829 611.051 373.939C610.956 374.047 610.909 374.191 610.909 374.371C610.909 374.621 611.001 374.81 611.186 374.938C611.37 375.064 611.605 375.127 611.891 375.127ZM617.991 370.64V371.45H615.161V370.64H617.991ZM615.92 369.398H616.928V374.3C616.928 374.496 616.958 374.643 617.016 374.742C617.075 374.839 617.15 374.905 617.242 374.941C617.337 374.975 617.439 374.992 617.549 374.992C617.63 374.992 617.701 374.986 617.762 374.975C617.822 374.964 617.87 374.955 617.903 374.948L618.085 375.781C618.027 375.804 617.944 375.826 617.836 375.849C617.728 375.874 617.593 375.887 617.431 375.889C617.166 375.894 616.918 375.847 616.689 375.748C616.459 375.649 616.274 375.496 616.132 375.289C615.99 375.082 615.92 374.822 615.92 374.509V369.398ZM622.744 368.913V375.822H621.702V368.913H622.744ZM630.545 370.728C630.509 370.408 630.361 370.161 630.1 369.985C629.839 369.808 629.51 369.719 629.115 369.719C628.831 369.719 628.586 369.764 628.379 369.854C628.172 369.942 628.011 370.063 627.897 370.218C627.784 370.371 627.728 370.545 627.728 370.741C627.728 370.905 627.766 371.047 627.843 371.166C627.921 371.285 628.024 371.386 628.15 371.466C628.278 371.545 628.415 371.612 628.561 371.666C628.707 371.717 628.848 371.76 628.983 371.794L629.658 371.969C629.878 372.023 630.104 372.096 630.336 372.188C630.567 372.281 630.782 372.402 630.98 372.553C631.178 372.703 631.338 372.89 631.459 373.113C631.583 373.335 631.645 373.602 631.645 373.912C631.645 374.304 631.544 374.651 631.341 374.955C631.141 375.258 630.85 375.498 630.467 375.673C630.087 375.849 629.627 375.936 629.088 375.936C628.57 375.936 628.123 375.854 627.745 375.69C627.367 375.526 627.071 375.293 626.858 374.992C626.644 374.688 626.526 374.328 626.503 373.912H627.549C627.569 374.162 627.65 374.37 627.792 374.536C627.936 374.701 628.119 374.823 628.342 374.904C628.567 374.983 628.813 375.022 629.081 375.022C629.375 375.022 629.637 374.976 629.867 374.884C630.099 374.789 630.281 374.659 630.413 374.493C630.546 374.324 630.612 374.127 630.612 373.902C630.612 373.698 630.554 373.53 630.437 373.4C630.322 373.269 630.166 373.161 629.968 373.076C629.772 372.99 629.551 372.915 629.303 372.85L628.487 372.627C627.934 372.476 627.495 372.255 627.171 371.962C626.85 371.67 626.689 371.283 626.689 370.802C626.689 370.404 626.797 370.056 627.013 369.759C627.229 369.463 627.521 369.232 627.89 369.068C628.259 368.901 628.675 368.818 629.138 368.818C629.606 368.818 630.019 368.9 630.376 369.064C630.736 369.229 631.02 369.455 631.226 369.743C631.433 370.028 631.541 370.357 631.55 370.728H630.545ZM634.992 375.926C634.506 375.926 634.082 375.815 633.72 375.592C633.358 375.37 633.077 375.058 632.877 374.658C632.677 374.258 632.577 373.79 632.577 373.254C632.577 372.717 632.677 372.247 632.877 371.844C633.077 371.442 633.358 371.129 633.72 370.906C634.082 370.684 634.506 370.572 634.992 370.572C635.478 370.572 635.902 370.684 636.264 370.906C636.626 371.129 636.907 371.442 637.107 371.844C637.308 372.247 637.408 372.717 637.408 373.254C637.408 373.79 637.308 374.258 637.107 374.658C636.907 375.058 636.626 375.37 636.264 375.592C635.902 375.815 635.478 375.926 634.992 375.926ZM634.996 375.08C635.31 375.08 635.571 374.996 635.778 374.83C635.985 374.664 636.138 374.442 636.237 374.165C636.338 373.889 636.389 373.584 636.389 373.251C636.389 372.92 636.338 372.617 636.237 372.34C636.138 372.061 635.985 371.838 635.778 371.669C635.571 371.5 635.31 371.416 634.996 371.416C634.678 371.416 634.415 371.5 634.206 371.669C633.999 371.838 633.845 372.061 633.744 372.34C633.645 372.617 633.596 372.92 633.596 373.251C633.596 373.584 633.645 373.889 633.744 374.165C633.845 374.442 633.999 374.664 634.206 374.83C634.415 374.996 634.678 375.08 634.996 375.08ZM639.542 368.913V375.822H638.534V368.913H639.542ZM645.332 370.64L643.453 375.822H642.374L640.491 370.64H641.574L642.886 374.628H642.94L644.249 370.64H645.332ZM648.337 375.926C647.827 375.926 647.387 375.817 647.018 375.599C646.652 375.379 646.368 375.069 646.168 374.671C645.97 374.271 645.871 373.802 645.871 373.265C645.871 372.734 645.97 372.266 646.168 371.861C646.368 371.456 646.647 371.14 647.005 370.913C647.364 370.686 647.785 370.572 648.266 370.572C648.559 370.572 648.842 370.621 649.117 370.718C649.391 370.814 649.637 370.966 649.855 371.173C650.073 371.38 650.246 371.649 650.371 371.979C650.497 372.308 650.56 372.707 650.56 373.177V373.534H646.441V372.779H649.572C649.572 372.513 649.518 372.278 649.41 372.074C649.302 371.867 649.15 371.704 648.955 371.585C648.761 371.465 648.534 371.406 648.273 371.406C647.99 371.406 647.742 371.475 647.531 371.615C647.322 371.752 647.16 371.932 647.045 372.155C646.933 372.375 646.876 372.615 646.876 372.873V373.464C646.876 373.81 646.937 374.105 647.059 374.348C647.182 374.59 647.354 374.776 647.575 374.904C647.795 375.03 648.053 375.093 648.347 375.093C648.539 375.093 648.713 375.066 648.87 375.012C649.028 374.956 649.164 374.873 649.278 374.762C649.393 374.652 649.481 374.516 649.542 374.354L650.496 374.526C650.42 374.807 650.283 375.054 650.085 375.265C649.889 375.474 649.643 375.637 649.346 375.754C649.051 375.869 648.715 375.926 648.337 375.926ZM654.311 368.589L652.084 376.861H651.184L653.41 368.589H654.311ZM656.291 368.913V375.822H655.249V368.913H656.291ZM657.728 375.822V370.64H658.697V371.483H658.761C658.869 371.198 659.045 370.975 659.29 370.815C659.536 370.653 659.829 370.572 660.171 370.572C660.517 370.572 660.807 370.653 661.041 370.815C661.277 370.977 661.452 371.2 661.564 371.483H661.618C661.742 371.207 661.939 370.986 662.209 370.822C662.478 370.656 662.8 370.572 663.173 370.572C663.643 370.572 664.027 370.72 664.324 371.014C664.623 371.309 664.772 371.753 664.772 372.347V375.822H663.764V372.441C663.764 372.091 663.668 371.836 663.477 371.679C663.286 371.522 663.058 371.443 662.792 371.443C662.464 371.443 662.209 371.544 662.026 371.746C661.844 371.947 661.753 372.204 661.753 372.519V375.822H660.748V372.377C660.748 372.096 660.66 371.87 660.485 371.699C660.309 371.528 660.081 371.443 659.8 371.443C659.609 371.443 659.432 371.493 659.27 371.595C659.11 371.694 658.981 371.832 658.882 372.01C658.785 372.187 658.737 372.393 658.737 372.627V375.822H657.728ZM666.124 377.765V370.64H667.109V371.48H667.194C667.252 371.372 667.337 371.247 667.447 371.106C667.557 370.964 667.71 370.84 667.906 370.734C668.101 370.626 668.36 370.572 668.682 370.572C669.1 370.572 669.473 370.678 669.802 370.89C670.13 371.101 670.387 371.406 670.574 371.804C670.763 372.202 670.858 372.681 670.858 373.241C670.858 373.801 670.764 374.281 670.578 374.682C670.391 375.08 670.134 375.387 669.808 375.602C669.482 375.816 669.11 375.923 668.692 375.923C668.377 375.923 668.119 375.87 667.919 375.764C667.721 375.659 667.566 375.535 667.454 375.393C667.341 375.252 667.255 375.126 667.194 375.015H667.133V377.765H666.124ZM667.113 373.231C667.113 373.595 667.166 373.915 667.271 374.189C667.377 374.463 667.53 374.678 667.73 374.833C667.93 374.986 668.176 375.063 668.466 375.063C668.767 375.063 669.019 374.983 669.221 374.823C669.424 374.661 669.577 374.442 669.68 374.165C669.786 373.889 669.839 373.577 669.839 373.231C669.839 372.889 669.787 372.582 669.684 372.31C669.582 372.038 669.429 371.823 669.225 371.666C669.022 371.508 668.769 371.429 668.466 371.429C668.173 371.429 667.926 371.505 667.723 371.655C667.523 371.806 667.372 372.016 667.268 372.286C667.165 372.556 667.113 372.871 667.113 373.231ZM671.988 375.822V370.64H672.963V371.463H673.017C673.111 371.184 673.278 370.965 673.516 370.805C673.757 370.643 674.029 370.562 674.332 370.562C674.395 370.562 674.47 370.565 674.555 370.569C674.643 370.574 674.711 370.579 674.761 370.586V371.551C674.72 371.54 674.648 371.527 674.545 371.514C674.441 371.498 674.338 371.49 674.234 371.49C673.996 371.49 673.784 371.541 673.597 371.642C673.412 371.741 673.266 371.879 673.158 372.057C673.05 372.232 672.996 372.432 672.996 372.657V375.822H671.988ZM677.631 375.926C677.145 375.926 676.721 375.815 676.359 375.592C675.997 375.37 675.716 375.058 675.516 374.658C675.315 374.258 675.215 373.79 675.215 373.254C675.215 372.717 675.315 372.247 675.516 371.844C675.716 371.442 675.997 371.129 676.359 370.906C676.721 370.684 677.145 370.572 677.631 370.572C678.117 370.572 678.541 370.684 678.903 370.906C679.265 371.129 679.546 371.442 679.746 371.844C679.946 372.247 680.046 372.717 680.046 373.254C680.046 373.79 679.946 374.258 679.746 374.658C679.546 375.058 679.265 375.37 678.903 375.592C678.541 375.815 678.117 375.926 677.631 375.926ZM677.634 375.08C677.949 375.08 678.21 374.996 678.417 374.83C678.624 374.664 678.777 374.442 678.876 374.165C678.977 373.889 679.028 373.584 679.028 373.251C679.028 372.92 678.977 372.617 678.876 372.34C678.777 372.061 678.624 371.838 678.417 371.669C678.21 371.5 677.949 371.416 677.634 371.416C677.317 371.416 677.054 371.5 676.845 371.669C676.638 371.838 676.484 372.061 676.383 372.34C676.284 372.617 676.234 372.92 676.234 373.251C676.234 373.584 676.284 373.889 676.383 374.165C676.484 374.442 676.638 374.664 676.845 374.83C677.054 374.996 677.317 375.08 677.634 375.08ZM685.429 370.64L683.55 375.822H682.47L680.588 370.64H681.671L682.983 374.628H683.037L684.346 370.64H685.429ZM688.434 375.926C687.923 375.926 687.484 375.817 687.115 375.599C686.748 375.379 686.465 375.069 686.265 374.671C686.067 374.271 685.968 373.802 685.968 373.265C685.968 372.734 686.067 372.266 686.265 371.861C686.465 371.456 686.744 371.14 687.101 370.913C687.461 370.686 687.882 370.572 688.363 370.572C688.655 370.572 688.939 370.621 689.213 370.718C689.488 370.814 689.734 370.966 689.952 371.173C690.17 371.38 690.342 371.649 690.468 371.979C690.594 372.308 690.657 372.707 690.657 373.177V373.534H686.538V372.779H689.669C689.669 372.513 689.615 372.278 689.507 372.074C689.399 371.867 689.247 371.704 689.051 371.585C688.858 371.465 688.631 371.406 688.37 371.406C688.086 371.406 687.839 371.475 687.628 371.615C687.418 371.752 687.257 371.932 687.142 372.155C687.029 372.375 686.973 372.615 686.973 372.873V373.464C686.973 373.81 687.034 374.105 687.155 374.348C687.279 374.59 687.451 374.776 687.671 374.904C687.892 375.03 688.149 375.093 688.444 375.093C688.635 375.093 688.809 375.066 688.967 375.012C689.124 374.956 689.26 374.873 689.375 374.762C689.49 374.652 689.578 374.516 689.638 374.354L690.593 374.526C690.517 374.807 690.379 375.054 690.181 375.265C689.986 375.474 689.739 375.637 689.443 375.754C689.148 375.869 688.812 375.926 688.434 375.926Z" fill="#D9D9D9"/>
<path d="M594.902 446.208V445.311H600.249V446.208H598.094V452.22H597.055V446.208H594.902ZM602.781 452.324C602.295 452.324 601.871 452.213 601.509 451.99C601.147 451.768 600.866 451.456 600.666 451.056C600.466 450.656 600.366 450.188 600.366 449.652C600.366 449.115 600.466 448.645 600.666 448.242C600.866 447.84 601.147 447.527 601.509 447.304C601.871 447.082 602.295 446.97 602.781 446.97C603.267 446.97 603.691 447.082 604.053 447.304C604.415 447.527 604.696 447.84 604.896 448.242C605.097 448.645 605.197 449.115 605.197 449.652C605.197 450.188 605.097 450.656 604.896 451.056C604.696 451.456 604.415 451.768 604.053 451.99C603.691 452.213 603.267 452.324 602.781 452.324ZM602.785 451.478C603.099 451.478 603.36 451.394 603.567 451.228C603.774 451.061 603.927 450.84 604.026 450.563C604.127 450.287 604.178 449.982 604.178 449.649C604.178 449.318 604.127 449.015 604.026 448.738C603.927 448.459 603.774 448.236 603.567 448.067C603.36 447.898 603.099 447.814 602.785 447.814C602.467 447.814 602.204 447.898 601.995 448.067C601.788 448.236 601.634 448.459 601.533 448.738C601.434 449.015 601.385 449.318 601.385 449.649C601.385 449.982 601.434 450.287 601.533 450.563C601.634 450.84 601.788 451.061 601.995 451.228C602.204 451.394 602.467 451.478 602.785 451.478ZM608.505 452.324C608.02 452.324 607.596 452.213 607.234 451.99C606.871 451.768 606.59 451.456 606.39 451.056C606.19 450.656 606.09 450.188 606.09 449.652C606.09 449.115 606.19 448.645 606.39 448.242C606.59 447.84 606.871 447.527 607.234 447.304C607.596 447.082 608.02 446.97 608.505 446.97C608.991 446.97 609.415 447.082 609.777 447.304C610.139 447.527 610.42 447.84 610.621 448.242C610.821 448.645 610.921 449.115 610.921 449.652C610.921 450.188 610.821 450.656 610.621 451.056C610.42 451.456 610.139 451.768 609.777 451.99C609.415 452.213 608.991 452.324 608.505 452.324ZM608.509 451.478C608.824 451.478 609.084 451.394 609.291 451.228C609.498 451.061 609.651 450.84 609.75 450.563C609.851 450.287 609.902 449.982 609.902 449.649C609.902 449.318 609.851 449.015 609.75 448.738C609.651 448.459 609.498 448.236 609.291 448.067C609.084 447.898 608.824 447.814 608.509 447.814C608.192 447.814 607.928 447.898 607.719 448.067C607.512 448.236 607.358 448.459 607.257 448.738C607.158 449.015 607.109 449.318 607.109 449.649C607.109 449.982 607.158 450.287 607.257 450.563C607.358 450.84 607.512 451.061 607.719 451.228C607.928 451.394 608.192 451.478 608.509 451.478ZM613.055 445.311V452.22H612.047V445.311H613.055ZM618.295 448.303L617.381 448.465C617.343 448.348 617.282 448.237 617.199 448.131C617.118 448.025 617.008 447.939 616.868 447.871C616.729 447.804 616.555 447.77 616.346 447.77C616.06 447.77 615.822 447.834 615.63 447.962C615.439 448.088 615.344 448.251 615.344 448.451C615.344 448.625 615.408 448.764 615.536 448.87C615.664 448.975 615.871 449.062 616.157 449.13L616.98 449.318C617.457 449.429 617.812 449.598 618.046 449.828C618.28 450.057 618.397 450.355 618.397 450.722C618.397 451.032 618.307 451.309 618.127 451.552C617.949 451.792 617.701 451.981 617.381 452.119C617.064 452.256 616.696 452.324 616.278 452.324C615.698 452.324 615.224 452.201 614.858 451.953C614.491 451.704 614.266 451.349 614.183 450.891L615.158 450.742C615.219 450.996 615.344 451.189 615.533 451.319C615.721 451.447 615.968 451.511 616.271 451.511C616.602 451.511 616.866 451.443 617.064 451.305C617.262 451.166 617.361 450.996 617.361 450.796C617.361 450.634 617.3 450.498 617.179 450.388C617.06 450.278 616.876 450.194 616.629 450.138L615.752 449.946C615.268 449.836 614.911 449.66 614.679 449.42C614.45 449.179 614.335 448.874 614.335 448.505C614.335 448.2 614.42 447.932 614.591 447.703C614.762 447.473 614.998 447.294 615.3 447.166C615.601 447.036 615.946 446.97 616.335 446.97C616.895 446.97 617.336 447.092 617.658 447.335C617.979 447.575 618.192 447.898 618.295 448.303Z" fill="#D9D9D9"/>
<path d="M428.425 125.831C428.389 125.511 428.241 125.264 427.98 125.089C427.719 124.911 427.391 124.822 426.995 124.822C426.711 124.822 426.466 124.867 426.259 124.957C426.052 125.045 425.892 125.166 425.777 125.321C425.664 125.474 425.608 125.649 425.608 125.844C425.608 126.008 425.646 126.15 425.723 126.269C425.802 126.388 425.904 126.489 426.03 126.57C426.158 126.648 426.295 126.715 426.441 126.769C426.588 126.82 426.728 126.863 426.863 126.897L427.538 127.072C427.758 127.126 427.984 127.199 428.216 127.291C428.448 127.384 428.662 127.505 428.86 127.656C429.058 127.806 429.218 127.993 429.339 128.216C429.463 128.438 429.525 128.705 429.525 129.015C429.525 129.407 429.424 129.754 429.221 130.058C429.021 130.361 428.73 130.601 428.347 130.776C427.967 130.952 427.507 131.04 426.968 131.04C426.45 131.04 426.003 130.957 425.625 130.793C425.247 130.629 424.951 130.396 424.738 130.095C424.524 129.791 424.406 129.431 424.384 129.015H425.429C425.45 129.265 425.531 129.473 425.672 129.639C425.816 129.804 425.999 129.926 426.222 130.007C426.447 130.086 426.693 130.125 426.961 130.125C427.256 130.125 427.518 130.079 427.747 129.987C427.979 129.892 428.161 129.762 428.294 129.596C428.426 129.427 428.493 129.23 428.493 129.005C428.493 128.801 428.434 128.633 428.317 128.503C428.202 128.372 428.046 128.264 427.848 128.179C427.653 128.093 427.431 128.018 427.184 127.953L426.367 127.73C425.814 127.579 425.375 127.358 425.051 127.065C424.73 126.773 424.569 126.386 424.569 125.905C424.569 125.507 424.677 125.159 424.893 124.862C425.109 124.566 425.401 124.335 425.77 124.171C426.139 124.004 426.555 123.921 427.018 123.921C427.486 123.921 427.899 124.003 428.256 124.168C428.616 124.332 428.9 124.558 429.107 124.846C429.313 125.131 429.421 125.46 429.43 125.831H428.425ZM431.617 129.167L431.611 127.936H431.786L433.851 125.743H435.058L432.704 128.239H432.545L431.617 129.167ZM430.69 130.925V124.016H431.698V130.925H430.69ZM433.962 130.925L432.106 128.462L432.801 127.757L435.2 130.925H433.962ZM435.978 130.925V125.743H436.986V130.925H435.978ZM436.487 124.943C436.312 124.943 436.161 124.885 436.035 124.768C435.911 124.649 435.849 124.507 435.849 124.343C435.849 124.177 435.911 124.035 436.035 123.918C436.161 123.799 436.312 123.739 436.487 123.739C436.663 123.739 436.812 123.799 436.936 123.918C437.062 124.035 437.125 124.177 437.125 124.343C437.125 124.507 437.062 124.649 436.936 124.768C436.812 124.885 436.663 124.943 436.487 124.943ZM439.352 124.016V130.925H438.343V124.016H439.352ZM441.718 124.016V130.925H440.709V124.016H441.718ZM446.958 127.008L446.044 127.17C446.005 127.053 445.945 126.942 445.861 126.836C445.78 126.73 445.67 126.644 445.531 126.576C445.391 126.509 445.217 126.475 445.008 126.475C444.722 126.475 444.484 126.539 444.293 126.667C444.102 126.793 444.006 126.956 444.006 127.157C444.006 127.33 444.07 127.469 444.198 127.575C444.326 127.681 444.533 127.767 444.819 127.835L445.642 128.024C446.119 128.134 446.474 128.304 446.708 128.533C446.942 128.762 447.059 129.06 447.059 129.427C447.059 129.737 446.969 130.014 446.789 130.257C446.611 130.497 446.363 130.686 446.044 130.824C445.726 130.961 445.359 131.029 444.94 131.029C444.36 131.029 443.887 130.906 443.52 130.658C443.154 130.409 442.929 130.054 442.845 129.596L443.82 129.447C443.881 129.701 444.006 129.894 444.195 130.024C444.384 130.152 444.63 130.216 444.934 130.216C445.264 130.216 445.529 130.148 445.726 130.011C445.924 129.871 446.023 129.701 446.023 129.501C446.023 129.339 445.963 129.203 445.841 129.093C445.722 128.983 445.539 128.9 445.291 128.843L444.414 128.651C443.931 128.541 443.573 128.365 443.341 128.125C443.112 127.884 442.997 127.579 442.997 127.21C442.997 126.905 443.083 126.637 443.254 126.408C443.425 126.178 443.661 125.999 443.962 125.871C444.263 125.741 444.609 125.676 444.998 125.676C445.558 125.676 445.999 125.797 446.32 126.04C446.642 126.281 446.854 126.603 446.958 127.008Z" fill="#D9D9D9"/>
<path d="M710.415 447.74C710.379 447.421 710.231 447.174 709.97 446.998C709.709 446.821 709.38 446.732 708.985 446.732C708.701 446.732 708.456 446.777 708.249 446.867C708.042 446.954 707.881 447.076 707.767 447.231C707.654 447.384 707.598 447.558 707.598 447.754C707.598 447.918 707.636 448.06 707.713 448.179C707.791 448.298 707.894 448.398 708.02 448.479C708.148 448.558 708.285 448.624 708.431 448.678C708.577 448.73 708.718 448.773 708.853 448.806L709.528 448.982C709.748 449.036 709.974 449.109 710.206 449.201C710.437 449.293 710.652 449.415 710.85 449.565C711.048 449.716 711.208 449.903 711.329 450.125C711.453 450.348 711.515 450.615 711.515 450.925C711.515 451.316 711.414 451.664 711.211 451.967C711.011 452.271 710.72 452.511 710.337 452.686C709.957 452.861 709.497 452.949 708.958 452.949C708.44 452.949 707.993 452.867 707.615 452.703C707.237 452.539 706.941 452.306 706.728 452.005C706.514 451.701 706.396 451.341 706.373 450.925H707.419C707.439 451.175 707.52 451.383 707.662 451.549C707.806 451.713 707.989 451.836 708.212 451.917C708.437 451.996 708.683 452.035 708.951 452.035C709.245 452.035 709.507 451.989 709.737 451.897C709.969 451.802 710.151 451.672 710.283 451.505C710.416 451.337 710.482 451.14 710.482 450.915C710.482 450.71 710.424 450.543 710.307 450.412C710.192 450.282 710.036 450.174 709.838 450.088C709.642 450.003 709.421 449.928 709.173 449.862L708.357 449.64C707.804 449.489 707.365 449.267 707.041 448.975C706.72 448.683 706.559 448.296 706.559 447.815C706.559 447.417 706.667 447.069 706.883 446.772C707.099 446.475 707.391 446.245 707.76 446.081C708.129 445.914 708.545 445.831 709.008 445.831C709.476 445.831 709.889 445.913 710.246 446.077C710.606 446.241 710.889 446.467 711.096 446.755C711.303 447.041 711.411 447.369 711.42 447.74H710.415ZM713.607 451.077L713.6 449.845H713.776L715.841 447.653H717.048L714.693 450.149H714.535L713.607 451.077ZM712.679 452.834V445.925H713.688V452.834H712.679ZM715.952 452.834L714.096 450.372L714.791 449.667L717.19 452.834H715.952ZM717.968 452.834V447.653H718.976V452.834H717.968ZM718.477 446.853C718.302 446.853 718.151 446.795 718.025 446.678C717.901 446.558 717.839 446.417 717.839 446.253C717.839 446.086 717.901 445.944 718.025 445.828C718.151 445.708 718.302 445.649 718.477 445.649C718.652 445.649 718.802 445.708 718.926 445.828C719.052 445.944 719.115 446.086 719.115 446.253C719.115 446.417 719.052 446.558 718.926 446.678C718.802 446.795 718.652 446.853 718.477 446.853ZM721.342 445.925V452.834H720.333V445.925H721.342ZM723.708 445.925V452.834H722.699V445.925H723.708ZM728.948 448.918L728.033 449.08C727.995 448.963 727.935 448.851 727.851 448.746C727.77 448.64 727.66 448.553 727.521 448.486C727.381 448.418 727.207 448.385 726.998 448.385C726.712 448.385 726.474 448.449 726.283 448.577C726.091 448.703 725.996 448.866 725.996 449.066C725.996 449.239 726.06 449.379 726.188 449.485C726.316 449.59 726.523 449.677 726.809 449.744L727.632 449.933C728.109 450.043 728.464 450.213 728.698 450.443C728.932 450.672 729.049 450.97 729.049 451.337C729.049 451.647 728.959 451.924 728.779 452.167C728.601 452.407 728.353 452.596 728.033 452.733C727.716 452.87 727.349 452.939 726.93 452.939C726.35 452.939 725.877 452.815 725.51 452.568C725.143 452.318 724.919 451.964 724.835 451.505L725.81 451.357C725.871 451.611 725.996 451.803 726.185 451.934C726.374 452.062 726.62 452.126 726.924 452.126C727.254 452.126 727.518 452.057 727.716 451.92C727.914 451.781 728.013 451.611 728.013 451.411C728.013 451.249 727.953 451.113 727.831 451.003C727.712 450.892 727.529 450.809 727.281 450.753L726.404 450.561C725.92 450.45 725.563 450.275 725.331 450.034C725.102 449.794 724.987 449.489 724.987 449.12C724.987 448.814 725.073 448.547 725.244 448.317C725.414 448.088 725.651 447.909 725.952 447.781C726.253 447.65 726.599 447.585 726.988 447.585C727.548 447.585 727.988 447.707 728.31 447.95C728.632 448.19 728.844 448.513 728.948 448.918Z" fill="#D9D9D9"/>
<path d="M49.7146 210.031H50.7132L53.0612 215.766H53.1422L55.4902 210.031H56.4888V216.94H55.7061V211.691H55.6386L53.4795 216.94H52.7238L50.5648 211.691H50.4973V216.94H49.7146V210.031ZM60.1634 217.048C59.6956 217.048 59.2852 216.937 58.9321 216.714C58.5812 216.492 58.3068 216.18 58.1089 215.78C57.9132 215.38 57.8154 214.912 57.8154 214.377C57.8154 213.837 57.9132 213.366 58.1089 212.963C58.3068 212.56 58.5812 212.248 58.9321 212.025C59.2852 211.802 59.6956 211.691 60.1634 211.691C60.6312 211.691 61.0406 211.802 61.3914 212.025C61.7445 212.248 62.0189 212.56 62.2146 212.963C62.4125 213.366 62.5114 213.837 62.5114 214.377C62.5114 214.912 62.4125 215.38 62.2146 215.78C62.0189 216.18 61.7445 216.492 61.3914 216.714C61.0406 216.937 60.6312 217.048 60.1634 217.048ZM60.1634 216.333C60.5188 216.333 60.8112 216.242 61.0406 216.06C61.27 215.878 61.4398 215.638 61.55 215.341C61.6602 215.044 61.7153 214.723 61.7153 214.377C61.7153 214.03 61.6602 213.707 61.55 213.408C61.4398 213.109 61.27 212.867 61.0406 212.683C60.8112 212.499 60.5188 212.406 60.1634 212.406C59.8081 212.406 59.5157 212.499 59.2863 212.683C59.0569 212.867 58.8871 213.109 58.7769 213.408C58.6667 213.707 58.6116 214.03 58.6116 214.377C58.6116 214.723 58.6667 215.044 58.7769 215.341C58.8871 215.638 59.0569 215.878 59.2863 216.06C59.5157 216.242 59.8081 216.333 60.1634 216.333ZM63.7268 216.94V211.759H64.4959V212.541H64.5499C64.6444 212.285 64.8153 212.077 65.0627 211.917C65.3101 211.757 65.589 211.678 65.8994 211.678C65.9578 211.678 66.0309 211.679 66.1186 211.681C66.2064 211.683 66.2727 211.687 66.3177 211.691V212.501C66.2907 212.494 66.2288 212.484 66.1321 212.47C66.0377 212.455 65.9376 212.447 65.8319 212.447C65.58 212.447 65.3551 212.5 65.1572 212.605C64.9615 212.709 64.8063 212.853 64.6916 213.037C64.5792 213.219 64.5229 213.427 64.5229 213.661V216.94H63.7268ZM69.2763 217.048C68.777 217.048 68.3463 216.938 67.9842 216.718C67.6244 216.495 67.3466 216.185 67.151 215.787C66.9575 215.386 66.8608 214.921 66.8608 214.39C66.8608 213.859 66.9575 213.391 67.151 212.987C67.3466 212.58 67.6188 212.262 67.9674 212.035C68.3182 211.806 68.7275 211.691 69.1953 211.691C69.4652 211.691 69.7317 211.736 69.9949 211.826C70.258 211.916 70.4975 212.062 70.7135 212.265C70.9294 212.465 71.1014 212.73 71.2296 213.061C71.3578 213.391 71.4219 213.799 71.4219 214.282V214.619H67.4276V213.931H70.6122C70.6122 213.639 70.5538 213.378 70.4368 213.149C70.3221 212.919 70.1579 212.738 69.9443 212.605C69.7329 212.473 69.4832 212.406 69.1953 212.406C68.8782 212.406 68.6038 212.485 68.3722 212.642C68.1428 212.798 67.9662 213 67.8425 213.25C67.7188 213.499 67.657 213.767 67.657 214.053V214.511C67.657 214.903 67.7245 215.235 67.8594 215.507C67.9966 215.777 68.1866 215.982 68.4295 216.124C68.6724 216.263 68.9547 216.333 69.2763 216.333C69.4855 216.333 69.6744 216.304 69.8431 216.245C70.014 216.185 70.1613 216.095 70.285 215.976C70.4087 215.854 70.5043 215.703 70.5718 215.524L71.3409 215.739C71.26 216 71.1239 216.23 70.9327 216.428C70.7416 216.623 70.5054 216.776 70.2243 216.886C69.9432 216.994 69.6272 217.048 69.2763 217.048ZM77.545 216.94H75.4129V210.031H77.6394C78.3096 210.031 78.8831 210.17 79.3599 210.446C79.8367 210.721 80.2022 211.115 80.4564 211.63C80.7105 212.143 80.8376 212.757 80.8376 213.472C80.8376 214.192 80.7094 214.812 80.453 215.331C80.1966 215.849 79.8232 216.247 79.3329 216.525C78.8427 216.802 78.2467 216.94 77.545 216.94ZM76.2495 216.198H77.491C78.0622 216.198 78.5357 216.088 78.9113 215.868C79.2868 215.647 79.5669 215.333 79.7513 214.926C79.9357 214.519 80.0279 214.035 80.0279 213.472C80.0279 212.915 79.9368 212.434 79.7546 212.032C79.5725 211.627 79.3003 211.317 78.9382 211.101C78.5761 210.883 78.1252 210.774 77.5854 210.774H76.2495V216.198ZM84.3056 217.048C83.8063 217.048 83.3756 216.938 83.0135 216.718C82.6537 216.495 82.3759 216.185 82.1803 215.787C81.9868 215.386 81.8901 214.921 81.8901 214.39C81.8901 213.859 81.9868 213.391 82.1803 212.987C82.3759 212.58 82.6481 212.262 82.9967 212.035C83.3475 211.806 83.7568 211.691 84.2246 211.691C84.4945 211.691 84.761 211.736 85.0242 211.826C85.2873 211.916 85.5268 212.062 85.7428 212.265C85.9587 212.465 86.1307 212.73 86.2589 213.061C86.3871 213.391 86.4512 213.799 86.4512 214.282V214.619H82.4569V213.931H85.6415C85.6415 213.639 85.5831 213.378 85.4661 213.149C85.3514 212.919 85.1872 212.738 84.9736 212.605C84.7622 212.473 84.5125 212.406 84.2246 212.406C83.9075 212.406 83.6331 212.485 83.4015 212.642C83.1721 212.798 82.9955 213 82.8718 213.25C82.7481 213.499 82.6863 213.767 82.6863 214.053V214.511C82.6863 214.903 82.7538 215.235 82.8887 215.507C83.0259 215.777 83.2159 215.982 83.4588 216.124C83.7017 216.263 83.984 216.333 84.3056 216.333C84.5148 216.333 84.7037 216.304 84.8724 216.245C85.0433 216.185 85.1906 216.095 85.3143 215.976C85.438 215.854 85.5336 215.703 85.6011 215.524L86.3702 215.739C86.2893 216 86.1532 216.23 85.962 216.428C85.7709 216.623 85.5347 216.776 85.2536 216.886C84.9725 216.994 84.6565 217.048 84.3056 217.048ZM89.9159 211.759V212.433H87.2305V211.759H89.9159ZM88.0132 210.517H88.8093V215.456C88.8093 215.681 88.8419 215.85 88.9072 215.962C88.9746 216.072 89.0601 216.147 89.1636 216.185C89.2693 216.221 89.3806 216.239 89.4975 216.239C89.5853 216.239 89.6572 216.234 89.7135 216.225C89.7697 216.214 89.8147 216.205 89.8484 216.198L90.0103 216.913C89.9564 216.934 89.881 216.954 89.7843 216.974C89.6876 216.997 89.565 217.008 89.4166 217.008C89.1917 217.008 88.9713 216.96 88.7554 216.863C88.5417 216.766 88.364 216.619 88.2223 216.421C88.0829 216.223 88.0132 215.973 88.0132 215.672V210.517ZM92.6383 217.062C92.31 217.062 92.012 217 91.7443 216.876C91.4767 216.75 91.2642 216.569 91.1067 216.333C90.9493 216.095 90.8706 215.807 90.8706 215.47C90.8706 215.173 90.9291 214.932 91.046 214.748C91.163 214.561 91.3193 214.415 91.5149 214.309C91.7106 214.203 91.9265 214.125 92.1627 214.073C92.4011 214.019 92.6406 213.976 92.8812 213.945C93.1961 213.904 93.4514 213.874 93.647 213.854C93.845 213.831 93.9889 213.794 94.0789 213.742C94.1711 213.691 94.2172 213.601 94.2172 213.472V213.445C94.2172 213.113 94.1261 212.854 93.9439 212.669C93.764 212.485 93.4907 212.393 93.1241 212.393C92.7441 212.393 92.4461 212.476 92.2301 212.642C92.0142 212.809 91.8624 212.987 91.7747 213.176L91.019 212.906C91.154 212.591 91.3339 212.346 91.5588 212.17C91.786 211.993 92.0334 211.869 92.301 211.799C92.5709 211.727 92.8363 211.691 93.0972 211.691C93.2636 211.691 93.4548 211.711 93.6707 211.752C93.8888 211.79 94.0991 211.87 94.3015 211.991C94.5062 212.113 94.676 212.296 94.8109 212.541C94.9459 212.786 95.0133 213.115 95.0133 213.526V216.94H94.2172V216.239H94.1767C94.1227 216.351 94.0328 216.472 93.9068 216.6C93.7809 216.728 93.6133 216.837 93.4041 216.927C93.195 217.017 92.9397 217.062 92.6383 217.062ZM92.7598 216.347C93.0747 216.347 93.3401 216.285 93.556 216.161C93.7741 216.037 93.9383 215.878 94.0485 215.682C94.161 215.486 94.2172 215.281 94.2172 215.065V214.336C94.1834 214.377 94.1092 214.414 93.9945 214.447C93.8821 214.479 93.7516 214.507 93.6032 214.532C93.457 214.554 93.3142 214.574 93.1747 214.592C93.0376 214.608 92.9262 214.622 92.8408 214.633C92.6338 214.66 92.4404 214.704 92.2605 214.764C92.0828 214.823 91.9389 214.912 91.8287 215.031C91.7207 215.148 91.6668 215.308 91.6668 215.51C91.6668 215.787 91.7691 215.996 91.9738 216.138C92.1807 216.277 92.4427 216.347 92.7598 216.347ZM96.4665 216.94V211.759H97.2627V216.94H96.4665ZM96.8713 210.895C96.7162 210.895 96.5823 210.842 96.4699 210.736C96.3597 210.631 96.3046 210.504 96.3046 210.355C96.3046 210.207 96.3597 210.08 96.4699 209.974C96.5823 209.868 96.7162 209.815 96.8713 209.815C97.0265 209.815 97.1592 209.868 97.2694 209.974C97.3819 210.08 97.4381 210.207 97.4381 210.355C97.4381 210.504 97.3819 210.631 97.2694 210.736C97.1592 210.842 97.0265 210.895 96.8713 210.895ZM99.5171 210.031V216.94H98.7209V210.031H99.5171ZM104.646 212.919L103.931 213.122C103.886 213.002 103.819 212.887 103.732 212.774C103.646 212.659 103.529 212.565 103.381 212.491C103.232 212.416 103.042 212.379 102.811 212.379C102.493 212.379 102.229 212.452 102.018 212.599C101.809 212.743 101.704 212.926 101.704 213.149C101.704 213.346 101.776 213.503 101.92 213.617C102.064 213.732 102.289 213.828 102.595 213.904L103.364 214.093C103.827 214.206 104.172 214.378 104.399 214.609C104.627 214.839 104.74 215.134 104.74 215.497C104.74 215.793 104.655 216.059 104.484 216.293C104.315 216.527 104.079 216.711 103.775 216.846C103.472 216.981 103.119 217.048 102.716 217.048C102.188 217.048 101.75 216.934 101.404 216.704C101.057 216.475 100.838 216.14 100.746 215.699L101.502 215.51C101.574 215.789 101.71 215.998 101.91 216.138C102.112 216.277 102.376 216.347 102.703 216.347C103.074 216.347 103.368 216.268 103.586 216.111C103.807 215.951 103.917 215.76 103.917 215.537C103.917 215.357 103.854 215.206 103.728 215.085C103.602 214.961 103.409 214.869 103.148 214.808L102.284 214.606C101.81 214.493 101.461 214.319 101.238 214.083C101.018 213.845 100.908 213.547 100.908 213.189C100.908 212.897 100.99 212.638 101.154 212.413C101.321 212.188 101.547 212.012 101.832 211.883C102.12 211.755 102.446 211.691 102.811 211.691C103.323 211.691 103.726 211.804 104.018 212.028C104.313 212.253 104.522 212.55 104.646 212.919Z" fill="#5155CE"/>
<path d="M45.8247 548.61H46.8233L49.1713 554.346H49.2523L51.6003 548.61H52.5989V555.52H51.8162V550.27H51.7487L49.5896 555.52H48.8339L46.6749 550.27H46.6074V555.52H45.8247V548.61ZM56.2735 555.627C55.8057 555.627 55.3953 555.516 55.0422 555.294C54.6913 555.071 54.4169 554.759 54.219 554.359C54.0234 553.959 53.9255 553.491 53.9255 552.956C53.9255 552.416 54.0234 551.945 54.219 551.542C54.4169 551.14 54.6913 550.827 55.0422 550.604C55.3953 550.382 55.8057 550.27 56.2735 550.27C56.7413 550.27 57.1507 550.382 57.5015 550.604C57.8546 550.827 58.129 551.14 58.3247 551.542C58.5226 551.945 58.6215 552.416 58.6215 552.956C58.6215 553.491 58.5226 553.959 58.3247 554.359C58.129 554.759 57.8546 555.071 57.5015 555.294C57.1507 555.516 56.7413 555.627 56.2735 555.627ZM56.2735 554.912C56.6289 554.912 56.9213 554.821 57.1507 554.639C57.3801 554.457 57.5499 554.217 57.6601 553.92C57.7703 553.624 57.8254 553.302 57.8254 552.956C57.8254 552.609 57.7703 552.287 57.6601 551.987C57.5499 551.688 57.3801 551.446 57.1507 551.262C56.9213 551.078 56.6289 550.985 56.2735 550.985C55.9182 550.985 55.6258 551.078 55.3964 551.262C55.167 551.446 54.9972 551.688 54.887 551.987C54.7768 552.287 54.7217 552.609 54.7217 552.956C54.7217 553.302 54.7768 553.624 54.887 553.92C54.9972 554.217 55.167 554.457 55.3964 554.639C55.6258 554.821 55.9182 554.912 56.2735 554.912ZM59.8369 555.52V550.338H60.6061V551.12H60.66C60.7545 550.864 60.9254 550.656 61.1728 550.496C61.4202 550.337 61.6991 550.257 62.0095 550.257C62.0679 550.257 62.141 550.258 62.2287 550.26C62.3165 550.262 62.3828 550.266 62.4278 550.27V551.08C62.4008 551.073 62.3389 551.063 62.2422 551.05C62.1478 551.034 62.0477 551.026 61.942 551.026C61.6901 551.026 61.4652 551.079 61.2673 551.184C61.0716 551.288 60.9164 551.432 60.8017 551.616C60.6893 551.798 60.633 552.007 60.633 552.24V555.52H59.8369ZM65.3864 555.627C64.8871 555.627 64.4564 555.517 64.0943 555.297C63.7345 555.074 63.4567 554.764 63.2611 554.366C63.0676 553.965 62.9709 553.5 62.9709 552.969C62.9709 552.438 63.0676 551.971 63.2611 551.566C63.4567 551.159 63.7289 550.842 64.0775 550.614C64.4283 550.385 64.8376 550.27 65.3055 550.27C65.5753 550.27 65.8418 550.315 66.105 550.405C66.3681 550.495 66.6077 550.641 66.8236 550.844C67.0395 551.044 67.2115 551.309 67.3397 551.64C67.4679 551.971 67.532 552.378 67.532 552.861V553.199H63.5377V552.51H66.7224C66.7224 552.218 66.6639 551.957 66.5469 551.728C66.4322 551.498 66.268 551.317 66.0544 551.184C65.843 551.052 65.5933 550.985 65.3055 550.985C64.9883 550.985 64.7139 551.064 64.4823 551.222C64.2529 551.377 64.0763 551.579 63.9526 551.829C63.8289 552.078 63.7671 552.346 63.7671 552.632V553.091C63.7671 553.482 63.8346 553.814 63.9695 554.086C64.1067 554.356 64.2968 554.561 64.5396 554.703C64.7825 554.843 65.0648 554.912 65.3864 554.912C65.5956 554.912 65.7845 554.883 65.9532 554.825C66.1241 554.764 66.2714 554.674 66.3951 554.555C66.5188 554.433 66.6144 554.283 66.6819 554.103L67.451 554.319C67.3701 554.579 67.234 554.809 67.0428 555.007C66.8517 555.202 66.6155 555.355 66.3344 555.466C66.0533 555.574 65.7373 555.627 65.3864 555.627ZM73.6551 555.52H71.523V548.61H73.7495C74.4197 548.61 74.9932 548.749 75.47 549.025C75.9468 549.3 76.3123 549.694 76.5665 550.21C76.8206 550.722 76.9477 551.336 76.9477 552.051C76.9477 552.771 76.8195 553.391 76.5631 553.91C76.3067 554.428 75.9334 554.826 75.4431 555.105C74.9528 555.381 74.3568 555.52 73.6551 555.52ZM72.3596 554.777H73.6011C74.1723 554.777 74.6458 554.667 75.0214 554.447C75.397 554.226 75.677 553.913 75.8614 553.506C76.0458 553.098 76.138 552.614 76.138 552.051C76.138 551.494 76.0469 551.014 75.8648 550.611C75.6826 550.206 75.4104 549.896 75.0483 549.68C74.6863 549.462 74.2353 549.353 73.6955 549.353H72.3596V554.777ZM80.4157 555.627C79.9164 555.627 79.4857 555.517 79.1236 555.297C78.7638 555.074 78.486 554.764 78.2904 554.366C78.0969 553.965 78.0002 553.5 78.0002 552.969C78.0002 552.438 78.0969 551.971 78.2904 551.566C78.486 551.159 78.7582 550.842 79.1068 550.614C79.4576 550.385 79.8669 550.27 80.3347 550.27C80.6046 550.27 80.8711 550.315 81.1343 550.405C81.3974 550.495 81.6369 550.641 81.8529 550.844C82.0688 551.044 82.2408 551.309 82.369 551.64C82.4972 551.971 82.5613 552.378 82.5613 552.861V553.199H78.567V552.51H81.7517C81.7517 552.218 81.6932 551.957 81.5762 551.728C81.4615 551.498 81.2973 551.317 81.0837 551.184C80.8723 551.052 80.6226 550.985 80.3347 550.985C80.0176 550.985 79.7432 551.064 79.5116 551.222C79.2822 551.377 79.1056 551.579 78.9819 551.829C78.8582 552.078 78.7964 552.346 78.7964 552.632V553.091C78.7964 553.482 78.8639 553.814 78.9988 554.086C79.136 554.356 79.326 554.561 79.5689 554.703C79.8118 554.843 80.0941 554.912 80.4157 554.912C80.6249 554.912 80.8138 554.883 80.9825 554.825C81.1534 554.764 81.3007 554.674 81.4244 554.555C81.5481 554.433 81.6437 554.283 81.7112 554.103L82.4803 554.319C82.3994 554.579 82.2633 554.809 82.0721 555.007C81.881 555.202 81.6448 555.355 81.3637 555.466C81.0826 555.574 80.7666 555.627 80.4157 555.627ZM86.026 550.338V551.012H83.3406V550.338H86.026ZM84.1233 549.096H84.9194V554.035C84.9194 554.26 84.9521 554.429 85.0173 554.541C85.0847 554.651 85.1702 554.726 85.2737 554.764C85.3794 554.8 85.4907 554.818 85.6077 554.818C85.6954 554.818 85.7673 554.813 85.8236 554.804C85.8798 554.793 85.9248 554.784 85.9585 554.777L86.1204 555.493C86.0665 555.513 85.9911 555.533 85.8944 555.553C85.7977 555.576 85.6751 555.587 85.5267 555.587C85.3018 555.587 85.0814 555.539 84.8655 555.442C84.6518 555.345 84.4741 555.198 84.3324 555C84.193 554.802 84.1233 554.552 84.1233 554.251V549.096ZM88.7485 555.641C88.4201 555.641 88.1221 555.579 87.8545 555.455C87.5868 555.329 87.3743 555.148 87.2168 554.912C87.0594 554.674 86.9807 554.386 86.9807 554.049C86.9807 553.752 87.0392 553.511 87.1561 553.327C87.2731 553.14 87.4294 552.994 87.6251 552.888C87.8207 552.782 88.0366 552.704 88.2728 552.652C88.5112 552.598 88.7507 552.555 88.9914 552.524C89.3062 552.483 89.5615 552.453 89.7572 552.433C89.9551 552.41 90.099 552.373 90.189 552.321C90.2812 552.27 90.3273 552.18 90.3273 552.051V552.025C90.3273 551.692 90.2362 551.433 90.054 551.249C89.8741 551.064 89.6008 550.972 89.2343 550.972C88.8542 550.972 88.5562 551.055 88.3403 551.222C88.1243 551.388 87.9725 551.566 87.8848 551.755L87.1291 551.485C87.2641 551.17 87.444 550.925 87.6689 550.749C87.8961 550.572 88.1435 550.448 88.4111 550.378C88.681 550.306 88.9464 550.27 89.2073 550.27C89.3737 550.27 89.5649 550.29 89.7808 550.331C89.9989 550.369 90.2092 550.449 90.4116 550.57C90.6163 550.692 90.7861 550.875 90.921 551.12C91.056 551.366 91.1235 551.694 91.1235 552.105V555.52H90.3273V554.818H90.2868C90.2328 554.93 90.1429 555.051 90.0169 555.179C89.891 555.307 89.7234 555.416 89.5143 555.506C89.3051 555.596 89.0498 555.641 88.7485 555.641ZM88.8699 554.926C89.1848 554.926 89.4502 554.864 89.6661 554.74C89.8842 554.617 90.0484 554.457 90.1586 554.261C90.2711 554.066 90.3273 553.86 90.3273 553.644V552.915C90.2936 552.956 90.2193 552.993 90.1046 553.026C89.9922 553.058 89.8617 553.086 89.7133 553.111C89.5671 553.133 89.4243 553.154 89.2849 553.172C89.1477 553.187 89.0363 553.201 88.9509 553.212C88.744 553.239 88.5505 553.283 88.3706 553.344C88.1929 553.402 88.049 553.491 87.9388 553.61C87.8308 553.727 87.7769 553.887 87.7769 554.089C87.7769 554.366 87.8792 554.575 88.0839 554.717C88.2908 554.856 88.5528 554.926 88.8699 554.926ZM92.5766 555.52V550.338H93.3728V555.52H92.5766ZM92.9815 549.474C92.8263 549.474 92.6925 549.421 92.58 549.316C92.4698 549.21 92.4147 549.083 92.4147 548.934C92.4147 548.786 92.4698 548.659 92.58 548.553C92.6925 548.447 92.8263 548.395 92.9815 548.395C93.1366 548.395 93.2693 548.447 93.3795 548.553C93.492 548.659 93.5482 548.786 93.5482 548.934C93.5482 549.083 93.492 549.21 93.3795 549.316C93.2693 549.421 93.1366 549.474 92.9815 549.474ZM95.6272 548.61V555.52H94.831V548.61H95.6272ZM100.756 551.498L100.041 551.701C99.9957 551.581 99.9293 551.466 99.8416 551.353C99.7562 551.238 99.6392 551.144 99.4908 551.07C99.3423 550.996 99.1523 550.958 98.9206 550.958C98.6035 550.958 98.3393 551.032 98.1278 551.178C97.9187 551.322 97.8141 551.505 97.8141 551.728C97.8141 551.926 97.8861 552.082 98.03 552.197C98.174 552.311 98.3989 552.407 98.7047 552.483L99.4739 552.672C99.9372 552.785 100.282 552.957 100.51 553.188C100.737 553.418 100.85 553.714 100.85 554.076C100.85 554.373 100.765 554.638 100.594 554.872C100.425 555.106 100.189 555.29 99.8855 555.425C99.5819 555.56 99.2288 555.627 98.8262 555.627C98.2977 555.627 97.8602 555.513 97.5139 555.283C97.1675 555.054 96.9482 554.719 96.856 554.278L97.6117 554.089C97.6837 554.368 97.8197 554.577 98.0199 554.717C98.2223 554.856 98.4866 554.926 98.8127 554.926C99.1838 554.926 99.4784 554.847 99.6966 554.69C99.917 554.53 100.027 554.339 100.027 554.116C100.027 553.936 99.9642 553.786 99.8383 553.664C99.7123 553.54 99.5189 553.448 99.258 553.387L98.3944 553.185C97.9198 553.073 97.5712 552.898 97.3486 552.662C97.1281 552.424 97.0179 552.126 97.0179 551.768C97.0179 551.476 97.1 551.217 97.2642 550.992C97.4306 550.767 97.6567 550.591 97.9423 550.463C98.2302 550.334 98.5563 550.27 98.9206 550.27C99.4334 550.27 99.836 550.383 100.128 550.608C100.423 550.833 100.632 551.129 100.756 551.498Z" fill="#5155CE"/>
<path d="M331.015 548.61H332.014L334.362 554.346H334.443L336.791 548.61H337.789V555.52H337.007V550.27H336.939L334.78 555.52H334.024L331.865 550.27H331.798V555.52H331.015V548.61ZM341.464 555.627C340.996 555.627 340.586 555.516 340.232 555.294C339.882 555.071 339.607 554.759 339.409 554.359C339.214 553.959 339.116 553.491 339.116 552.956C339.116 552.416 339.214 551.945 339.409 551.542C339.607 551.14 339.882 550.827 340.232 550.604C340.586 550.382 340.996 550.27 341.464 550.27C341.932 550.27 342.341 550.382 342.692 550.604C343.045 550.827 343.319 551.14 343.515 551.542C343.713 551.945 343.812 552.416 343.812 552.956C343.812 553.491 343.713 553.959 343.515 554.359C343.319 554.759 343.045 555.071 342.692 555.294C342.341 555.516 341.932 555.627 341.464 555.627ZM341.464 554.912C341.819 554.912 342.112 554.821 342.341 554.639C342.57 554.457 342.74 554.217 342.85 553.92C342.961 553.624 343.016 553.302 343.016 552.956C343.016 552.609 342.961 552.287 342.85 551.987C342.74 551.688 342.57 551.446 342.341 551.262C342.112 551.078 341.819 550.985 341.464 550.985C341.108 550.985 340.816 551.078 340.587 551.262C340.357 551.446 340.188 551.688 340.077 551.987C339.967 552.287 339.912 552.609 339.912 552.956C339.912 553.302 339.967 553.624 340.077 553.92C340.188 554.217 340.357 554.457 340.587 554.639C340.816 554.821 341.108 554.912 341.464 554.912ZM345.027 555.52V550.338H345.796V551.12H345.85C345.945 550.864 346.116 550.656 346.363 550.496C346.611 550.337 346.889 550.257 347.2 550.257C347.258 550.257 347.331 550.258 347.419 550.26C347.507 550.262 347.573 550.266 347.618 550.27V551.08C347.591 551.073 347.529 551.063 347.433 551.05C347.338 551.034 347.238 551.026 347.132 551.026C346.88 551.026 346.656 551.079 346.458 551.184C346.262 551.288 346.107 551.432 345.992 551.616C345.88 551.798 345.823 552.007 345.823 552.24V555.52H345.027ZM350.577 555.627C350.077 555.627 349.647 555.517 349.285 555.297C348.925 555.074 348.647 554.764 348.451 554.366C348.258 553.965 348.161 553.5 348.161 552.969C348.161 552.438 348.258 551.971 348.451 551.566C348.647 551.159 348.919 550.842 349.268 550.614C349.619 550.385 350.028 550.27 350.496 550.27C350.766 550.27 351.032 550.315 351.295 550.405C351.558 550.495 351.798 550.641 352.014 550.844C352.23 551.044 352.402 551.309 352.53 551.64C352.658 551.971 352.722 552.378 352.722 552.861V553.199H348.728V552.51H351.913C351.913 552.218 351.854 551.957 351.737 551.728C351.623 551.498 351.458 551.317 351.245 551.184C351.033 551.052 350.784 550.985 350.496 550.985C350.179 550.985 349.904 551.064 349.673 551.222C349.443 551.377 349.267 551.579 349.143 551.829C349.019 552.078 348.957 552.346 348.957 552.632V553.091C348.957 553.482 349.025 553.814 349.16 554.086C349.297 554.356 349.487 554.561 349.73 554.703C349.973 554.843 350.255 554.912 350.577 554.912C350.786 554.912 350.975 554.883 351.143 554.825C351.314 554.764 351.462 554.674 351.585 554.555C351.709 554.433 351.805 554.283 351.872 554.103L352.641 554.319C352.56 554.579 352.424 554.809 352.233 555.007C352.042 555.202 351.806 555.355 351.525 555.466C351.244 555.574 350.928 555.627 350.577 555.627ZM358.845 555.52H356.713V548.61H358.94C359.61 548.61 360.184 548.749 360.66 549.025C361.137 549.3 361.503 549.694 361.757 550.21C362.011 550.722 362.138 551.336 362.138 552.051C362.138 552.771 362.01 553.391 361.753 553.91C361.497 554.428 361.124 554.826 360.633 555.105C360.143 555.381 359.547 555.52 358.845 555.52ZM357.55 554.777H358.791C359.363 554.777 359.836 554.667 360.212 554.447C360.587 554.226 360.867 553.913 361.052 553.506C361.236 553.098 361.328 552.614 361.328 552.051C361.328 551.494 361.237 551.014 361.055 550.611C360.873 550.206 360.601 549.896 360.239 549.68C359.877 549.462 359.426 549.353 358.886 549.353H357.55V554.777ZM365.606 555.627C365.107 555.627 364.676 555.517 364.314 555.297C363.954 555.074 363.676 554.764 363.481 554.366C363.287 553.965 363.191 553.5 363.191 552.969C363.191 552.438 363.287 551.971 363.481 551.566C363.676 551.159 363.948 550.842 364.297 550.614C364.648 550.385 365.057 550.27 365.525 550.27C365.795 550.27 366.061 550.315 366.325 550.405C366.588 550.495 366.827 550.641 367.043 550.844C367.259 551.044 367.431 551.309 367.559 551.64C367.688 551.971 367.752 552.378 367.752 552.861V553.199H363.757V552.51H366.942C366.942 552.218 366.883 551.957 366.767 551.728C366.652 551.498 366.488 551.317 366.274 551.184C366.063 551.052 365.813 550.985 365.525 550.985C365.208 550.985 364.934 551.064 364.702 551.222C364.472 551.377 364.296 551.579 364.172 551.829C364.049 552.078 363.987 552.346 363.987 552.632V553.091C363.987 553.482 364.054 553.814 364.189 554.086C364.326 554.356 364.516 554.561 364.759 554.703C365.002 554.843 365.284 554.912 365.606 554.912C365.815 554.912 366.004 554.883 366.173 554.825C366.344 554.764 366.491 554.674 366.615 554.555C366.738 554.433 366.834 554.283 366.901 554.103L367.671 554.319C367.59 554.579 367.454 554.809 367.262 555.007C367.071 555.202 366.835 555.355 366.554 555.466C366.273 555.574 365.957 555.627 365.606 555.627ZM371.216 550.338V551.012H368.531V550.338H371.216ZM369.314 549.096H370.11V554.035C370.11 554.26 370.142 554.429 370.208 554.541C370.275 554.651 370.361 554.726 370.464 554.764C370.57 554.8 370.681 554.818 370.798 554.818C370.886 554.818 370.958 554.813 371.014 554.804C371.07 554.793 371.115 554.784 371.149 554.777L371.311 555.493C371.257 555.513 371.181 555.533 371.085 555.553C370.988 555.576 370.865 555.587 370.717 555.587C370.492 555.587 370.272 555.539 370.056 555.442C369.842 555.345 369.664 555.198 369.523 555C369.383 554.802 369.314 554.552 369.314 554.251V549.096ZM373.939 555.641C373.61 555.641 373.312 555.579 373.045 555.455C372.777 555.329 372.565 555.148 372.407 554.912C372.25 554.674 372.171 554.386 372.171 554.049C372.171 553.752 372.229 553.511 372.346 553.327C372.463 553.14 372.62 552.994 372.815 552.888C373.011 552.782 373.227 552.704 373.463 552.652C373.701 552.598 373.941 552.555 374.182 552.524C374.497 552.483 374.752 552.453 374.947 552.433C375.145 552.41 375.289 552.373 375.379 552.321C375.471 552.27 375.518 552.18 375.518 552.051V552.025C375.518 551.692 375.427 551.433 375.244 551.249C375.064 551.064 374.791 550.972 374.425 550.972C374.044 550.972 373.746 551.055 373.531 551.222C373.315 551.388 373.163 551.566 373.075 551.755L372.319 551.485C372.454 551.17 372.634 550.925 372.859 550.749C373.086 550.572 373.334 550.448 373.601 550.378C373.871 550.306 374.137 550.27 374.398 550.27C374.564 550.27 374.755 550.29 374.971 550.331C375.189 550.369 375.4 550.449 375.602 550.57C375.807 550.692 375.976 550.875 376.111 551.12C376.246 551.366 376.314 551.694 376.314 552.105V555.52H375.518V554.818H375.477C375.423 554.93 375.333 555.051 375.207 555.179C375.081 555.307 374.914 555.416 374.705 555.506C374.495 555.596 374.24 555.641 373.939 555.641ZM374.06 554.926C374.375 554.926 374.64 554.864 374.856 554.74C375.075 554.617 375.239 554.457 375.349 554.261C375.461 554.066 375.518 553.86 375.518 553.644V552.915C375.484 552.956 375.41 552.993 375.295 553.026C375.182 553.058 375.052 553.086 374.904 553.111C374.757 553.133 374.615 553.154 374.475 553.172C374.338 553.187 374.227 553.201 374.141 553.212C373.934 553.239 373.741 553.283 373.561 553.344C373.383 553.402 373.239 553.491 373.129 553.61C373.021 553.727 372.967 553.887 372.967 554.089C372.967 554.366 373.07 554.575 373.274 554.717C373.481 554.856 373.743 554.926 374.06 554.926ZM377.767 555.52V550.338H378.563V555.52H377.767ZM378.172 549.474C378.017 549.474 377.883 549.421 377.77 549.316C377.66 549.21 377.605 549.083 377.605 548.934C377.605 548.786 377.66 548.659 377.77 548.553C377.883 548.447 378.017 548.395 378.172 548.395C378.327 548.395 378.46 548.447 378.57 548.553C378.682 548.659 378.739 548.786 378.739 548.934C378.739 549.083 378.682 549.21 378.57 549.316C378.46 549.421 378.327 549.474 378.172 549.474ZM380.817 548.61V555.52H380.021V548.61H380.817ZM385.946 551.498L385.231 551.701C385.186 551.581 385.12 551.466 385.032 551.353C384.946 551.238 384.83 551.144 384.681 551.07C384.533 550.996 384.343 550.958 384.111 550.958C383.794 550.958 383.53 551.032 383.318 551.178C383.109 551.322 383.004 551.505 383.004 551.728C383.004 551.926 383.076 552.082 383.22 552.197C383.364 552.311 383.589 552.407 383.895 552.483L384.664 552.672C385.128 552.785 385.473 552.957 385.7 553.188C385.927 553.418 386.041 553.714 386.041 554.076C386.041 554.373 385.955 554.638 385.784 554.872C385.616 555.106 385.379 555.29 385.076 555.425C384.772 555.56 384.419 555.627 384.016 555.627C383.488 555.627 383.051 555.513 382.704 555.283C382.358 555.054 382.139 554.719 382.046 554.278L382.802 554.089C382.874 554.368 383.01 554.577 383.21 554.717C383.413 554.856 383.677 554.926 384.003 554.926C384.374 554.926 384.669 554.847 384.887 554.69C385.107 554.53 385.217 554.339 385.217 554.116C385.217 553.936 385.155 553.786 385.029 553.664C384.903 553.54 384.709 553.448 384.448 553.387L383.585 553.185C383.11 553.073 382.762 552.898 382.539 552.662C382.318 552.424 382.208 552.126 382.208 551.768C382.208 551.476 382.29 551.217 382.455 550.992C382.621 550.767 382.847 550.591 383.133 550.463C383.42 550.334 383.747 550.27 384.111 550.27C384.624 550.27 385.026 550.383 385.319 550.608C385.613 550.833 385.822 551.129 385.946 551.498Z" fill="#5155CE"/>
<mask id="path-41-inside-1_1_2" fill="white">
<path d="M616.206 548.61H617.204L619.552 554.346H619.633L621.981 548.61H622.98V555.52H622.197V550.27H622.13L619.97 555.52H619.215L617.056 550.27H616.988V555.52H616.206V548.61ZM626.654 555.627C626.187 555.627 625.776 555.516 625.423 555.294C625.072 555.071 624.798 554.759 624.6 554.359C624.404 553.959 624.306 553.491 624.306 552.956C624.306 552.416 624.404 551.945 624.6 551.542C624.798 551.14 625.072 550.827 625.423 550.604C625.776 550.382 626.187 550.27 626.654 550.27C627.122 550.27 627.532 550.382 627.882 550.604C628.235 550.827 628.51 551.14 628.706 551.542C628.903 551.945 629.002 552.416 629.002 552.956C629.002 553.491 628.903 553.959 628.706 554.359C628.51 554.759 628.235 555.071 627.882 555.294C627.532 555.516 627.122 555.627 626.654 555.627ZM626.654 554.912C627.01 554.912 627.302 554.821 627.532 554.639C627.761 554.457 627.931 554.217 628.041 553.92C628.151 553.624 628.206 553.302 628.206 552.956C628.206 552.609 628.151 552.287 628.041 551.987C627.931 551.688 627.761 551.446 627.532 551.262C627.302 551.078 627.01 550.985 626.654 550.985C626.299 550.985 626.007 551.078 625.777 551.262C625.548 551.446 625.378 551.688 625.268 551.987C625.158 552.287 625.103 552.609 625.103 552.956C625.103 553.302 625.158 553.624 625.268 553.92C625.378 554.217 625.548 554.457 625.777 554.639C626.007 554.821 626.299 554.912 626.654 554.912ZM630.218 555.52V550.338H630.987V551.12H631.041C631.135 550.864 631.306 550.656 631.554 550.496C631.801 550.337 632.08 550.257 632.39 550.257C632.449 550.257 632.522 550.258 632.61 550.26C632.697 550.262 632.764 550.266 632.809 550.27V551.08C632.782 551.073 632.72 551.063 632.623 551.05C632.529 551.034 632.429 551.026 632.323 551.026C632.071 551.026 631.846 551.079 631.648 551.184C631.452 551.288 631.297 551.432 631.183 551.616C631.07 551.798 631.014 552.007 631.014 552.24V555.52H630.218ZM635.767 555.627C635.268 555.627 634.837 555.517 634.475 555.297C634.115 555.074 633.838 554.764 633.642 554.366C633.449 553.965 633.352 553.5 633.352 552.969C633.352 552.438 633.449 551.971 633.642 551.566C633.838 551.159 634.11 550.842 634.458 550.614C634.809 550.385 635.219 550.27 635.686 550.27C635.956 550.27 636.223 550.315 636.486 550.405C636.749 550.495 636.989 550.641 637.204 550.844C637.42 551.044 637.592 551.309 637.721 551.64C637.849 551.971 637.913 552.378 637.913 552.861V553.199H633.919V552.51H637.103C637.103 552.218 637.045 551.957 636.928 551.728C636.813 551.498 636.649 551.317 636.435 551.184C636.224 551.052 635.974 550.985 635.686 550.985C635.369 550.985 635.095 551.064 634.863 551.222C634.634 551.377 634.457 551.579 634.334 551.829C634.21 552.078 634.148 552.346 634.148 552.632V553.091C634.148 553.482 634.215 553.814 634.35 554.086C634.488 554.356 634.678 554.561 634.921 554.703C635.163 554.843 635.446 554.912 635.767 554.912C635.976 554.912 636.165 554.883 636.334 554.825C636.505 554.764 636.652 554.674 636.776 554.555C636.9 554.433 636.995 554.283 637.063 554.103L637.832 554.319C637.751 554.579 637.615 554.809 637.424 555.007C637.233 555.202 636.996 555.355 636.715 555.466C636.434 555.574 636.118 555.627 635.767 555.627ZM644.036 555.52H641.904V548.61H644.13C644.801 548.61 645.374 548.749 645.851 549.025C646.328 549.3 646.693 549.694 646.947 550.21C647.201 550.722 647.329 551.336 647.329 552.051C647.329 552.771 647.2 553.391 646.944 553.91C646.688 554.428 646.314 554.826 645.824 555.105C645.334 555.381 644.738 555.52 644.036 555.52ZM642.74 554.777H643.982C644.553 554.777 645.027 554.667 645.402 554.447C645.778 554.226 646.058 553.913 646.242 553.506C646.427 553.098 646.519 552.614 646.519 552.051C646.519 551.494 646.428 551.014 646.246 550.611C646.063 550.206 645.791 549.896 645.429 549.68C645.067 549.462 644.616 549.353 644.076 549.353H642.74V554.777ZM650.797 555.627C650.297 555.627 649.867 555.517 649.504 555.297C649.145 555.074 648.867 554.764 648.671 554.366C648.478 553.965 648.381 553.5 648.381 552.969C648.381 552.438 648.478 551.971 648.671 551.566C648.867 551.159 649.139 550.842 649.488 550.614C649.838 550.385 650.248 550.27 650.716 550.27C650.985 550.27 651.252 550.315 651.515 550.405C651.778 550.495 652.018 550.641 652.234 550.844C652.45 551.044 652.622 551.309 652.75 551.64C652.878 551.971 652.942 552.378 652.942 552.861V553.199H648.948V552.51H652.133C652.133 552.218 652.074 551.957 651.957 551.728C651.842 551.498 651.678 551.317 651.465 551.184C651.253 551.052 651.003 550.985 650.716 550.985C650.398 550.985 650.124 551.064 649.892 551.222C649.663 551.377 649.486 551.579 649.363 551.829C649.239 552.078 649.177 552.346 649.177 552.632V553.091C649.177 553.482 649.245 553.814 649.38 554.086C649.517 554.356 649.707 554.561 649.95 554.703C650.193 554.843 650.475 554.912 650.797 554.912C651.006 554.912 651.195 554.883 651.363 554.825C651.534 554.764 651.682 554.674 651.805 554.555C651.929 554.433 652.025 554.283 652.092 554.103L652.861 554.319C652.78 554.579 652.644 554.809 652.453 555.007C652.262 555.202 652.026 555.355 651.745 555.466C651.463 555.574 651.147 555.627 650.797 555.627ZM656.407 550.338V551.012H653.721V550.338H656.407ZM654.504 549.096H655.3V554.035C655.3 554.26 655.333 554.429 655.398 554.541C655.466 554.651 655.551 554.726 655.655 554.764C655.76 554.8 655.872 554.818 655.989 554.818C656.076 554.818 656.148 554.813 656.204 554.804C656.261 554.793 656.306 554.784 656.339 554.777L656.501 555.493C656.447 555.513 656.372 555.533 656.275 555.553C656.179 555.576 656.056 555.587 655.908 555.587C655.683 555.587 655.462 555.539 655.246 555.442C655.033 555.345 654.855 555.198 654.713 555C654.574 554.802 654.504 554.552 654.504 554.251V549.096ZM659.129 555.641C658.801 555.641 658.503 555.579 658.235 555.455C657.968 555.329 657.755 555.148 657.598 554.912C657.44 554.674 657.362 554.386 657.362 554.049C657.362 553.752 657.42 553.511 657.537 553.327C657.654 553.14 657.81 552.994 658.006 552.888C658.202 552.782 658.417 552.704 658.654 552.652C658.892 552.598 659.132 552.555 659.372 552.524C659.687 552.483 659.942 552.453 660.138 552.433C660.336 552.41 660.48 552.373 660.57 552.321C660.662 552.27 660.708 552.18 660.708 552.051V552.025C660.708 551.692 660.617 551.433 660.435 551.249C660.255 551.064 659.982 550.972 659.615 550.972C659.235 550.972 658.937 551.055 658.721 551.222C658.505 551.388 658.353 551.566 658.266 551.755L657.51 551.485C657.645 551.17 657.825 550.925 658.05 550.749C658.277 550.572 658.524 550.448 658.792 550.378C659.062 550.306 659.327 550.27 659.588 550.27C659.755 550.27 659.946 550.29 660.162 550.331C660.38 550.369 660.59 550.449 660.792 550.57C660.997 550.692 661.167 550.875 661.302 551.12C661.437 551.366 661.504 551.694 661.504 552.105V555.52H660.708V554.818H660.668C660.614 554.93 660.524 555.051 660.398 555.179C660.272 555.307 660.104 555.416 659.895 555.506C659.686 555.596 659.431 555.641 659.129 555.641ZM659.251 554.926C659.566 554.926 659.831 554.864 660.047 554.74C660.265 554.617 660.429 554.457 660.539 554.261C660.652 554.066 660.708 553.86 660.708 553.644V552.915C660.674 552.956 660.6 552.993 660.485 553.026C660.373 553.058 660.243 553.086 660.094 553.111C659.948 553.133 659.805 553.154 659.666 553.172C659.529 553.187 659.417 553.201 659.332 553.212C659.125 553.239 658.931 553.283 658.751 553.344C658.574 553.402 658.43 553.491 658.32 553.61C658.212 553.727 658.158 553.887 658.158 554.089C658.158 554.366 658.26 554.575 658.465 554.717C658.672 554.856 658.934 554.926 659.251 554.926ZM662.957 555.52V550.338H663.754V555.52H662.957ZM663.362 549.474C663.207 549.474 663.073 549.421 662.961 549.316C662.851 549.21 662.796 549.083 662.796 548.934C662.796 548.786 662.851 548.659 662.961 548.553C663.073 548.447 663.207 548.395 663.362 548.395C663.517 548.395 663.65 548.447 663.76 548.553C663.873 548.659 663.929 548.786 663.929 548.934C663.929 549.083 663.873 549.21 663.76 549.316C663.65 549.421 663.517 549.474 663.362 549.474ZM666.008 548.61V555.52H665.212V548.61H666.008ZM671.137 551.498L670.422 551.701C670.377 551.581 670.31 551.466 670.222 551.353C670.137 551.238 670.02 551.144 669.872 551.07C669.723 550.996 669.533 550.958 669.301 550.958C668.984 550.958 668.72 551.032 668.509 551.178C668.3 551.322 668.195 551.505 668.195 551.728C668.195 551.926 668.267 552.082 668.411 552.197C668.555 552.311 668.78 552.407 669.086 552.483L669.855 552.672C670.318 552.785 670.663 552.957 670.89 553.188C671.118 553.418 671.231 553.714 671.231 554.076C671.231 554.373 671.146 554.638 670.975 554.872C670.806 555.106 670.57 555.29 670.266 555.425C669.963 555.56 669.61 555.627 669.207 555.627C668.679 555.627 668.241 555.513 667.895 555.283C667.548 555.054 667.329 554.719 667.237 554.278L667.993 554.089C668.065 554.368 668.201 554.577 668.401 554.717C668.603 554.856 668.867 554.926 669.194 554.926C669.565 554.926 669.859 554.847 670.077 554.69C670.298 554.53 670.408 554.339 670.408 554.116C670.408 553.936 670.345 553.786 670.219 553.664C670.093 553.54 669.9 553.448 669.639 553.387L668.775 553.185C668.301 553.073 667.952 552.898 667.729 552.662C667.509 552.424 667.399 552.126 667.399 551.768C667.399 551.476 667.481 551.217 667.645 550.992C667.812 550.767 668.038 550.591 668.323 550.463C668.611 550.334 668.937 550.27 669.301 550.27C669.814 550.27 670.217 550.383 670.509 550.608C670.804 550.833 671.013 551.129 671.137 551.498Z"/>
</mask>
<path d="M616.206 548.61V547.61H615.206V548.61H616.206ZM617.204 548.61L618.13 548.232L617.875 547.61H617.204V548.61ZM619.552 554.346L618.627 554.724L618.881 555.346H619.552V554.346ZM619.633 554.346V555.346H620.304L620.559 554.724L619.633 554.346ZM621.981 548.61V547.61H621.31L621.056 548.232L621.981 548.61ZM622.98 548.61H623.98V547.61H622.98V548.61ZM622.98 555.52V556.52H623.98V555.52H622.98ZM622.197 555.52H621.197V556.52H622.197V555.52ZM622.197 550.27H623.197V549.27H622.197V550.27ZM622.13 550.27V549.27H621.46L621.205 549.89L622.13 550.27ZM619.97 555.52V556.52H620.64L620.895 555.9L619.97 555.52ZM619.215 555.52L618.29 555.9L618.545 556.52H619.215V555.52ZM617.056 550.27L617.981 549.89L617.726 549.27H617.056V550.27ZM616.988 550.27V549.27H615.988V550.27H616.988ZM616.988 555.52V556.52H617.988V555.52H616.988ZM616.206 555.52H615.206V556.52H616.206V555.52ZM616.206 548.61V549.61H617.204V548.61V547.61H616.206V548.61ZM617.204 548.61L616.279 548.989L618.627 554.724L619.552 554.346L620.478 553.967L618.13 548.232L617.204 548.61ZM619.552 554.346V555.346H619.633V554.346V553.346H619.552V554.346ZM619.633 554.346L620.559 554.724L622.907 548.989L621.981 548.61L621.056 548.232L618.708 553.967L619.633 554.346ZM621.981 548.61V549.61H622.98V548.61V547.61H621.981V548.61ZM622.98 548.61H621.98V555.52H622.98H623.98V548.61H622.98ZM622.98 555.52V554.52H622.197V555.52V556.52H622.98V555.52ZM622.197 555.52H623.197V550.27H622.197H621.197V555.52H622.197ZM622.197 550.27V549.27H622.13V550.27V551.27H622.197V550.27ZM622.13 550.27L621.205 549.89L619.046 555.139L619.97 555.52L620.895 555.9L623.054 550.651L622.13 550.27ZM619.97 555.52V554.52H619.215V555.52V556.52H619.97V555.52ZM619.215 555.52L620.14 555.139L617.981 549.89L617.056 550.27L616.131 550.651L618.29 555.9L619.215 555.52ZM617.056 550.27V549.27H616.988V550.27V551.27H617.056V550.27ZM616.988 550.27H615.988V555.52H616.988H617.988V550.27H616.988ZM616.988 555.52V554.52H616.206V555.52V556.52H616.988V555.52ZM616.206 555.52H617.206V548.61H616.206H615.206V555.52H616.206ZM625.423 555.294L624.887 556.138L624.89 556.139L625.423 555.294ZM624.6 554.359L623.701 554.798L623.703 554.802L624.6 554.359ZM624.6 551.542L623.702 551.101L623.7 551.105L624.6 551.542ZM625.423 550.604L624.89 549.758L624.887 549.76L625.423 550.604ZM627.882 550.604L627.347 551.449L627.349 551.45L627.882 550.604ZM628.706 551.542L627.806 551.979L627.808 551.983L628.706 551.542ZM628.706 554.359L627.809 553.916L627.807 553.92L628.706 554.359ZM627.882 555.294L627.349 554.448L627.347 554.449L627.882 555.294ZM627.532 554.639L626.91 553.856L626.91 553.856L627.532 554.639ZM628.041 553.92L628.978 554.268L628.978 554.268L628.041 553.92ZM628.041 551.987L628.979 551.642L628.979 551.642L628.041 551.987ZM627.532 551.262L628.158 550.483L628.158 550.483L627.532 551.262ZM625.777 551.262L625.151 550.483L625.151 550.483L625.777 551.262ZM625.268 551.987L624.33 551.642L624.33 551.642L625.268 551.987ZM625.268 553.92L624.33 554.268L624.33 554.268L625.268 553.92ZM625.777 554.639L626.399 553.856L626.399 553.856L625.777 554.639ZM626.654 555.627V554.627C626.352 554.627 626.131 554.558 625.956 554.448L625.423 555.294L624.89 556.139C625.421 556.475 626.021 556.627 626.654 556.627V555.627ZM625.423 555.294L625.959 554.449C625.774 554.332 625.619 554.165 625.496 553.916L624.6 554.359L623.703 554.802C623.976 555.354 624.37 555.81 624.887 556.138L625.423 555.294ZM624.6 554.359L625.498 553.92C625.382 553.681 625.306 553.369 625.306 552.956H624.306H623.306C623.306 553.613 623.427 554.236 623.701 554.798L624.6 554.359ZM624.306 552.956H625.306C625.306 552.537 625.382 552.22 625.499 551.979L624.6 551.542L623.7 551.105C623.426 551.669 623.306 552.295 623.306 552.956H624.306ZM624.6 551.542L625.497 551.983C625.621 551.732 625.776 551.565 625.959 551.449L625.423 550.604L624.887 549.76C624.369 550.089 623.975 550.547 623.702 551.101L624.6 551.542ZM625.423 550.604L625.956 551.45C626.131 551.34 626.352 551.27 626.654 551.27V550.27V549.27C626.021 549.27 625.421 549.423 624.89 549.758L625.423 550.604ZM626.654 550.27V551.27C626.957 551.27 627.175 551.34 627.347 551.449L627.882 550.604L628.418 549.76C627.888 549.423 627.287 549.27 626.654 549.27V550.27ZM627.882 550.604L627.349 551.45C627.533 551.566 627.686 551.732 627.806 551.979L628.706 551.542L629.605 551.105C629.334 550.547 628.938 550.088 628.416 549.758L627.882 550.604ZM628.706 551.542L627.808 551.983C627.926 552.223 628.002 552.538 628.002 552.956H629.002H630.002C630.002 552.294 629.881 551.666 629.603 551.101L628.706 551.542ZM629.002 552.956H628.002C628.002 553.367 627.927 553.678 627.809 553.916L628.706 554.359L629.602 554.802C629.88 554.239 630.002 553.614 630.002 552.956H629.002ZM628.706 554.359L627.807 553.92C627.687 554.165 627.534 554.331 627.349 554.448L627.882 555.294L628.416 556.139C628.937 555.811 629.332 555.354 629.604 554.798L628.706 554.359ZM627.882 555.294L627.347 554.449C627.175 554.558 626.957 554.627 626.654 554.627V555.627V556.627C627.287 556.627 627.888 556.475 628.418 556.138L627.882 555.294ZM626.654 554.912V555.912C627.186 555.912 627.712 555.773 628.153 555.422L627.532 554.639L626.91 553.856C626.892 553.87 626.834 553.912 626.654 553.912V554.912ZM627.532 554.639L628.153 555.422C628.537 555.117 628.81 554.722 628.978 554.268L628.041 553.92L627.103 553.572C627.051 553.713 626.985 553.796 626.91 553.856L627.532 554.639ZM628.041 553.92L628.978 554.268C629.134 553.85 629.206 553.41 629.206 552.956H628.206H627.206C627.206 553.194 627.169 553.397 627.103 553.572L628.041 553.92ZM628.206 552.956H629.206C629.206 552.502 629.134 552.061 628.979 551.642L628.041 551.987L627.103 552.333C627.169 552.512 627.206 552.717 627.206 552.956H628.206ZM628.041 551.987L628.979 551.642C628.812 551.187 628.54 550.79 628.158 550.483L627.532 551.262L626.905 552.041C626.981 552.103 627.05 552.19 627.103 552.333L628.041 551.987ZM627.532 551.262L628.158 550.483C627.716 550.128 627.189 549.985 626.654 549.985V550.985V551.985C626.831 551.985 626.888 552.028 626.905 552.041L627.532 551.262ZM626.654 550.985V549.985C626.12 549.985 625.592 550.128 625.151 550.483L625.777 551.262L626.404 552.041C626.421 552.028 626.478 551.985 626.654 551.985V550.985ZM625.777 551.262L625.151 550.483C624.768 550.79 624.497 551.187 624.33 551.642L625.268 551.987L626.206 552.333C626.259 552.19 626.327 552.103 626.404 552.041L625.777 551.262ZM625.268 551.987L624.33 551.642C624.175 552.061 624.103 552.502 624.103 552.956H625.103H626.103C626.103 552.717 626.14 552.512 626.206 552.333L625.268 551.987ZM625.103 552.956H624.103C624.103 553.41 624.175 553.85 624.33 554.268L625.268 553.92L626.205 553.572C626.14 553.397 626.103 553.194 626.103 552.956H625.103ZM625.268 553.92L624.33 554.268C624.499 554.722 624.771 555.117 625.155 555.422L625.777 554.639L626.399 553.856C626.324 553.796 626.257 553.713 626.205 553.572L625.268 553.92ZM625.777 554.639L625.155 555.422C625.597 555.773 626.123 555.912 626.654 555.912V554.912V553.912C626.475 553.912 626.416 553.87 626.399 553.856L625.777 554.639ZM630.218 555.52H629.218V556.52H630.218V555.52ZM630.218 550.338V549.338H629.218V550.338H630.218ZM630.987 550.338H631.987V549.338H630.987V550.338ZM630.987 551.12H629.987V552.12H630.987V551.12ZM631.041 551.12V552.12H631.738L631.979 551.466L631.041 551.12ZM631.554 550.496L631.011 549.656L631.011 549.656L631.554 550.496ZM632.809 550.27H633.809V549.365L632.908 549.275L632.809 550.27ZM632.809 551.08L632.566 552.05L633.809 552.361V551.08H632.809ZM632.623 551.05L632.459 552.036L632.472 552.038L632.485 552.04L632.623 551.05ZM631.648 551.184L632.116 552.069L632.119 552.067L631.648 551.184ZM631.183 551.616L630.333 551.088L630.332 551.091L631.183 551.616ZM631.014 555.52V556.52H632.014V555.52H631.014ZM630.218 555.52H631.218V550.338H630.218H629.218V555.52H630.218ZM630.218 550.338V551.338H630.987V550.338V549.338H630.218V550.338ZM630.987 550.338H629.987V551.12H630.987H631.987V550.338H630.987ZM630.987 551.12V552.12H631.041V551.12V550.12H630.987V551.12ZM631.041 551.12L631.979 551.466C631.993 551.429 632.016 551.388 632.096 551.336L631.554 550.496L631.011 549.656C630.597 549.924 630.278 550.299 630.103 550.775L631.041 551.12ZM631.554 550.496L632.096 551.336C632.173 551.287 632.261 551.257 632.39 551.257V550.257V549.257C631.898 549.257 631.429 549.386 631.011 549.656L631.554 550.496ZM632.39 550.257V551.257C632.437 551.257 632.501 551.258 632.584 551.26L632.61 550.26L632.635 549.26C632.543 549.258 632.46 549.257 632.39 549.257V550.257ZM632.61 550.26L632.584 551.26C632.622 551.261 632.652 551.262 632.674 551.263C632.686 551.264 632.694 551.264 632.7 551.265C632.707 551.265 632.709 551.265 632.709 551.265L632.809 550.27L632.908 549.275C632.825 549.267 632.729 549.263 632.635 549.26L632.61 550.26ZM632.809 550.27H631.809V551.08H632.809H633.809V550.27H632.809ZM632.809 551.08L633.051 550.11C632.962 550.087 632.843 550.071 632.761 550.059L632.623 551.05L632.485 552.04C632.529 552.046 632.56 552.051 632.581 552.054C632.585 552.055 632.589 552.056 632.592 552.056C632.594 552.056 632.595 552.057 632.595 552.057C632.595 552.057 632.595 552.057 632.594 552.056C632.593 552.056 632.591 552.056 632.589 552.055C632.585 552.055 632.577 552.053 632.566 552.05L632.809 551.08ZM632.623 551.05L632.787 550.063C632.633 550.037 632.478 550.026 632.323 550.026V551.026V552.026C632.379 552.026 632.424 552.03 632.459 552.036L632.623 551.05ZM632.323 551.026V550.026C631.927 550.026 631.537 550.11 631.177 550.302L631.648 551.184L632.119 552.067C632.155 552.047 632.215 552.026 632.323 552.026V551.026ZM631.648 551.184L631.181 550.3C630.832 550.485 630.543 550.75 630.333 551.088L631.183 551.616L632.032 552.144C632.051 552.113 632.073 552.091 632.116 552.069L631.648 551.184ZM631.183 551.616L630.332 551.091C630.113 551.446 630.014 551.839 630.014 552.24H631.014H632.014C632.014 552.174 632.027 552.151 632.034 552.142L631.183 551.616ZM631.014 552.24H630.014V555.52H631.014H632.014V552.24H631.014ZM631.014 555.52V554.52H630.218V555.52V556.52H631.014V555.52ZM634.475 555.297L633.949 556.147L633.955 556.151L634.475 555.297ZM633.642 554.366L632.741 554.801L632.744 554.807L633.642 554.366ZM633.642 551.566L632.741 551.132L632.74 551.135L633.642 551.566ZM634.458 550.614L635.004 551.452L635.006 551.451L634.458 550.614ZM636.486 550.405L636.809 549.459L636.809 549.459L636.486 550.405ZM637.204 550.844L636.52 551.573L636.525 551.577L637.204 550.844ZM637.721 551.64L638.653 551.278L638.653 551.278L637.721 551.64ZM637.913 553.199V554.199H638.913V553.199H637.913ZM633.919 553.199H632.919V554.199H633.919V553.199ZM633.919 552.51V551.51H632.919V552.51H633.919ZM637.103 552.51V553.51H638.103V552.51H637.103ZM636.928 551.728L636.033 552.175L636.037 552.182L636.928 551.728ZM636.435 551.184L635.904 552.031L635.908 552.034L636.435 551.184ZM634.863 551.222L635.423 552.05L635.425 552.049L634.863 551.222ZM634.334 551.829L633.437 551.385L633.437 551.385L634.334 551.829ZM634.35 554.086L633.454 554.53L633.459 554.539L634.35 554.086ZM634.921 554.703L634.417 555.567L634.423 555.57L634.921 554.703ZM636.334 554.825L636.662 555.769L636.669 555.767L636.334 554.825ZM636.776 554.555L637.47 555.275L637.477 555.268L636.776 554.555ZM637.063 554.103L637.333 553.14L636.449 552.892L636.126 553.752L637.063 554.103ZM637.832 554.319L638.787 554.615L639.092 553.633L638.102 553.356L637.832 554.319ZM637.424 555.007L638.139 555.706L638.143 555.701L637.424 555.007ZM636.715 555.466L637.074 556.399L637.08 556.397L636.715 555.466ZM635.767 555.627V554.627C635.418 554.627 635.175 554.552 634.995 554.443L634.475 555.297L633.955 556.151C634.5 556.483 635.118 556.627 635.767 556.627V555.627ZM634.475 555.297L635.001 554.446C634.809 554.328 634.656 554.163 634.539 553.925L633.642 554.366L632.744 554.807C633.019 555.365 633.422 555.821 633.949 556.147L634.475 555.297ZM633.642 554.366L634.542 553.931C634.426 553.69 634.352 553.378 634.352 552.969H633.352H632.352C632.352 553.622 632.471 554.241 632.742 554.801L633.642 554.366ZM633.352 552.969H634.352C634.352 552.56 634.426 552.245 634.544 551.997L633.642 551.566L632.74 551.135C632.471 551.696 632.352 552.316 632.352 552.969H633.352ZM633.642 551.566L634.543 551.999C634.667 551.742 634.822 551.571 635.004 551.452L634.458 550.614L633.912 549.777C633.398 550.112 633.009 550.575 632.741 551.132L633.642 551.566ZM634.458 550.614L635.006 551.451C635.175 551.34 635.39 551.27 635.686 551.27V550.27V549.27C635.047 549.27 634.443 549.43 633.911 549.777L634.458 550.614ZM635.686 550.27V551.27C635.843 551.27 636 551.296 636.162 551.351L636.486 550.405L636.809 549.459C636.445 549.334 636.07 549.27 635.686 549.27V550.27ZM636.486 550.405L636.162 551.351C636.283 551.393 636.401 551.461 636.52 551.573L637.204 550.844L637.888 550.114C637.576 549.821 637.215 549.598 636.809 549.459L636.486 550.405ZM637.204 550.844L636.525 551.577C636.609 551.655 636.704 551.784 636.788 552.001L637.721 551.64L638.653 551.278C638.481 550.835 638.232 550.433 637.884 550.11L637.204 550.844ZM637.721 551.64L636.788 552.001C636.859 552.183 636.913 552.459 636.913 552.861H637.913H638.913C638.913 552.296 638.839 551.758 638.653 551.278L637.721 551.64ZM637.913 552.861H636.913V553.199H637.913H638.913V552.861H637.913ZM637.913 553.199V552.199H633.919V553.199V554.199H637.913V553.199ZM633.919 553.199H634.919V552.51H633.919H632.919V553.199H633.919ZM633.919 552.51V553.51H637.103V552.51V551.51H633.919V552.51ZM637.103 552.51H638.103C638.103 552.082 638.017 551.662 637.819 551.273L636.928 551.728L636.037 552.182C636.073 552.253 636.103 552.354 636.103 552.51H637.103ZM636.928 551.728L637.822 551.28C637.627 550.889 637.337 550.567 636.963 550.335L636.435 551.184L635.908 552.034C635.961 552.067 636 552.107 636.033 552.175L636.928 551.728ZM636.435 551.184L636.967 550.337C636.573 550.09 636.133 549.985 635.686 549.985V550.985V551.985C635.816 551.985 635.875 552.013 635.904 552.031L636.435 551.184ZM635.686 550.985V549.985C635.196 549.985 634.72 550.11 634.301 550.395L634.863 551.222L635.425 552.049C635.47 552.018 635.542 551.985 635.686 551.985V550.985ZM634.863 551.222L634.303 550.393C633.929 550.646 633.637 550.981 633.437 551.385L634.334 551.829L635.23 552.273C635.277 552.177 635.338 552.108 635.423 552.05L634.863 551.222ZM634.334 551.829L633.437 551.385C633.244 551.776 633.148 552.196 633.148 552.632H634.148H635.148C635.148 552.496 635.176 552.381 635.23 552.273L634.334 551.829ZM634.148 552.632H633.148V553.091H634.148H635.148V552.632H634.148ZM634.148 553.091H633.148C633.148 553.593 633.234 554.086 633.454 554.53L634.35 554.086L635.246 553.642C635.197 553.541 635.148 553.371 635.148 553.091H634.148ZM634.35 554.086L633.459 554.539C633.676 554.966 633.995 555.321 634.417 555.567L634.921 554.703L635.424 553.839C635.36 553.802 635.299 553.745 635.242 553.633L634.35 554.086ZM634.921 554.703L634.423 555.57C634.838 555.809 635.297 555.912 635.767 555.912V554.912V553.912C635.594 553.912 635.488 553.876 635.418 553.836L634.921 554.703ZM635.767 554.912V555.912C636.069 555.912 636.371 555.87 636.662 555.769L636.334 554.825L636.006 553.88C635.959 553.896 635.884 553.912 635.767 553.912V554.912ZM636.334 554.825L636.669 555.767C636.966 555.661 637.238 555.498 637.47 555.275L636.776 554.555L636.082 553.835C636.067 553.85 636.044 553.866 635.999 553.882L636.334 554.825ZM636.776 554.555L637.477 555.268C637.715 555.034 637.886 554.755 637.999 554.454L637.063 554.103L636.126 553.752C636.105 553.81 636.084 553.832 636.075 553.841L636.776 554.555ZM637.063 554.103L636.792 555.065L637.562 555.281L637.832 554.319L638.102 553.356L637.333 553.14L637.063 554.103ZM637.832 554.319L636.877 554.022C636.843 554.132 636.788 554.226 636.704 554.312L637.424 555.007L638.143 555.701C638.442 555.392 638.659 555.026 638.787 554.615L637.832 554.319ZM637.424 555.007L636.708 554.308C636.626 554.392 636.513 554.471 636.35 554.535L636.715 555.466L637.08 556.397C637.479 556.24 637.839 556.013 638.139 555.706L637.424 555.007ZM636.715 555.466L636.357 554.532C636.207 554.589 636.015 554.627 635.767 554.627V555.627V556.627C636.221 556.627 636.661 556.558 637.074 556.399L636.715 555.466ZM641.904 555.52H640.904V556.52H641.904V555.52ZM641.904 548.61V547.61H640.904V548.61H641.904ZM645.851 549.025L645.349 549.89L645.352 549.892L645.851 549.025ZM646.947 550.21L646.051 550.652L646.051 550.654L646.947 550.21ZM646.944 553.91L647.84 554.354L647.841 554.353L646.944 553.91ZM645.824 555.105L646.315 555.976L646.318 555.974L645.824 555.105ZM642.74 554.777H641.74V555.777H642.74V554.777ZM645.402 554.447L644.896 553.584L645.402 554.447ZM646.246 550.611L645.334 551.021L645.335 551.023L646.246 550.611ZM645.429 549.68L644.913 550.536L644.917 550.539L645.429 549.68ZM642.74 549.353V548.353H641.74V549.353H642.74ZM644.036 555.52V554.52H641.904V555.52V556.52H644.036V555.52ZM641.904 555.52H642.904V548.61H641.904H640.904V555.52H641.904ZM641.904 548.61V549.61H644.13V548.61V547.61H641.904V548.61ZM644.13 548.61V549.61C644.662 549.61 645.054 549.719 645.349 549.89L645.851 549.025L646.353 548.16C645.694 547.778 644.939 547.61 644.13 547.61V548.61ZM645.851 549.025L645.352 549.892C645.649 550.063 645.88 550.306 646.051 550.652L646.947 550.21L647.844 549.767C647.506 549.083 647.006 548.536 646.35 548.159L645.851 549.025ZM646.947 550.21L646.051 550.654C646.222 550.998 646.329 551.453 646.329 552.051H647.329H648.329C648.329 551.22 648.181 550.446 647.843 549.765L646.947 550.21ZM647.329 552.051H646.329C646.329 552.654 646.221 553.115 646.047 553.468L646.944 553.91L647.841 554.353C648.179 553.666 648.329 552.888 648.329 552.051H647.329ZM646.944 553.91L646.048 553.466C645.878 553.809 645.642 554.057 645.329 554.235L645.824 555.105L646.318 555.974C646.986 555.594 647.497 555.046 647.84 554.354L646.944 553.91ZM645.824 555.105L645.333 554.234C645.025 554.407 644.607 554.52 644.036 554.52V555.52V556.52C644.868 556.52 645.642 556.355 646.315 555.976L645.824 555.105ZM642.74 554.777V555.777H643.982V554.777V553.777H642.74V554.777ZM643.982 554.777V555.777C644.677 555.777 645.339 555.644 645.908 555.309L645.402 554.447L644.896 553.584C644.715 553.691 644.429 553.777 643.982 553.777V554.777ZM645.402 554.447L645.908 555.309C646.467 554.981 646.886 554.508 647.153 553.918L646.242 553.506L645.331 553.093C645.23 553.317 645.089 553.471 644.896 553.584L645.402 554.447ZM646.242 553.506L647.153 553.918C647.409 553.353 647.519 552.72 647.519 552.051H646.519H645.519C645.519 552.507 645.444 552.844 645.331 553.093L646.242 553.506ZM646.519 552.051H647.519C647.519 551.388 647.411 550.76 647.157 550.199L646.246 550.611L645.335 551.023C645.445 551.267 645.519 551.6 645.519 552.051H646.519ZM646.246 550.611L647.158 550.201C646.896 549.619 646.489 549.148 645.941 548.821L645.429 549.68L644.917 550.539C645.093 550.644 645.231 550.793 645.334 551.021L646.246 550.611ZM645.429 549.68L645.945 548.823C645.39 548.489 644.748 548.353 644.076 548.353V549.353V550.353C644.484 550.353 644.744 550.435 644.913 550.536L645.429 549.68ZM644.076 549.353V548.353H642.74V549.353V550.353H644.076V549.353ZM642.74 549.353H641.74V554.777H642.74H643.74V549.353H642.74ZM649.504 555.297L648.978 556.147L648.985 556.151L649.504 555.297ZM648.671 554.366L647.771 554.801L647.774 554.807L648.671 554.366ZM648.671 551.566L647.77 551.132L647.769 551.135L648.671 551.566ZM649.488 550.614L650.034 551.452L650.035 551.451L649.488 550.614ZM651.515 550.405L651.839 549.459L651.839 549.459L651.515 550.405ZM652.234 550.844L651.55 551.573L651.554 551.577L652.234 550.844ZM652.75 551.64L653.682 551.278L653.682 551.278L652.75 551.64ZM652.942 553.199V554.199H653.942V553.199H652.942ZM648.948 553.199H647.948V554.199H648.948V553.199ZM648.948 552.51V551.51H647.948V552.51H648.948ZM652.133 552.51V553.51H653.133V552.51H652.133ZM651.957 551.728L651.063 552.175L651.066 552.182L651.957 551.728ZM651.465 551.184L650.933 552.031L650.937 552.034L651.465 551.184ZM649.892 551.222L650.453 552.05L650.455 552.049L649.892 551.222ZM649.363 551.829L648.467 551.385L648.467 551.385L649.363 551.829ZM649.38 554.086L648.484 554.53L648.488 554.539L649.38 554.086ZM649.95 554.703L649.446 555.567L649.452 555.57L649.95 554.703ZM651.363 554.825L651.691 555.769L651.698 555.767L651.363 554.825ZM651.805 554.555L652.499 555.275L652.506 555.268L651.805 554.555ZM652.092 554.103L652.362 553.14L651.478 552.892L651.156 553.752L652.092 554.103ZM652.861 554.319L653.816 554.615L654.121 553.633L653.131 553.356L652.861 554.319ZM652.453 555.007L653.168 555.706L653.172 555.701L652.453 555.007ZM651.745 555.466L652.103 556.399L652.11 556.397L651.745 555.466ZM650.797 555.627V554.627C650.448 554.627 650.204 554.552 650.024 554.443L649.504 555.297L648.985 556.151C649.529 556.483 650.147 556.627 650.797 556.627V555.627ZM649.504 555.297L650.031 554.446C649.838 554.328 649.686 554.163 649.569 553.925L648.671 554.366L647.774 554.807C648.048 555.365 648.451 555.821 648.978 556.147L649.504 555.297ZM648.671 554.366L649.572 553.931C649.455 553.69 649.381 553.378 649.381 552.969H648.381H647.381C647.381 553.622 647.5 554.241 647.771 554.801L648.671 554.366ZM648.381 552.969H649.381C649.381 552.56 649.455 552.245 649.574 551.997L648.671 551.566L647.769 551.135C647.5 551.696 647.381 552.316 647.381 552.969H648.381ZM648.671 551.566L649.573 551.999C649.696 551.742 649.851 551.571 650.034 551.452L649.488 550.614L648.942 549.777C648.427 550.112 648.038 550.575 647.77 551.132L648.671 551.566ZM649.488 550.614L650.035 551.451C650.205 551.34 650.419 551.27 650.716 551.27V550.27V549.27C650.077 549.27 649.472 549.43 648.94 549.777L649.488 550.614ZM650.716 550.27V551.27C650.872 551.27 651.029 551.296 651.192 551.351L651.515 550.405L651.839 549.459C651.475 549.334 651.099 549.27 650.716 549.27V550.27ZM651.515 550.405L651.192 551.351C651.312 551.393 651.431 551.461 651.55 551.573L652.234 550.844L652.918 550.114C652.605 549.821 652.244 549.598 651.839 549.459L651.515 550.405ZM652.234 550.844L651.554 551.577C651.638 551.655 651.733 551.784 651.818 552.001L652.75 551.64L653.682 551.278C653.51 550.835 653.261 550.433 652.914 550.11L652.234 550.844ZM652.75 551.64L651.818 552.001C651.888 552.183 651.942 552.459 651.942 552.861H652.942H653.942C653.942 552.296 653.868 551.758 653.682 551.278L652.75 551.64ZM652.942 552.861H651.942V553.199H652.942H653.942V552.861H652.942ZM652.942 553.199V552.199H648.948V553.199V554.199H652.942V553.199ZM648.948 553.199H649.948V552.51H648.948H647.948V553.199H648.948ZM648.948 552.51V553.51H652.133V552.51V551.51H648.948V552.51ZM652.133 552.51H653.133C653.133 552.082 653.046 551.662 652.848 551.273L651.957 551.728L651.066 552.182C651.102 552.253 651.133 552.354 651.133 552.51H652.133ZM651.957 551.728L652.852 551.28C652.656 550.889 652.366 550.567 651.992 550.335L651.465 551.184L650.937 552.034C650.99 552.067 651.029 552.107 651.063 552.175L651.957 551.728ZM651.465 551.184L651.996 550.337C651.602 550.09 651.162 549.985 650.716 549.985V550.985V551.985C650.845 551.985 650.904 552.013 650.933 552.031L651.465 551.184ZM650.716 550.985V549.985C650.225 549.985 649.749 550.11 649.33 550.395L649.892 551.222L650.455 552.049C650.499 552.018 650.572 551.985 650.716 551.985V550.985ZM649.892 551.222L649.332 550.393C648.959 550.646 648.667 550.981 648.467 551.385L649.363 551.829L650.259 552.273C650.306 552.177 650.368 552.108 650.453 552.05L649.892 551.222ZM649.363 551.829L648.467 551.385C648.273 551.776 648.177 552.196 648.177 552.632H649.177H650.177C650.177 552.496 650.205 552.381 650.259 552.273L649.363 551.829ZM649.177 552.632H648.177V553.091H649.177H650.177V552.632H649.177ZM649.177 553.091H648.177C648.177 553.593 648.264 554.086 648.484 554.53L649.38 554.086L650.276 553.642C650.226 553.541 650.177 553.371 650.177 553.091H649.177ZM649.38 554.086L648.488 554.539C648.706 554.966 649.024 555.321 649.446 555.567L649.95 554.703L650.454 553.839C650.39 553.802 650.328 553.745 650.271 553.633L649.38 554.086ZM649.95 554.703L649.452 555.57C649.868 555.809 650.327 555.912 650.797 555.912V554.912V553.912C650.623 553.912 650.518 553.876 650.448 553.836L649.95 554.703ZM650.797 554.912V555.912C651.099 555.912 651.401 555.87 651.691 555.769L651.363 554.825L651.036 553.88C650.989 553.896 650.913 553.912 650.797 553.912V554.912ZM651.363 554.825L651.698 555.767C651.996 555.661 652.267 555.498 652.499 555.275L651.805 554.555L651.111 553.835C651.096 553.85 651.073 553.866 651.029 553.882L651.363 554.825ZM651.805 554.555L652.506 555.268C652.744 555.034 652.915 554.755 653.028 554.454L652.092 554.103L651.156 553.752C651.134 553.81 651.113 553.832 651.105 553.841L651.805 554.555ZM652.092 554.103L651.822 555.065L652.591 555.281L652.861 554.319L653.131 553.356L652.362 553.14L652.092 554.103ZM652.861 554.319L651.906 554.022C651.872 554.132 651.817 554.226 651.734 554.312L652.453 555.007L653.172 555.701C653.471 555.392 653.689 555.026 653.816 554.615L652.861 554.319ZM652.453 555.007L651.738 554.308C651.655 554.392 651.543 554.471 651.38 554.535L651.745 555.466L652.11 556.397C652.509 556.24 652.868 556.013 653.168 555.706L652.453 555.007ZM651.745 555.466L651.386 554.532C651.237 554.589 651.045 554.627 650.797 554.627V555.627V556.627C651.25 556.627 651.69 556.558 652.103 556.399L651.745 555.466ZM656.407 550.338H657.407V549.338H656.407V550.338ZM656.407 551.012V552.012H657.407V551.012H656.407ZM653.721 551.012H652.721V552.012H653.721V551.012ZM653.721 550.338V549.338H652.721V550.338H653.721ZM654.504 549.096V548.096H653.504V549.096H654.504ZM655.3 549.096H656.3V548.096H655.3V549.096ZM655.398 554.541L654.533 555.043L654.539 555.053L654.545 555.063L655.398 554.541ZM655.655 554.764L655.308 555.702L655.32 555.706L655.332 555.71L655.655 554.764ZM656.204 554.804L656.362 555.792L656.382 555.789L656.401 555.785L656.204 554.804ZM656.339 554.777L657.315 554.557L657.099 553.606L656.143 553.797L656.339 554.777ZM656.501 555.493L656.852 556.429L657.669 556.123L657.477 555.272L656.501 555.493ZM656.275 555.553L656.07 554.574L656.06 554.577L656.049 554.579L656.275 555.553ZM655.246 555.442L654.834 556.353L654.838 556.355L655.246 555.442ZM654.713 555L653.896 555.576L653.9 555.582L654.713 555ZM656.407 550.338H655.407V551.012H656.407H657.407V550.338H656.407ZM656.407 551.012V550.012H653.721V551.012V552.012H656.407V551.012ZM653.721 551.012H654.721V550.338H653.721H652.721V551.012H653.721ZM653.721 550.338V551.338H656.407V550.338V549.338H653.721V550.338ZM654.504 549.096V550.096H655.3V549.096V548.096H654.504V549.096ZM655.3 549.096H654.3V554.035H655.3H656.3V549.096H655.3ZM655.3 554.035H654.3C654.3 554.324 654.336 554.704 654.533 555.043L655.398 554.541L656.263 554.039C656.283 554.074 656.294 554.101 656.3 554.118C656.306 554.134 656.307 554.143 656.307 554.141C656.306 554.139 656.305 554.129 656.303 554.111C656.301 554.092 656.3 554.068 656.3 554.035H655.3ZM655.398 554.541L654.545 555.063C654.709 555.331 654.959 555.573 655.308 555.702L655.655 554.764L656.001 553.826C656.066 553.85 656.123 553.885 656.169 553.924C656.213 553.963 656.239 553.999 656.251 554.019L655.398 554.541ZM655.655 554.764L655.332 555.71C655.547 555.783 655.767 555.818 655.989 555.818V554.818V553.818C655.982 553.818 655.978 553.817 655.977 553.817C655.976 553.817 655.976 553.817 655.977 553.817L655.655 554.764ZM655.989 554.818V555.818C656.104 555.818 656.234 555.812 656.362 555.792L656.204 554.804L656.046 553.817C656.057 553.815 656.058 553.816 656.046 553.816C656.035 553.817 656.016 553.818 655.989 553.818V554.818ZM656.204 554.804L656.401 555.785C656.457 555.774 656.502 555.765 656.535 555.758L656.339 554.777L656.143 553.797C656.11 553.804 656.065 553.813 656.008 553.824L656.204 554.804ZM656.339 554.777L655.364 554.998L655.526 555.713L656.501 555.493L657.477 555.272L657.315 554.557L656.339 554.777ZM656.501 555.493L656.15 554.556C656.162 554.552 656.162 554.553 656.145 554.557C656.129 554.561 656.105 554.567 656.07 554.574L656.275 555.553L656.48 556.532C656.597 556.508 656.729 556.475 656.852 556.429L656.501 555.493ZM656.275 555.553L656.049 554.579C656.054 554.578 656.046 554.58 656.019 554.583C655.994 554.585 655.957 554.587 655.908 554.587V555.587V556.587C656.099 556.587 656.304 556.573 656.502 556.527L656.275 555.553ZM655.908 555.587V554.587C655.831 554.587 655.749 554.571 655.655 554.529L655.246 555.442L654.838 556.355C655.175 556.506 655.534 556.587 655.908 556.587V555.587ZM655.246 555.442L655.659 554.531C655.611 554.51 655.57 554.478 655.526 554.418L654.713 555L653.9 555.582C654.14 555.917 654.454 556.181 654.834 556.353L655.246 555.442ZM654.713 555L655.531 554.424C655.531 554.424 655.529 554.422 655.528 554.418C655.526 554.415 655.523 554.407 655.52 554.395C655.513 554.371 655.504 554.325 655.504 554.251H654.504H653.504C653.504 554.708 653.611 555.172 653.896 555.576L654.713 555ZM654.504 554.251H655.504V549.096H654.504H653.504V554.251H654.504ZM658.235 555.455L657.81 556.36L657.816 556.363L658.235 555.455ZM657.598 554.912L656.763 555.463L656.766 555.467L657.598 554.912ZM657.537 553.327L658.382 553.862L658.384 553.858L657.537 553.327ZM658.654 552.652L658.868 553.629L658.874 553.627L658.654 552.652ZM659.372 552.524L659.245 551.532L659.242 551.532L659.372 552.524ZM660.138 552.433L660.241 553.427L660.251 553.426L660.138 552.433ZM660.57 552.321L660.081 551.449L660.071 551.454L660.57 552.321ZM660.435 551.249L659.719 551.947L659.723 551.951L660.435 551.249ZM658.721 551.222L659.332 552.014L659.332 552.014L658.721 551.222ZM658.266 551.755L657.929 552.696L658.789 553.003L659.173 552.176L658.266 551.755ZM657.51 551.485L656.591 551.091L656.172 552.069L657.174 552.426L657.51 551.485ZM658.05 550.749L658.665 551.538L658.666 551.537L658.05 550.749ZM658.792 550.378L659.044 551.346L659.05 551.344L658.792 550.378ZM660.162 550.331L659.977 551.314L659.989 551.316L660.162 550.331ZM660.792 550.57L660.278 551.428L660.282 551.43L660.792 550.57ZM661.302 551.12L660.426 551.603L660.426 551.603L661.302 551.12ZM661.504 555.52V556.52H662.504V555.52H661.504ZM660.708 555.52H659.708V556.52H660.708V555.52ZM660.708 554.818H661.708V553.818H660.708V554.818ZM660.668 554.818V553.818H660.038L659.766 554.385L660.668 554.818ZM660.398 555.179L661.111 555.88L661.111 555.88L660.398 555.179ZM659.895 555.506L659.5 554.587L659.5 554.587L659.895 555.506ZM660.047 554.74L659.554 553.87L659.55 553.873L660.047 554.74ZM660.539 554.261L659.672 553.763L659.668 553.77L660.539 554.261ZM660.708 552.915H661.708V550.153L659.94 552.275L660.708 552.915ZM660.485 553.026L660.755 553.99L660.768 553.986L660.485 553.026ZM660.094 553.111L660.246 554.099L660.259 554.097L660.094 553.111ZM659.666 553.172L659.78 554.165L659.794 554.163L659.666 553.172ZM659.332 553.212L659.461 554.204L659.462 554.203L659.332 553.212ZM658.751 553.344L659.064 554.293L659.071 554.291L658.751 553.344ZM658.32 553.61L657.585 552.931L657.585 552.932L658.32 553.61ZM658.465 554.717L657.895 555.539L657.906 555.546L658.465 554.717ZM659.129 555.641V554.641C658.929 554.641 658.777 554.604 658.655 554.548L658.235 555.455L657.816 556.363C658.229 556.554 658.673 556.641 659.129 556.641V555.641ZM658.235 555.455L658.661 554.551C658.551 554.499 658.482 554.436 658.43 554.358L657.598 554.912L656.766 555.467C657.028 555.861 657.384 556.16 657.81 556.36L658.235 555.455ZM657.598 554.912L658.432 554.361C658.401 554.314 658.362 554.226 658.362 554.049H657.362H656.362C656.362 554.546 656.48 555.034 656.763 555.463L657.598 554.912ZM657.362 554.049H658.362C658.362 553.875 658.396 553.839 658.381 553.862L657.537 553.327L656.692 552.791C656.444 553.184 656.362 553.628 656.362 554.049H657.362ZM657.537 553.327L658.384 553.858C658.409 553.819 658.436 553.792 658.481 553.768L658.006 552.888L657.531 552.008C657.184 552.195 656.899 552.461 656.69 552.796L657.537 553.327ZM658.006 552.888L658.481 553.768C658.588 553.71 658.715 553.662 658.868 553.629L658.654 552.652L658.44 551.675C658.12 551.745 657.815 551.855 657.531 552.008L658.006 552.888ZM658.654 552.652L658.874 553.627C659.083 553.58 659.292 553.543 659.502 553.515L659.372 552.524L659.242 551.532C658.971 551.568 658.701 551.616 658.433 551.677L658.654 552.652ZM659.372 552.524L659.5 553.516C659.811 553.476 660.057 553.446 660.241 553.427L660.138 552.433L660.035 551.438C659.828 551.459 659.563 551.491 659.245 551.532L659.372 552.524ZM660.138 552.433L660.251 553.426C660.483 553.4 660.795 553.345 661.068 553.188L660.57 552.321L660.071 551.454C660.103 551.436 660.127 551.427 660.137 551.423C660.148 551.418 660.151 551.418 660.145 551.42C660.138 551.421 660.125 551.424 660.105 551.428C660.084 551.432 660.058 551.435 660.025 551.439L660.138 552.433ZM660.57 552.321L661.059 553.194C661.539 552.924 661.708 552.45 661.708 552.051H660.708H659.708C659.708 551.998 659.718 551.888 659.784 551.759C659.855 551.621 659.963 551.515 660.081 551.449L660.57 552.321ZM660.708 552.051H661.708V552.025H660.708H659.708V552.051H660.708ZM660.708 552.025H661.708C661.708 551.507 661.562 550.966 661.146 550.546L660.435 551.249L659.723 551.951C659.716 551.943 659.709 551.934 659.703 551.926C659.698 551.917 659.696 551.912 659.697 551.913C659.698 551.916 659.708 551.948 659.708 552.025H660.708ZM660.435 551.249L661.151 550.55C660.715 550.104 660.136 549.972 659.615 549.972V550.972V551.972C659.718 551.972 659.765 551.985 659.775 551.989C659.779 551.99 659.773 551.988 659.761 551.981C659.749 551.974 659.734 551.962 659.719 551.947L660.435 551.249ZM659.615 550.972V549.972C659.1 549.972 658.559 550.084 658.111 550.43L658.721 551.222L659.332 552.014C659.315 552.026 659.371 551.972 659.615 551.972V550.972ZM658.721 551.222L658.111 550.43C657.805 550.665 657.532 550.961 657.359 551.334L658.266 551.755L659.173 552.176C659.175 552.17 659.205 552.111 659.332 552.014L658.721 551.222ZM658.266 551.755L658.602 550.813L657.846 550.543L657.51 551.485L657.174 552.426L657.929 552.696L658.266 551.755ZM657.51 551.485L658.429 551.879C658.511 551.688 658.597 551.59 658.665 551.538L658.05 550.749L657.435 549.961C657.052 550.259 656.779 550.652 656.591 551.091L657.51 551.485ZM658.05 550.749L658.666 551.537C658.79 551.44 658.914 551.38 659.044 551.346L658.792 550.378L658.54 549.41C658.134 549.516 657.764 549.703 657.434 549.962L658.05 550.749ZM658.792 550.378L659.05 551.344C659.241 551.293 659.42 551.27 659.588 551.27V550.27V549.27C659.234 549.27 658.882 549.319 658.534 549.412L658.792 550.378ZM659.588 550.27V551.27C659.677 551.27 659.804 551.281 659.977 551.314L660.162 550.331L660.346 549.348C660.087 549.3 659.832 549.27 659.588 549.27V550.27ZM660.162 550.331L659.989 551.316C660.079 551.332 660.174 551.365 660.278 551.428L660.792 550.57L661.307 549.713C661.006 549.533 660.681 549.407 660.334 549.346L660.162 550.331ZM660.792 550.57L660.282 551.43C660.308 551.446 660.362 551.486 660.426 551.603L661.302 551.12L662.178 550.638C661.972 550.264 661.686 549.938 661.303 549.711L660.792 550.57ZM661.302 551.12L660.426 551.603C660.45 551.647 660.504 551.789 660.504 552.105H661.504H662.504C662.504 551.599 662.424 551.084 662.178 550.638L661.302 551.12ZM661.504 552.105H660.504V555.52H661.504H662.504V552.105H661.504ZM661.504 555.52V554.52H660.708V555.52V556.52H661.504V555.52ZM660.708 555.52H661.708V554.818H660.708H659.708V555.52H660.708ZM660.708 554.818V553.818H660.668V554.818V555.818H660.708V554.818ZM660.668 554.818L659.766 554.385C659.772 554.372 659.773 554.375 659.759 554.394C659.745 554.412 659.722 554.44 659.684 554.478L660.398 555.179L661.111 555.88C661.283 555.705 661.452 555.495 661.569 555.251L660.668 554.818ZM660.398 555.179L659.684 554.478C659.67 554.493 659.621 554.536 659.5 554.587L659.895 555.506L660.29 556.425C660.588 556.297 660.873 556.121 661.111 555.88L660.398 555.179ZM659.895 555.506L659.5 554.587C659.449 554.609 659.337 554.641 659.129 554.641V555.641V556.641C659.525 556.641 659.923 556.583 660.29 556.425L659.895 555.506ZM659.251 554.926V555.926C659.695 555.926 660.142 555.838 660.544 555.608L660.047 554.74L659.55 553.873C659.52 553.889 659.437 553.926 659.251 553.926V554.926ZM660.047 554.74L660.54 555.61C660.898 555.408 661.201 555.124 661.411 554.752L660.539 554.261L659.668 553.77C659.657 553.79 659.633 553.826 659.554 553.87L660.047 554.74ZM660.539 554.261L661.406 554.759C661.602 554.419 661.708 554.043 661.708 553.644H660.708H659.708C659.708 553.677 659.702 553.712 659.672 553.763L660.539 554.261ZM660.708 553.644H661.708V552.915H660.708H659.708V553.644H660.708ZM660.708 552.915L659.94 552.275C659.997 552.206 660.054 552.16 660.092 552.133C660.13 552.105 660.162 552.088 660.18 552.079C660.213 552.062 660.226 552.06 660.203 552.067L660.485 553.026L660.768 553.986C660.859 553.959 660.967 553.922 661.074 553.868C661.172 553.819 661.335 553.725 661.476 553.555L660.708 552.915ZM660.485 553.026L660.216 552.063C660.146 552.083 660.052 552.104 659.93 552.124L660.094 553.111L660.259 554.097C660.433 554.068 660.6 554.033 660.755 553.989L660.485 553.026ZM660.094 553.111L659.942 552.122C659.804 552.144 659.669 552.163 659.538 552.18L659.666 553.172L659.794 554.163C659.942 554.144 660.092 554.123 660.246 554.099L660.094 553.111ZM659.666 553.172L659.552 552.178C659.412 552.194 659.294 552.208 659.201 552.221L659.332 553.212L659.462 554.203C659.54 554.193 659.645 554.18 659.78 554.165L659.666 553.172ZM659.332 553.212L659.202 552.22C658.937 552.255 658.679 552.313 658.432 552.396L658.751 553.344L659.071 554.291C659.184 554.253 659.313 554.223 659.461 554.204L659.332 553.212ZM658.751 553.344L658.439 552.394C658.125 552.497 657.827 552.669 657.585 552.931L658.32 553.61L659.054 554.289C659.05 554.293 659.046 554.297 659.042 554.3C659.038 554.303 659.036 554.305 659.035 554.305C659.034 554.306 659.042 554.301 659.064 554.293L658.751 553.344ZM658.32 553.61L657.585 552.932C657.264 553.28 657.158 553.706 657.158 554.089H658.158H659.158C659.158 554.076 659.16 554.096 659.146 554.138C659.13 554.183 659.101 554.238 659.054 554.288L658.32 553.61ZM658.158 554.089H657.158C657.158 554.651 657.388 555.187 657.896 555.539L658.465 554.717L659.034 553.894C659.062 553.914 659.104 553.954 659.133 554.014C659.16 554.07 659.158 554.104 659.158 554.089H658.158ZM658.465 554.717L657.906 555.546C658.318 555.823 658.788 555.926 659.251 555.926V554.926V553.926C659.079 553.926 659.026 553.889 659.024 553.887L658.465 554.717ZM662.957 555.52H661.957V556.52H662.957V555.52ZM662.957 550.338V549.338H661.957V550.338H662.957ZM663.754 550.338H664.754V549.338H663.754V550.338ZM663.754 555.52V556.52H664.754V555.52H663.754ZM662.961 549.316L662.269 550.037L662.276 550.044L662.961 549.316ZM662.961 548.553L662.276 547.824L662.269 547.831L662.961 548.553ZM663.76 548.553L663.068 549.275L663.075 549.282L663.76 548.553ZM663.76 549.316L663.075 548.587L663.068 548.594L663.76 549.316ZM662.957 555.52H663.957V550.338H662.957H661.957V555.52H662.957ZM662.957 550.338V551.338H663.754V550.338V549.338H662.957V550.338ZM663.754 550.338H662.754V555.52H663.754H664.754V550.338H663.754ZM663.754 555.52V554.52H662.957V555.52V556.52H663.754V555.52ZM663.362 549.474V548.474C663.401 548.474 663.454 548.481 663.513 548.504C663.572 548.528 663.617 548.559 663.646 548.587L662.961 549.316L662.276 550.044C662.575 550.325 662.954 550.474 663.362 550.474V549.474ZM662.961 549.316L663.653 548.594C663.684 548.623 663.724 548.673 663.754 548.743C663.785 548.814 663.796 548.882 663.796 548.934H662.796H661.796C661.796 549.364 661.968 549.749 662.269 550.037L662.961 549.316ZM662.796 548.934H663.796C663.796 548.987 663.785 549.055 663.754 549.126C663.724 549.196 663.684 549.245 663.653 549.275L662.961 548.553L662.269 547.831C661.968 548.12 661.796 548.505 661.796 548.934H662.796ZM662.961 548.553L663.646 549.282C663.617 549.309 663.572 549.341 663.513 549.364C663.454 549.388 663.401 549.395 663.362 549.395V548.395V547.395C662.954 547.395 662.575 547.543 662.276 547.824L662.961 548.553ZM663.362 548.395V549.395C663.324 549.395 663.269 549.388 663.208 549.363C663.147 549.339 663.1 549.305 663.068 549.275L663.76 548.553L664.453 547.831C664.153 547.544 663.771 547.395 663.362 547.395V548.395ZM663.76 548.553L663.075 549.282C663.045 549.253 663.004 549.204 662.972 549.132C662.94 549.06 662.929 548.99 662.929 548.934H663.929H664.929C664.929 548.498 664.75 548.111 664.445 547.824L663.76 548.553ZM663.929 548.934H662.929C662.929 548.879 662.94 548.809 662.972 548.736C663.004 548.665 663.045 548.615 663.075 548.587L663.76 549.316L664.445 550.044C664.75 549.758 664.929 549.371 664.929 548.934H663.929ZM663.76 549.316L663.068 548.594C663.1 548.564 663.147 548.53 663.208 548.505C663.269 548.481 663.324 548.474 663.362 548.474V549.474V550.474C663.771 550.474 664.153 550.325 664.453 550.037L663.76 549.316ZM666.008 548.61H667.008V547.61H666.008V548.61ZM666.008 555.52V556.52H667.008V555.52H666.008ZM665.212 555.52H664.212V556.52H665.212V555.52ZM665.212 548.61V547.61H664.212V548.61H665.212ZM666.008 548.61H665.008V555.52H666.008H667.008V548.61H666.008ZM666.008 555.52V554.52H665.212V555.52V556.52H666.008V555.52ZM665.212 555.52H666.212V548.61H665.212H664.212V555.52H665.212ZM665.212 548.61V549.61H666.008V548.61V547.61H665.212V548.61ZM671.137 551.498L671.409 552.46L672.418 552.175L672.085 551.18L671.137 551.498ZM670.422 551.701L669.486 552.054L669.81 552.913L670.694 552.663L670.422 551.701ZM670.222 551.353L669.421 551.951L669.427 551.959L669.434 551.968L670.222 551.353ZM669.872 551.07L670.319 550.175L670.319 550.175L669.872 551.07ZM668.509 551.178L669.076 552.002L669.077 552L668.509 551.178ZM668.411 552.197L667.788 552.979L667.788 552.979L668.411 552.197ZM669.086 552.483L668.843 553.453L668.847 553.454L669.086 552.483ZM669.855 552.672L669.616 553.643L669.619 553.644L669.855 552.672ZM670.89 553.188L670.176 553.889L670.18 553.892L670.89 553.188ZM670.975 554.872L670.167 554.282L670.164 554.287L670.975 554.872ZM667.895 555.283L668.447 554.45L668.447 554.45L667.895 555.283ZM667.237 554.278L666.994 553.308L666.061 553.541L666.258 554.483L667.237 554.278ZM667.993 554.089L668.961 553.839L668.713 552.878L667.75 553.119L667.993 554.089ZM668.401 554.717L667.829 555.537L667.833 555.54L668.401 554.717ZM670.077 554.69L670.663 555.501L670.664 555.499L670.077 554.69ZM670.219 553.664L669.518 554.378L669.525 554.384L670.219 553.664ZM669.639 553.387L669.411 554.361L669.412 554.361L669.639 553.387ZM668.775 553.185L668.545 554.158L668.547 554.159L668.775 553.185ZM667.729 552.662L666.995 553.341L667.002 553.348L667.729 552.662ZM667.645 550.992L666.841 550.397L666.837 550.403L667.645 550.992ZM668.323 550.463L667.916 549.549L667.914 549.55L668.323 550.463ZM670.509 550.608L669.9 551.4L669.902 551.402L670.509 550.608ZM671.137 551.498L670.864 550.536L670.149 550.738L670.422 551.701L670.694 552.663L671.409 552.46L671.137 551.498ZM670.422 551.701L671.357 551.348C671.273 551.124 671.153 550.921 671.011 550.738L670.222 551.353L669.434 551.968C669.467 552.011 669.48 552.039 669.486 552.054L670.422 551.701ZM670.222 551.353L671.024 550.756C670.832 550.497 670.585 550.308 670.319 550.175L669.872 551.07L669.424 551.964C669.441 551.972 669.445 551.977 669.442 551.974C669.441 551.973 669.438 551.97 669.434 551.966C669.43 551.962 669.425 551.957 669.421 551.951L670.222 551.353ZM669.872 551.07L670.319 550.175C669.988 550.01 669.631 549.958 669.301 549.958V550.958V551.958C669.365 551.958 669.405 551.964 669.426 551.968C669.447 551.972 669.443 551.974 669.424 551.964L669.872 551.07ZM669.301 550.958V549.958C668.829 549.958 668.354 550.069 667.94 550.355L668.509 551.178L669.077 552C669.086 551.994 669.14 551.958 669.301 551.958V550.958ZM668.509 551.178L667.942 550.354C667.506 550.654 667.195 551.126 667.195 551.728H668.195H669.195C669.195 551.78 669.181 551.851 669.142 551.919C669.106 551.982 669.07 552.005 669.076 552.002L668.509 551.178ZM668.195 551.728H667.195C667.195 552.204 667.386 552.658 667.788 552.979L668.411 552.197L669.034 551.414C669.076 551.448 669.123 551.502 669.157 551.575C669.19 551.646 669.195 551.704 669.195 551.728H668.195ZM668.411 552.197L667.788 552.979C668.096 553.225 668.484 553.364 668.843 553.453L669.086 552.483L669.328 551.513C669.212 551.484 669.131 551.456 669.079 551.434C669.024 551.411 669.017 551.401 669.034 551.414L668.411 552.197ZM669.086 552.483L668.847 553.454L669.616 553.643L669.855 552.672L670.093 551.701L669.324 551.512L669.086 552.483ZM669.855 552.672L669.619 553.644C669.981 553.732 670.128 553.839 670.176 553.889L670.89 553.188L671.604 552.488C671.199 552.074 670.655 551.838 670.091 551.7L669.855 552.672ZM670.89 553.188L670.18 553.892C670.198 553.911 670.231 553.942 670.231 554.076H671.231H672.231C672.231 553.485 672.037 552.925 671.601 552.485L670.89 553.188ZM671.231 554.076H670.231C670.231 554.166 670.21 554.224 670.167 554.282L670.975 554.872L671.782 555.462C672.082 555.052 672.231 554.579 672.231 554.076H671.231ZM670.975 554.872L670.164 554.287C670.113 554.357 670.027 554.437 669.86 554.511L670.266 555.425L670.672 556.339C671.113 556.143 671.499 555.855 671.786 555.457L670.975 554.872ZM670.266 555.425L669.86 554.511C669.709 554.579 669.499 554.627 669.207 554.627V555.627V556.627C669.721 556.627 670.217 556.541 670.672 556.339L670.266 555.425ZM669.207 555.627V554.627C668.822 554.627 668.59 554.545 668.447 554.45L667.895 555.283L667.343 556.117C667.892 556.481 668.535 556.627 669.207 556.627V555.627ZM667.895 555.283L668.447 554.45C668.34 554.379 668.259 554.28 668.216 554.073L667.237 554.278L666.258 554.483C666.399 555.157 666.757 555.729 667.343 556.117L667.895 555.283ZM667.237 554.278L667.479 555.248L668.235 555.059L667.993 554.089L667.75 553.119L666.994 553.308L667.237 554.278ZM667.993 554.089L667.024 554.339C667.145 554.805 667.398 555.237 667.829 555.537L668.401 554.717L668.972 553.896C668.975 553.898 668.979 553.901 668.982 553.905C668.986 553.908 668.987 553.91 668.987 553.91C668.986 553.909 668.974 553.89 668.961 553.839L667.993 554.089ZM668.401 554.717L667.833 555.54C668.249 555.827 668.73 555.926 669.194 555.926V554.926V553.926C669.005 553.926 668.957 553.885 668.968 553.893L668.401 554.717ZM669.194 554.926V555.926C669.697 555.926 670.22 555.82 670.663 555.501L670.077 554.69L669.492 553.879C669.498 553.874 669.432 553.926 669.194 553.926V554.926ZM670.077 554.69L670.664 555.499C671.079 555.199 671.408 554.732 671.408 554.116H670.408H669.408C669.408 554.054 669.426 553.985 669.459 553.927C669.489 553.876 669.513 553.864 669.491 553.88L670.077 554.69ZM670.408 554.116H671.408C671.408 553.673 671.241 553.26 670.913 552.944L670.219 553.664L669.525 554.384C669.497 554.357 669.463 554.313 669.438 554.254C669.414 554.195 669.408 554.145 669.408 554.116H670.408ZM670.219 553.664L670.92 552.951C670.612 552.648 670.22 552.496 669.866 552.413L669.639 553.387L669.412 554.361C669.489 554.379 669.531 554.396 669.549 554.405C669.567 554.413 669.549 554.408 669.518 554.378L670.219 553.664ZM669.639 553.387L669.867 552.414L669.003 552.211L668.775 553.185L668.547 554.159L669.411 554.361L669.639 553.387ZM668.775 553.185L669.006 552.212C668.632 552.123 668.494 552.015 668.457 551.976L667.729 552.662L667.002 553.348C667.41 553.781 667.969 554.022 668.545 554.158L668.775 553.185ZM667.729 552.662L668.464 551.983C668.432 551.949 668.399 551.902 668.399 551.768H667.399H666.399C666.399 552.35 666.586 552.898 666.995 553.341L667.729 552.662ZM667.399 551.768H668.399C668.399 551.676 668.42 551.627 668.453 551.582L667.645 550.992L666.837 550.403C666.542 550.808 666.399 551.275 666.399 551.768H667.399ZM667.645 550.992L668.449 551.587C668.502 551.516 668.585 551.441 668.733 551.375L668.323 550.463L667.914 549.55C667.491 549.74 667.121 550.019 666.841 550.397L667.645 550.992ZM668.323 550.463L668.73 551.376C668.871 551.313 669.056 551.27 669.301 551.27V550.27V549.27C668.819 549.27 668.351 549.356 667.916 549.549L668.323 550.463ZM669.301 550.27V551.27C669.678 551.27 669.839 551.354 669.9 551.4L670.509 550.608L671.119 549.815C670.595 549.412 669.95 549.27 669.301 549.27V550.27ZM670.509 550.608L669.902 551.402C670.03 551.5 670.125 551.627 670.189 551.816L671.137 551.498L672.085 551.18C671.901 550.632 671.578 550.165 671.116 549.813L670.509 550.608Z" fill="#929292" mask="url(#path-41-inside-1_1_2)"/>
<path d="M355.096 216.94V210.031H357.511C357.992 210.031 358.389 210.115 358.702 210.281C359.015 210.445 359.247 210.667 359.4 210.946C359.553 211.222 359.63 211.529 359.63 211.867C359.63 212.163 359.577 212.409 359.471 212.602C359.368 212.795 359.231 212.948 359.06 213.061C358.891 213.173 358.708 213.256 358.51 213.31V213.378C358.721 213.391 358.934 213.466 359.147 213.601C359.361 213.736 359.54 213.929 359.684 214.181C359.828 214.433 359.9 214.741 359.9 215.105C359.9 215.452 359.821 215.763 359.664 216.04C359.506 216.316 359.258 216.536 358.918 216.698C358.578 216.859 358.136 216.94 357.592 216.94H355.096ZM355.932 216.198H357.592C358.139 216.198 358.527 216.093 358.756 215.881C358.988 215.667 359.104 215.409 359.104 215.105C359.104 214.871 359.044 214.655 358.925 214.457C358.806 214.257 358.636 214.098 358.415 213.978C358.195 213.857 357.934 213.796 357.633 213.796H355.932V216.198ZM355.932 213.068H357.484C357.736 213.068 357.963 213.018 358.166 212.919C358.37 212.82 358.532 212.681 358.651 212.501C358.773 212.321 358.834 212.109 358.834 211.867C358.834 211.563 358.728 211.305 358.517 211.094C358.305 210.88 357.97 210.774 357.511 210.774H355.932V213.068ZM362.691 217.062C362.363 217.062 362.065 217 361.797 216.876C361.53 216.75 361.317 216.569 361.16 216.333C361.002 216.095 360.924 215.807 360.924 215.47C360.924 215.173 360.982 214.932 361.099 214.748C361.216 214.561 361.372 214.415 361.568 214.309C361.764 214.203 361.98 214.125 362.216 214.073C362.454 214.019 362.694 213.976 362.934 213.945C363.249 213.904 363.504 213.874 363.7 213.854C363.898 213.831 364.042 213.794 364.132 213.742C364.224 213.691 364.27 213.601 364.27 213.472V213.445C364.27 213.113 364.179 212.854 363.997 212.669C363.817 212.485 363.544 212.393 363.177 212.393C362.797 212.393 362.499 212.476 362.283 212.642C362.067 212.809 361.915 212.987 361.828 213.176L361.072 212.906C361.207 212.591 361.387 212.346 361.612 212.17C361.839 211.993 362.086 211.869 362.354 211.799C362.624 211.727 362.889 211.691 363.15 211.691C363.317 211.691 363.508 211.711 363.724 211.752C363.942 211.79 364.152 211.87 364.355 211.991C364.559 212.113 364.729 212.296 364.864 212.541C364.999 212.786 365.066 213.115 365.066 213.526V216.94H364.27V216.239H364.23C364.176 216.351 364.086 216.472 363.96 216.6C363.834 216.728 363.666 216.837 363.457 216.927C363.248 217.017 362.993 217.062 362.691 217.062ZM362.813 216.347C363.128 216.347 363.393 216.285 363.609 216.161C363.827 216.037 363.991 215.878 364.101 215.682C364.214 215.486 364.27 215.281 364.27 215.065V214.336C364.236 214.377 364.162 214.414 364.048 214.447C363.935 214.479 363.805 214.507 363.656 214.532C363.51 214.554 363.367 214.574 363.228 214.592C363.091 214.608 362.979 214.622 362.894 214.633C362.687 214.66 362.493 214.704 362.313 214.764C362.136 214.823 361.992 214.912 361.882 215.031C361.774 215.148 361.72 215.308 361.72 215.51C361.72 215.787 361.822 215.996 362.027 216.138C362.234 216.277 362.496 216.347 362.813 216.347ZM368.625 217.048C368.139 217.048 367.72 216.934 367.37 216.704C367.019 216.475 366.749 216.159 366.56 215.756C366.371 215.354 366.277 214.894 366.277 214.377C366.277 213.85 366.373 213.386 366.567 212.983C366.762 212.578 367.035 212.262 367.383 212.035C367.734 211.806 368.143 211.691 368.611 211.691C368.975 211.691 369.304 211.759 369.596 211.894C369.889 212.028 370.128 212.217 370.315 212.46C370.501 212.703 370.617 212.987 370.662 213.31H369.866C369.805 213.074 369.67 212.865 369.461 212.683C369.254 212.499 368.975 212.406 368.625 212.406C368.314 212.406 368.042 212.487 367.808 212.649C367.577 212.809 367.396 213.035 367.265 213.327C367.137 213.617 367.073 213.958 367.073 214.35C367.073 214.75 367.136 215.098 367.262 215.395C367.39 215.692 367.57 215.923 367.801 216.087C368.035 216.251 368.31 216.333 368.625 216.333C368.832 216.333 369.019 216.297 369.188 216.225C369.357 216.153 369.499 216.05 369.616 215.915C369.733 215.78 369.817 215.618 369.866 215.429H370.662C370.617 215.735 370.506 216.01 370.328 216.256C370.153 216.498 369.92 216.692 369.63 216.836C369.342 216.978 369.007 217.048 368.625 217.048ZM372.568 215.051L372.555 214.066H372.717L374.984 211.759H375.969L373.553 214.201H373.486L372.568 215.051ZM371.826 216.94V210.031H372.622V216.94H371.826ZM375.119 216.94L373.095 214.377L373.661 213.823L376.131 216.94H375.119Z" fill="#D9D9D9"/>
<path d="M172.563 210.031L174.614 215.847H174.695L176.746 210.031H177.623L175.087 216.94H174.223L171.686 210.031H172.563ZM178.592 216.94V211.759H179.388V216.94H178.592ZM178.997 210.895C178.841 210.895 178.708 210.842 178.595 210.736C178.485 210.631 178.43 210.504 178.43 210.355C178.43 210.207 178.485 210.08 178.595 209.974C178.708 209.868 178.841 209.815 178.997 209.815C179.152 209.815 179.284 209.868 179.395 209.974C179.507 210.08 179.563 210.207 179.563 210.355C179.563 210.504 179.507 210.631 179.395 210.736C179.284 210.842 179.152 210.895 178.997 210.895ZM183.019 217.048C182.519 217.048 182.089 216.938 181.727 216.718C181.367 216.495 181.089 216.185 180.893 215.787C180.7 215.386 180.603 214.921 180.603 214.39C180.603 213.859 180.7 213.391 180.893 212.987C181.089 212.58 181.361 212.262 181.71 212.035C182.061 211.806 182.47 211.691 182.938 211.691C183.208 211.691 183.474 211.736 183.737 211.826C184 211.916 184.24 212.062 184.456 212.265C184.672 212.465 184.844 212.73 184.972 213.061C185.1 213.391 185.164 213.799 185.164 214.282V214.619H181.17V213.931H184.355C184.355 213.639 184.296 213.378 184.179 213.149C184.064 212.919 183.9 212.738 183.687 212.605C183.475 212.473 183.226 212.406 182.938 212.406C182.621 212.406 182.346 212.485 182.115 212.642C181.885 212.798 181.709 213 181.585 213.25C181.461 213.499 181.399 213.767 181.399 214.053V214.511C181.399 214.903 181.467 215.235 181.602 215.507C181.739 215.777 181.929 215.982 182.172 216.124C182.415 216.263 182.697 216.333 183.019 216.333C183.228 216.333 183.417 216.304 183.585 216.245C183.756 216.185 183.904 216.095 184.027 215.976C184.151 215.854 184.247 215.703 184.314 215.524L185.083 215.739C185.002 216 184.866 216.23 184.675 216.428C184.484 216.623 184.248 216.776 183.967 216.886C183.686 216.994 183.37 217.048 183.019 217.048ZM187.549 216.94L185.971 211.759H186.807L187.927 215.726H187.981L189.088 211.759H189.938L191.031 215.712H191.085L192.205 211.759H193.042L191.463 216.94H190.68L189.547 212.96H189.466L188.332 216.94H187.549ZM196.874 216.94V210.031H199.208C199.751 210.031 200.194 210.129 200.538 210.325C200.884 210.518 201.14 210.78 201.307 211.111C201.473 211.441 201.556 211.81 201.556 212.217C201.556 212.624 201.473 212.994 201.307 213.327C201.143 213.66 200.889 213.926 200.544 214.123C200.2 214.319 199.76 214.417 199.222 214.417H197.549V213.675H199.195C199.566 213.675 199.864 213.611 200.089 213.483C200.314 213.354 200.477 213.181 200.578 212.963C200.682 212.743 200.733 212.494 200.733 212.217C200.733 211.941 200.682 211.693 200.578 211.475C200.477 211.257 200.313 211.086 200.086 210.962C199.858 210.836 199.557 210.774 199.181 210.774H197.711V216.94H196.874ZM202.796 216.94V211.759H203.565V212.541H203.619C203.714 212.285 203.885 212.077 204.132 211.917C204.38 211.757 204.659 211.678 204.969 211.678C205.027 211.678 205.1 211.679 205.188 211.681C205.276 211.683 205.342 211.687 205.387 211.691V212.501C205.36 212.494 205.298 212.484 205.202 212.47C205.107 212.455 205.007 212.447 204.901 212.447C204.65 212.447 204.425 212.5 204.227 212.605C204.031 212.709 203.876 212.853 203.761 213.037C203.649 213.219 203.592 213.427 203.592 213.661V216.94H202.796ZM208.278 217.048C207.811 217.048 207.4 216.937 207.047 216.714C206.696 216.492 206.422 216.18 206.224 215.78C206.028 215.38 205.93 214.912 205.93 214.377C205.93 213.837 206.028 213.366 206.224 212.963C206.422 212.56 206.696 212.248 207.047 212.025C207.4 211.802 207.811 211.691 208.278 211.691C208.746 211.691 209.155 211.802 209.506 212.025C209.859 212.248 210.134 212.56 210.329 212.963C210.527 213.366 210.626 213.837 210.626 214.377C210.626 214.912 210.527 215.38 210.329 215.78C210.134 216.18 209.859 216.492 209.506 216.714C209.155 216.937 208.746 217.048 208.278 217.048ZM208.278 216.333C208.634 216.333 208.926 216.242 209.155 216.06C209.385 215.878 209.555 215.638 209.665 215.341C209.775 215.044 209.83 214.723 209.83 214.377C209.83 214.03 209.775 213.707 209.665 213.408C209.555 213.109 209.385 212.867 209.155 212.683C208.926 212.499 208.634 212.406 208.278 212.406C207.923 212.406 207.631 212.499 207.401 212.683C207.172 212.867 207.002 213.109 206.892 213.408C206.782 213.707 206.727 214.03 206.727 214.377C206.727 214.723 206.782 215.044 206.892 215.341C207.002 215.638 207.172 215.878 207.401 216.06C207.631 216.242 207.923 216.333 208.278 216.333ZM211.842 211.759H212.638V217.318C212.638 217.638 212.583 217.914 212.473 218.148C212.365 218.382 212.2 218.563 211.98 218.691C211.762 218.82 211.486 218.884 211.153 218.884C211.127 218.884 211.1 218.884 211.073 218.884C211.046 218.884 211.019 218.884 210.992 218.884V218.141C211.019 218.141 211.043 218.141 211.066 218.141C211.088 218.141 211.113 218.141 211.14 218.141C211.383 218.141 211.561 218.069 211.673 217.926C211.785 217.784 211.842 217.581 211.842 217.318V211.759ZM212.233 210.895C212.078 210.895 211.944 210.842 211.832 210.736C211.721 210.631 211.666 210.504 211.666 210.355C211.666 210.207 211.721 210.08 211.832 209.974C211.944 209.868 212.078 209.815 212.233 209.815C212.388 209.815 212.521 209.868 212.631 209.974C212.744 210.08 212.8 210.207 212.8 210.355C212.8 210.504 212.744 210.631 212.631 210.736C212.521 210.842 212.388 210.895 212.233 210.895ZM216.269 217.048C215.769 217.048 215.339 216.938 214.977 216.718C214.617 216.495 214.339 216.185 214.143 215.787C213.95 215.386 213.853 214.921 213.853 214.39C213.853 213.859 213.95 213.391 214.143 212.987C214.339 212.58 214.611 212.262 214.96 212.035C215.311 211.806 215.72 211.691 216.188 211.691C216.458 211.691 216.724 211.736 216.987 211.826C217.25 211.916 217.49 212.062 217.706 212.265C217.922 212.465 218.094 212.73 218.222 213.061C218.35 213.391 218.414 213.799 218.414 214.282V214.619H214.42V213.931H217.605C217.605 213.639 217.546 213.378 217.429 213.149C217.314 212.919 217.15 212.738 216.937 212.605C216.725 212.473 216.476 212.406 216.188 212.406C215.871 212.406 215.596 212.485 215.365 212.642C215.135 212.798 214.959 213 214.835 213.25C214.711 213.499 214.649 213.767 214.649 214.053V214.511C214.649 214.903 214.717 215.235 214.852 215.507C214.989 215.777 215.179 215.982 215.422 216.124C215.665 216.263 215.947 216.333 216.269 216.333C216.478 216.333 216.667 216.304 216.835 216.245C217.006 216.185 217.154 216.095 217.277 215.976C217.401 215.854 217.497 215.703 217.564 215.524L218.333 215.739C218.252 216 218.116 216.23 217.925 216.428C217.734 216.623 217.498 216.776 217.217 216.886C216.936 216.994 216.62 217.048 216.269 217.048ZM221.731 217.048C221.245 217.048 220.826 216.934 220.476 216.704C220.125 216.475 219.855 216.159 219.666 215.756C219.477 215.354 219.382 214.894 219.382 214.377C219.382 213.85 219.479 213.386 219.673 212.983C219.868 212.578 220.14 212.262 220.489 212.035C220.84 211.806 221.249 211.691 221.717 211.691C222.081 211.691 222.41 211.759 222.702 211.894C222.994 212.028 223.234 212.217 223.421 212.46C223.607 212.703 223.723 212.987 223.768 213.31H222.972C222.911 213.074 222.776 212.865 222.567 212.683C222.36 212.499 222.081 212.406 221.731 212.406C221.42 212.406 221.148 212.487 220.914 212.649C220.682 212.809 220.501 213.035 220.371 213.327C220.243 213.617 220.179 213.958 220.179 214.35C220.179 214.75 220.242 215.098 220.368 215.395C220.496 215.692 220.676 215.923 220.907 216.087C221.141 216.251 221.416 216.333 221.731 216.333C221.937 216.333 222.125 216.297 222.294 216.225C222.463 216.153 222.605 216.05 222.722 215.915C222.839 215.78 222.923 215.618 222.972 215.429H223.768C223.723 215.735 223.612 216.01 223.434 216.256C223.259 216.498 223.026 216.692 222.736 216.836C222.448 216.978 222.113 217.048 221.731 217.048ZM227.186 211.759V212.433H224.5V211.759H227.186ZM225.283 210.517H226.079V215.456C226.079 215.681 226.112 215.85 226.177 215.962C226.244 216.072 226.33 216.147 226.433 216.185C226.539 216.221 226.65 216.239 226.767 216.239C226.855 216.239 226.927 216.234 226.983 216.225C227.039 216.214 227.084 216.205 227.118 216.198L227.28 216.913C227.226 216.934 227.151 216.954 227.054 216.974C226.957 216.997 226.835 217.008 226.686 217.008C226.461 217.008 226.241 216.96 226.025 216.863C225.811 216.766 225.634 216.619 225.492 216.421C225.353 216.223 225.283 215.973 225.283 215.672V210.517Z" fill="#D9D9D9"/>
<path d="M168.673 548.61L170.724 554.426H170.805L172.856 548.61H173.734L171.197 555.52H170.333L167.796 548.61H168.673ZM174.702 555.52V550.338H175.498V555.52H174.702ZM175.107 549.474C174.951 549.474 174.818 549.421 174.705 549.316C174.595 549.21 174.54 549.083 174.54 548.934C174.54 548.786 174.595 548.659 174.705 548.553C174.818 548.447 174.951 548.395 175.107 548.395C175.262 548.395 175.395 548.447 175.505 548.553C175.617 548.659 175.673 548.786 175.673 548.934C175.673 549.083 175.617 549.21 175.505 549.316C175.395 549.421 175.262 549.474 175.107 549.474ZM179.129 555.627C178.629 555.627 178.199 555.517 177.837 555.297C177.477 555.074 177.199 554.764 177.003 554.366C176.81 553.965 176.713 553.5 176.713 552.969C176.713 552.438 176.81 551.971 177.003 551.566C177.199 551.159 177.471 550.842 177.82 550.614C178.171 550.385 178.58 550.27 179.048 550.27C179.318 550.27 179.584 550.315 179.847 550.405C180.11 550.495 180.35 550.641 180.566 550.844C180.782 551.044 180.954 551.309 181.082 551.64C181.21 551.971 181.274 552.378 181.274 552.861V553.199H177.28V552.51H180.465C180.465 552.218 180.406 551.957 180.289 551.728C180.175 551.498 180.01 551.317 179.797 551.184C179.585 551.052 179.336 550.985 179.048 550.985C178.731 550.985 178.456 551.064 178.225 551.222C177.995 551.377 177.819 551.579 177.695 551.829C177.571 552.078 177.509 552.346 177.509 552.632V553.091C177.509 553.482 177.577 553.814 177.712 554.086C177.849 554.356 178.039 554.561 178.282 554.703C178.525 554.843 178.807 554.912 179.129 554.912C179.338 554.912 179.527 554.883 179.696 554.825C179.866 554.764 180.014 554.674 180.137 554.555C180.261 554.433 180.357 554.283 180.424 554.103L181.193 554.319C181.112 554.579 180.976 554.809 180.785 555.007C180.594 555.202 180.358 555.355 180.077 555.466C179.796 555.574 179.48 555.627 179.129 555.627ZM183.66 555.52L182.081 550.338H182.917L184.037 554.305H184.091L185.198 550.338H186.048L187.141 554.292H187.195L188.315 550.338H189.152L187.573 555.52H186.79L185.657 551.539H185.576L184.442 555.52H183.66ZM192.984 555.52V548.61H195.319C195.861 548.61 196.304 548.708 196.648 548.904C196.994 549.097 197.251 549.359 197.417 549.69C197.583 550.021 197.667 550.389 197.667 550.797C197.667 551.204 197.583 551.574 197.417 551.906C197.253 552.239 196.999 552.505 196.655 552.703C196.31 552.898 195.87 552.996 195.332 552.996H193.659V552.254H195.305C195.676 552.254 195.974 552.19 196.199 552.062C196.424 551.933 196.587 551.76 196.688 551.542C196.792 551.322 196.843 551.073 196.843 550.797C196.843 550.52 196.792 550.272 196.688 550.054C196.587 549.836 196.423 549.665 196.196 549.542C195.969 549.416 195.667 549.353 195.292 549.353H193.821V555.52H192.984ZM198.906 555.52V550.338H199.676V551.12H199.73C199.824 550.864 199.995 550.656 200.242 550.496C200.49 550.337 200.769 550.257 201.079 550.257C201.137 550.257 201.211 550.258 201.298 550.26C201.386 550.262 201.452 550.266 201.497 550.27V551.08C201.47 551.073 201.408 551.063 201.312 551.05C201.217 551.034 201.117 551.026 201.012 551.026C200.76 551.026 200.535 551.079 200.337 551.184C200.141 551.288 199.986 551.432 199.871 551.616C199.759 551.798 199.703 552.007 199.703 552.24V555.52H198.906ZM204.388 555.627C203.921 555.627 203.51 555.516 203.157 555.294C202.806 555.071 202.532 554.759 202.334 554.359C202.138 553.959 202.04 553.491 202.04 552.956C202.04 552.416 202.138 551.945 202.334 551.542C202.532 551.14 202.806 550.827 203.157 550.604C203.51 550.382 203.921 550.27 204.388 550.27C204.856 550.27 205.266 550.382 205.616 550.604C205.97 550.827 206.244 551.14 206.44 551.542C206.638 551.945 206.736 552.416 206.736 552.956C206.736 553.491 206.638 553.959 206.44 554.359C206.244 554.759 205.97 555.071 205.616 555.294C205.266 555.516 204.856 555.627 204.388 555.627ZM204.388 554.912C204.744 554.912 205.036 554.821 205.266 554.639C205.495 554.457 205.665 554.217 205.775 553.92C205.885 553.624 205.94 553.302 205.94 552.956C205.94 552.609 205.885 552.287 205.775 551.987C205.665 551.688 205.495 551.446 205.266 551.262C205.036 551.078 204.744 550.985 204.388 550.985C204.033 550.985 203.741 551.078 203.511 551.262C203.282 551.446 203.112 551.688 203.002 551.987C202.892 552.287 202.837 552.609 202.837 552.956C202.837 553.302 202.892 553.624 203.002 553.92C203.112 554.217 203.282 554.457 203.511 554.639C203.741 554.821 204.033 554.912 204.388 554.912ZM207.952 550.338H208.748V555.897C208.748 556.217 208.693 556.493 208.583 556.727C208.475 556.961 208.311 557.142 208.09 557.27C207.872 557.399 207.596 557.463 207.264 557.463C207.237 557.463 207.21 557.463 207.183 557.463C207.156 557.463 207.129 557.463 207.102 557.463V556.721C207.129 556.721 207.153 556.721 207.176 556.721C207.198 556.721 207.223 556.721 207.25 556.721C207.493 556.721 207.671 556.649 207.783 556.505C207.896 556.363 207.952 556.161 207.952 555.897V550.338ZM208.343 549.474C208.188 549.474 208.054 549.421 207.942 549.316C207.831 549.21 207.776 549.083 207.776 548.934C207.776 548.786 207.831 548.659 207.942 548.553C208.054 548.447 208.188 548.395 208.343 548.395C208.498 548.395 208.631 548.447 208.741 548.553C208.854 548.659 208.91 548.786 208.91 548.934C208.91 549.083 208.854 549.21 208.741 549.316C208.631 549.421 208.498 549.474 208.343 549.474ZM212.379 555.627C211.879 555.627 211.449 555.517 211.087 555.297C210.727 555.074 210.449 554.764 210.253 554.366C210.06 553.965 209.963 553.5 209.963 552.969C209.963 552.438 210.06 551.971 210.253 551.566C210.449 551.159 210.721 550.842 211.07 550.614C211.421 550.385 211.83 550.27 212.298 550.27C212.568 550.27 212.834 550.315 213.097 550.405C213.36 550.495 213.6 550.641 213.816 550.844C214.032 551.044 214.204 551.309 214.332 551.64C214.46 551.971 214.524 552.378 214.524 552.861V553.199H210.53V552.51H213.715C213.715 552.218 213.656 551.957 213.539 551.728C213.425 551.498 213.26 551.317 213.047 551.184C212.835 551.052 212.586 550.985 212.298 550.985C211.981 550.985 211.706 551.064 211.475 551.222C211.245 551.377 211.069 551.579 210.945 551.829C210.821 552.078 210.759 552.346 210.759 552.632V553.091C210.759 553.482 210.827 553.814 210.962 554.086C211.099 554.356 211.289 554.561 211.532 554.703C211.775 554.843 212.057 554.912 212.379 554.912C212.588 554.912 212.777 554.883 212.946 554.825C213.116 554.764 213.264 554.674 213.387 554.555C213.511 554.433 213.607 554.283 213.674 554.103L214.443 554.319C214.362 554.579 214.226 554.809 214.035 555.007C213.844 555.202 213.608 555.355 213.327 555.466C213.046 555.574 212.73 555.627 212.379 555.627ZM217.841 555.627C217.355 555.627 216.936 555.513 216.586 555.283C216.235 555.054 215.965 554.738 215.776 554.335C215.587 553.933 215.493 553.473 215.493 552.956C215.493 552.429 215.589 551.965 215.783 551.562C215.978 551.157 216.251 550.842 216.599 550.614C216.95 550.385 217.359 550.27 217.827 550.27C218.191 550.27 218.52 550.338 218.812 550.473C219.105 550.608 219.344 550.797 219.531 551.039C219.717 551.282 219.833 551.566 219.878 551.89H219.082C219.021 551.653 218.886 551.444 218.677 551.262C218.47 551.078 218.191 550.985 217.841 550.985C217.53 550.985 217.258 551.066 217.024 551.228C216.793 551.388 216.612 551.614 216.481 551.906C216.353 552.197 216.289 552.537 216.289 552.929C216.289 553.329 216.352 553.678 216.478 553.974C216.606 554.271 216.786 554.502 217.017 554.666C217.251 554.83 217.526 554.912 217.841 554.912C218.048 554.912 218.235 554.876 218.404 554.804C218.573 554.732 218.715 554.629 218.832 554.494C218.949 554.359 219.033 554.197 219.082 554.008H219.878C219.833 554.314 219.722 554.59 219.544 554.835C219.369 555.078 219.136 555.271 218.846 555.415C218.558 555.557 218.223 555.627 217.841 555.627ZM223.296 550.338V551.012H220.61V550.338H223.296ZM221.393 549.096H222.189V554.035C222.189 554.26 222.222 554.429 222.287 554.541C222.354 554.651 222.44 554.726 222.543 554.764C222.649 554.8 222.76 554.818 222.877 554.818C222.965 554.818 223.037 554.813 223.093 554.804C223.15 554.793 223.194 554.784 223.228 554.777L223.39 555.493C223.336 555.513 223.261 555.533 223.164 555.553C223.067 555.576 222.945 555.587 222.796 555.587C222.571 555.587 222.351 555.539 222.135 555.442C221.922 555.345 221.744 555.198 221.602 555C221.463 554.802 221.393 554.552 221.393 554.251V549.096Z" fill="#D9D9D9"/>
<path d="M453.864 548.61L455.915 554.426H455.996L458.047 548.61H458.924L456.387 555.52H455.523L452.986 548.61H453.864ZM459.892 555.52V550.338H460.688V555.52H459.892ZM460.297 549.474C460.142 549.474 460.008 549.421 459.895 549.316C459.785 549.21 459.73 549.083 459.73 548.934C459.73 548.786 459.785 548.659 459.895 548.553C460.008 548.447 460.142 548.395 460.297 548.395C460.452 548.395 460.585 548.447 460.695 548.553C460.807 548.659 460.864 548.786 460.864 548.934C460.864 549.083 460.807 549.21 460.695 549.316C460.585 549.421 460.452 549.474 460.297 549.474ZM464.319 555.627C463.82 555.627 463.389 555.517 463.027 555.297C462.667 555.074 462.389 554.764 462.194 554.366C462 553.965 461.904 553.5 461.904 552.969C461.904 552.438 462 551.971 462.194 551.566C462.389 551.159 462.662 550.842 463.01 550.614C463.361 550.385 463.77 550.27 464.238 550.27C464.508 550.27 464.775 550.315 465.038 550.405C465.301 550.495 465.54 550.641 465.756 550.844C465.972 551.044 466.144 551.309 466.272 551.64C466.401 551.971 466.465 552.378 466.465 552.861V553.199H462.47V552.51H465.655C465.655 552.218 465.597 551.957 465.48 551.728C465.365 551.498 465.201 551.317 464.987 551.184C464.776 551.052 464.526 550.985 464.238 550.985C463.921 550.985 463.647 551.064 463.415 551.222C463.186 551.377 463.009 551.579 462.885 551.829C462.762 552.078 462.7 552.346 462.7 552.632V553.091C462.7 553.482 462.767 553.814 462.902 554.086C463.039 554.356 463.229 554.561 463.472 554.703C463.715 554.843 463.997 554.912 464.319 554.912C464.528 554.912 464.717 554.883 464.886 554.825C465.057 554.764 465.204 554.674 465.328 554.555C465.451 554.433 465.547 554.283 465.615 554.103L466.384 554.319C466.303 554.579 466.167 554.809 465.976 555.007C465.784 555.202 465.548 555.355 465.267 555.466C464.986 555.574 464.67 555.627 464.319 555.627ZM468.85 555.52L467.271 550.338H468.108L469.228 554.305H469.282L470.388 550.338H471.238L472.331 554.292H472.385L473.505 550.338H474.342L472.763 555.52H471.98L470.847 551.539H470.766L469.632 555.52H468.85ZM478.174 555.52V548.61H480.509C481.051 548.61 481.494 548.708 481.838 548.904C482.184 549.097 482.441 549.359 482.607 549.69C482.774 550.021 482.857 550.389 482.857 550.797C482.857 551.204 482.774 551.574 482.607 551.906C482.443 552.239 482.189 552.505 481.845 552.703C481.501 552.898 481.06 552.996 480.522 552.996H478.849V552.254H480.495C480.867 552.254 481.165 552.19 481.389 552.062C481.614 551.933 481.777 551.76 481.879 551.542C481.982 551.322 482.034 551.073 482.034 550.797C482.034 550.52 481.982 550.272 481.879 550.054C481.777 549.836 481.613 549.665 481.386 549.542C481.159 549.416 480.858 549.353 480.482 549.353H479.011V555.52H478.174ZM484.097 555.52V550.338H484.866V551.12H484.92C485.014 550.864 485.185 550.656 485.433 550.496C485.68 550.337 485.959 550.257 486.269 550.257C486.328 550.257 486.401 550.258 486.489 550.26C486.576 550.262 486.643 550.266 486.688 550.27V551.08C486.661 551.073 486.599 551.063 486.502 551.05C486.408 551.034 486.308 551.026 486.202 551.026C485.95 551.026 485.725 551.079 485.527 551.184C485.331 551.288 485.176 551.432 485.062 551.616C484.949 551.798 484.893 552.007 484.893 552.24V555.52H484.097ZM489.579 555.627C489.111 555.627 488.701 555.516 488.347 555.294C487.997 555.071 487.722 554.759 487.524 554.359C487.329 553.959 487.231 553.491 487.231 552.956C487.231 552.416 487.329 551.945 487.524 551.542C487.722 551.14 487.997 550.827 488.347 550.604C488.701 550.382 489.111 550.27 489.579 550.27C490.047 550.27 490.456 550.382 490.807 550.604C491.16 550.827 491.434 551.14 491.63 551.542C491.828 551.945 491.927 552.416 491.927 552.956C491.927 553.491 491.828 553.959 491.63 554.359C491.434 554.759 491.16 555.071 490.807 555.294C490.456 555.516 490.047 555.627 489.579 555.627ZM489.579 554.912C489.934 554.912 490.226 554.821 490.456 554.639C490.685 554.457 490.855 554.217 490.965 553.92C491.076 553.624 491.131 553.302 491.131 552.956C491.131 552.609 491.076 552.287 490.965 551.987C490.855 551.688 490.685 551.446 490.456 551.262C490.226 551.078 489.934 550.985 489.579 550.985C489.223 550.985 488.931 551.078 488.702 551.262C488.472 551.446 488.302 551.688 488.192 551.987C488.082 552.287 488.027 552.609 488.027 552.956C488.027 553.302 488.082 553.624 488.192 553.92C488.302 554.217 488.472 554.457 488.702 554.639C488.931 554.821 489.223 554.912 489.579 554.912ZM493.142 550.338H493.938V555.897C493.938 556.217 493.883 556.493 493.773 556.727C493.665 556.961 493.501 557.142 493.28 557.27C493.062 557.399 492.787 557.463 492.454 557.463C492.427 557.463 492.4 557.463 492.373 557.463C492.346 557.463 492.319 557.463 492.292 557.463V556.721C492.319 556.721 492.344 556.721 492.366 556.721C492.389 556.721 492.413 556.721 492.44 556.721C492.683 556.721 492.861 556.649 492.973 556.505C493.086 556.363 493.142 556.161 493.142 555.897V550.338ZM493.533 549.474C493.378 549.474 493.244 549.421 493.132 549.316C493.022 549.21 492.967 549.083 492.967 548.934C492.967 548.786 493.022 548.659 493.132 548.553C493.244 548.447 493.378 548.395 493.533 548.395C493.689 548.395 493.821 548.447 493.932 548.553C494.044 548.659 494.1 548.786 494.1 548.934C494.1 549.083 494.044 549.21 493.932 549.316C493.821 549.421 493.689 549.474 493.533 549.474ZM497.569 555.627C497.07 555.627 496.639 555.517 496.277 555.297C495.917 555.074 495.639 554.764 495.444 554.366C495.25 553.965 495.154 553.5 495.154 552.969C495.154 552.438 495.25 551.971 495.444 551.566C495.639 551.159 495.912 550.842 496.26 550.614C496.611 550.385 497.02 550.27 497.488 550.27C497.758 550.27 498.025 550.315 498.288 550.405C498.551 550.495 498.79 550.641 499.006 550.844C499.222 551.044 499.394 551.309 499.522 551.64C499.651 551.971 499.715 552.378 499.715 552.861V553.199H495.72V552.51H498.905C498.905 552.218 498.847 551.957 498.73 551.728C498.615 551.498 498.451 551.317 498.237 551.184C498.026 551.052 497.776 550.985 497.488 550.985C497.171 550.985 496.897 551.064 496.665 551.222C496.436 551.377 496.259 551.579 496.135 551.829C496.012 552.078 495.95 552.346 495.95 552.632V553.091C495.95 553.482 496.017 553.814 496.152 554.086C496.289 554.356 496.479 554.561 496.722 554.703C496.965 554.843 497.247 554.912 497.569 554.912C497.778 554.912 497.967 554.883 498.136 554.825C498.307 554.764 498.454 554.674 498.578 554.555C498.701 554.433 498.797 554.283 498.865 554.103L499.634 554.319C499.553 554.579 499.417 554.809 499.226 555.007C499.034 555.202 498.798 555.355 498.517 555.466C498.236 555.574 497.92 555.627 497.569 555.627ZM503.031 555.627C502.545 555.627 502.127 555.513 501.776 555.283C501.425 555.054 501.155 554.738 500.966 554.335C500.777 553.933 500.683 553.473 500.683 552.956C500.683 552.429 500.78 551.965 500.973 551.562C501.169 551.157 501.441 550.842 501.789 550.614C502.14 550.385 502.55 550.27 503.017 550.27C503.382 550.27 503.71 550.338 504.003 550.473C504.295 550.608 504.534 550.797 504.721 551.039C504.908 551.282 505.024 551.566 505.069 551.89H504.272C504.212 551.653 504.077 551.444 503.868 551.262C503.661 551.078 503.382 550.985 503.031 550.985C502.721 550.985 502.448 551.066 502.215 551.228C501.983 551.388 501.802 551.614 501.671 551.906C501.543 552.197 501.479 552.537 501.479 552.929C501.479 553.329 501.542 553.678 501.668 553.974C501.796 554.271 501.976 554.502 502.208 554.666C502.442 554.83 502.716 554.912 503.031 554.912C503.238 554.912 503.426 554.876 503.594 554.804C503.763 554.732 503.906 554.629 504.023 554.494C504.14 554.359 504.223 554.197 504.272 554.008H505.069C505.024 554.314 504.912 554.59 504.735 554.835C504.559 555.078 504.326 555.271 504.036 555.415C503.748 555.557 503.413 555.627 503.031 555.627ZM508.486 550.338V551.012H505.801V550.338H508.486ZM506.583 549.096H507.379V554.035C507.379 554.26 507.412 554.429 507.477 554.541C507.545 554.651 507.63 554.726 507.734 554.764C507.839 554.8 507.951 554.818 508.068 554.818C508.155 554.818 508.227 554.813 508.284 554.804C508.34 554.793 508.385 554.784 508.419 554.777L508.58 555.493C508.526 555.513 508.451 555.533 508.354 555.553C508.258 555.576 508.135 555.587 507.987 555.587C507.762 555.587 507.541 555.539 507.325 555.442C507.112 555.345 506.934 555.198 506.792 555C506.653 554.802 506.583 554.552 506.583 554.251V549.096Z" fill="#D9D9D9"/>
<path d="M739.054 548.61L741.105 554.426H741.186L743.237 548.61H744.114L741.577 555.52H740.714L738.177 548.61H739.054ZM745.083 555.52V550.338H745.879V555.52H745.083ZM745.487 549.474C745.332 549.474 745.198 549.421 745.086 549.316C744.976 549.21 744.921 549.083 744.921 548.934C744.921 548.786 744.976 548.659 745.086 548.553C745.198 548.447 745.332 548.395 745.487 548.395C745.643 548.395 745.775 548.447 745.886 548.553C745.998 548.659 746.054 548.786 746.054 548.934C746.054 549.083 745.998 549.21 745.886 549.316C745.775 549.421 745.643 549.474 745.487 549.474ZM749.51 555.627C749.01 555.627 748.58 555.517 748.218 555.297C747.858 555.074 747.58 554.764 747.384 554.366C747.191 553.965 747.094 553.5 747.094 552.969C747.094 552.438 747.191 551.971 747.384 551.566C747.58 551.159 747.852 550.842 748.201 550.614C748.551 550.385 748.961 550.27 749.429 550.27C749.699 550.27 749.965 550.315 750.228 550.405C750.491 550.495 750.731 550.641 750.947 550.844C751.163 551.044 751.335 551.309 751.463 551.64C751.591 551.971 751.655 552.378 751.655 552.861V553.199H747.661V552.51H750.846C750.846 552.218 750.787 551.957 750.67 551.728C750.555 551.498 750.391 551.317 750.178 551.184C749.966 551.052 749.716 550.985 749.429 550.985C749.112 550.985 748.837 551.064 748.605 551.222C748.376 551.377 748.2 551.579 748.076 551.829C747.952 552.078 747.89 552.346 747.89 552.632V553.091C747.89 553.482 747.958 553.814 748.093 554.086C748.23 554.356 748.42 554.561 748.663 554.703C748.906 554.843 749.188 554.912 749.51 554.912C749.719 554.912 749.908 554.883 750.076 554.825C750.247 554.764 750.395 554.674 750.518 554.555C750.642 554.433 750.738 554.283 750.805 554.103L751.574 554.319C751.493 554.579 751.357 554.809 751.166 555.007C750.975 555.202 750.739 555.355 750.458 555.466C750.176 555.574 749.86 555.627 749.51 555.627ZM754.04 555.52L752.461 550.338H753.298L754.418 554.305H754.472L755.579 550.338H756.429L757.522 554.292H757.576L758.696 550.338H759.532L757.954 555.52H757.171L756.037 551.539H755.956L754.823 555.52H754.04ZM763.365 555.52V548.61H765.699C766.241 548.61 766.684 548.708 767.029 548.904C767.375 549.097 767.631 549.359 767.798 549.69C767.964 550.021 768.047 550.389 768.047 550.797C768.047 551.204 767.964 551.574 767.798 551.906C767.634 552.239 767.379 552.505 767.035 552.703C766.691 552.898 766.25 552.996 765.713 552.996H764.04V552.254H765.686C766.057 552.254 766.355 552.19 766.58 552.062C766.805 551.933 766.968 551.76 767.069 551.542C767.173 551.322 767.224 551.073 767.224 550.797C767.224 550.52 767.173 550.272 767.069 550.054C766.968 549.836 766.804 549.665 766.577 549.542C766.349 549.416 766.048 549.353 765.672 549.353H764.202V555.52H763.365ZM769.287 555.52V550.338H770.056V551.12H770.11C770.205 550.864 770.376 550.656 770.623 550.496C770.871 550.337 771.149 550.257 771.46 550.257C771.518 550.257 771.591 550.258 771.679 550.26C771.767 550.262 771.833 550.266 771.878 550.27V551.08C771.851 551.073 771.789 551.063 771.693 551.05C771.598 551.034 771.498 551.026 771.392 551.026C771.14 551.026 770.916 551.079 770.718 551.184C770.522 551.288 770.367 551.432 770.252 551.616C770.14 551.798 770.083 552.007 770.083 552.24V555.52H769.287ZM774.769 555.627C774.301 555.627 773.891 555.516 773.538 555.294C773.187 555.071 772.913 554.759 772.715 554.359C772.519 553.959 772.421 553.491 772.421 552.956C772.421 552.416 772.519 551.945 772.715 551.542C772.913 551.14 773.187 550.827 773.538 550.604C773.891 550.382 774.301 550.27 774.769 550.27C775.237 550.27 775.646 550.382 775.997 550.604C776.35 550.827 776.625 551.14 776.82 551.542C777.018 551.945 777.117 552.416 777.117 552.956C777.117 553.491 777.018 553.959 776.82 554.359C776.625 554.759 776.35 555.071 775.997 555.294C775.646 555.516 775.237 555.627 774.769 555.627ZM774.769 554.912C775.125 554.912 775.417 554.821 775.646 554.639C775.876 554.457 776.046 554.217 776.156 553.92C776.266 553.624 776.321 553.302 776.321 552.956C776.321 552.609 776.266 552.287 776.156 551.987C776.046 551.688 775.876 551.446 775.646 551.262C775.417 551.078 775.125 550.985 774.769 550.985C774.414 550.985 774.122 551.078 773.892 551.262C773.663 551.446 773.493 551.688 773.383 551.987C773.273 552.287 773.217 552.609 773.217 552.956C773.217 553.302 773.273 553.624 773.383 553.92C773.493 554.217 773.663 554.457 773.892 554.639C774.122 554.821 774.414 554.912 774.769 554.912ZM778.333 550.338H779.129V555.897C779.129 556.217 779.074 556.493 778.963 556.727C778.856 556.961 778.691 557.142 778.471 557.27C778.253 557.399 777.977 557.463 777.644 557.463C777.617 557.463 777.59 557.463 777.563 557.463C777.536 557.463 777.509 557.463 777.482 557.463V556.721C777.509 556.721 777.534 556.721 777.557 556.721C777.579 556.721 777.604 556.721 777.631 556.721C777.874 556.721 778.051 556.649 778.164 556.505C778.276 556.363 778.333 556.161 778.333 555.897V550.338ZM778.724 549.474C778.569 549.474 778.435 549.421 778.322 549.316C778.212 549.21 778.157 549.083 778.157 548.934C778.157 548.786 778.212 548.659 778.322 548.553C778.435 548.447 778.569 548.395 778.724 548.395C778.879 548.395 779.012 548.447 779.122 548.553C779.234 548.659 779.291 548.786 779.291 548.934C779.291 549.083 779.234 549.21 779.122 549.316C779.012 549.421 778.879 549.474 778.724 549.474ZM782.76 555.627C782.26 555.627 781.83 555.517 781.468 555.297C781.108 555.074 780.83 554.764 780.634 554.366C780.441 553.965 780.344 553.5 780.344 552.969C780.344 552.438 780.441 551.971 780.634 551.566C780.83 551.159 781.102 550.842 781.451 550.614C781.801 550.385 782.211 550.27 782.679 550.27C782.949 550.27 783.215 550.315 783.478 550.405C783.741 550.495 783.981 550.641 784.197 550.844C784.413 551.044 784.585 551.309 784.713 551.64C784.841 551.971 784.905 552.378 784.905 552.861V553.199H780.911V552.51H784.096C784.096 552.218 784.037 551.957 783.92 551.728C783.805 551.498 783.641 551.317 783.428 551.184C783.216 551.052 782.966 550.985 782.679 550.985C782.362 550.985 782.087 551.064 781.855 551.222C781.626 551.377 781.45 551.579 781.326 551.829C781.202 552.078 781.14 552.346 781.14 552.632V553.091C781.14 553.482 781.208 553.814 781.343 554.086C781.48 554.356 781.67 554.561 781.913 554.703C782.156 554.843 782.438 554.912 782.76 554.912C782.969 554.912 783.158 554.883 783.326 554.825C783.497 554.764 783.645 554.674 783.768 554.555C783.892 554.433 783.988 554.283 784.055 554.103L784.824 554.319C784.743 554.579 784.607 554.809 784.416 555.007C784.225 555.202 783.989 555.355 783.708 555.466C783.426 555.574 783.11 555.627 782.76 555.627ZM788.221 555.627C787.736 555.627 787.317 555.513 786.966 555.283C786.616 555.054 786.346 554.738 786.157 554.335C785.968 553.933 785.873 553.473 785.873 552.956C785.873 552.429 785.97 551.965 786.164 551.562C786.359 551.157 786.631 550.842 786.98 550.614C787.331 550.385 787.74 550.27 788.208 550.27C788.572 550.27 788.901 550.338 789.193 550.473C789.485 550.608 789.725 550.797 789.912 551.039C790.098 551.282 790.214 551.566 790.259 551.89H789.463C789.402 551.653 789.267 551.444 789.058 551.262C788.851 551.078 788.572 550.985 788.221 550.985C787.911 550.985 787.639 551.066 787.405 551.228C787.173 551.388 786.992 551.614 786.862 551.906C786.734 552.197 786.67 552.537 786.67 552.929C786.67 553.329 786.733 553.678 786.858 553.974C786.987 554.271 787.167 554.502 787.398 554.666C787.632 554.83 787.907 554.912 788.221 554.912C788.428 554.912 788.616 554.876 788.785 554.804C788.953 554.732 789.096 554.629 789.213 554.494C789.33 554.359 789.413 554.197 789.463 554.008H790.259C790.214 554.314 790.103 554.59 789.925 554.835C789.75 555.078 789.517 555.271 789.227 555.415C788.939 555.557 788.604 555.627 788.221 555.627ZM793.676 550.338V551.012H790.991V550.338H793.676ZM791.774 549.096H792.57V554.035C792.57 554.26 792.603 554.429 792.668 554.541C792.735 554.651 792.821 554.726 792.924 554.764C793.03 554.8 793.141 554.818 793.258 554.818C793.346 554.818 793.418 554.813 793.474 554.804C793.53 554.793 793.575 554.784 793.609 554.777L793.771 555.493C793.717 555.513 793.642 555.533 793.545 555.553C793.448 555.576 793.326 555.587 793.177 555.587C792.952 555.587 792.732 555.539 792.516 555.442C792.302 555.345 792.125 555.198 791.983 555C791.844 554.802 791.774 554.552 791.774 554.251V549.096Z" fill="#1119FF"/>
<path d="M328.239 149.353V142.444H330.574C331.116 142.444 331.559 142.542 331.903 142.737C332.249 142.931 332.505 143.193 332.672 143.523C332.838 143.854 332.922 144.223 332.922 144.63C332.922 145.037 332.838 145.407 332.672 145.74C332.508 146.073 332.254 146.338 331.909 146.536C331.565 146.732 331.125 146.83 330.587 146.83H328.914V146.087H330.56C330.931 146.087 331.229 146.023 331.454 145.895C331.679 145.767 331.842 145.594 331.943 145.376C332.047 145.155 332.098 144.907 332.098 144.63C332.098 144.353 332.047 144.106 331.943 143.888C331.842 143.67 331.678 143.499 331.451 143.375C331.224 143.249 330.922 143.186 330.547 143.186H329.076V149.353H328.239ZM334.958 142.444V149.353H334.161V142.444H334.958ZM337.941 149.474C337.612 149.474 337.314 149.413 337.047 149.289C336.779 149.163 336.566 148.982 336.409 148.746C336.252 148.507 336.173 148.22 336.173 147.882C336.173 147.585 336.231 147.345 336.348 147.16C336.465 146.974 336.622 146.827 336.817 146.722C337.013 146.616 337.229 146.537 337.465 146.485C337.703 146.432 337.943 146.389 338.183 146.357C338.498 146.317 338.754 146.286 338.949 146.266C339.147 146.244 339.291 146.207 339.381 146.155C339.473 146.103 339.519 146.013 339.519 145.885V145.858C339.519 145.525 339.428 145.266 339.246 145.082C339.066 144.898 338.793 144.805 338.426 144.805C338.046 144.805 337.748 144.889 337.532 145.055C337.316 145.222 337.165 145.399 337.077 145.588L336.321 145.318C336.456 145.003 336.636 144.758 336.861 144.583C337.088 144.405 337.336 144.281 337.603 144.212C337.873 144.14 338.139 144.104 338.399 144.104C338.566 144.104 338.757 144.124 338.973 144.164C339.191 144.203 339.401 144.283 339.604 144.404C339.808 144.525 339.978 144.709 340.113 144.954C340.248 145.199 340.316 145.527 340.316 145.939V149.353H339.519V148.651H339.479C339.425 148.764 339.335 148.884 339.209 149.012C339.083 149.14 338.916 149.25 338.706 149.34C338.497 149.429 338.242 149.474 337.941 149.474ZM338.062 148.759C338.377 148.759 338.642 148.697 338.858 148.574C339.076 148.45 339.241 148.29 339.351 148.095C339.463 147.899 339.519 147.693 339.519 147.477V146.749C339.486 146.789 339.411 146.826 339.297 146.86C339.184 146.891 339.054 146.92 338.905 146.944C338.759 146.967 338.616 146.987 338.477 147.005C338.34 147.021 338.228 147.034 338.143 147.045C337.936 147.072 337.743 147.116 337.563 147.177C337.385 147.236 337.241 147.324 337.131 147.444C337.023 147.561 336.969 147.72 336.969 147.923C336.969 148.199 337.071 148.408 337.276 148.55C337.483 148.69 337.745 148.759 338.062 148.759ZM342.096 151.296C341.961 151.296 341.841 151.285 341.735 151.262C341.629 151.242 341.556 151.222 341.516 151.202L341.718 150.5C341.912 150.55 342.083 150.568 342.231 150.554C342.379 150.541 342.511 150.474 342.626 150.355C342.743 150.238 342.849 150.048 342.946 149.785L343.095 149.38L341.178 144.171H342.042L343.472 148.3H343.526L344.957 144.171H345.82L343.621 150.109C343.522 150.376 343.399 150.598 343.253 150.773C343.107 150.951 342.937 151.083 342.744 151.168C342.553 151.253 342.337 151.296 342.096 151.296ZM348.045 149.353L346.466 144.171H347.303L348.423 148.139H348.477L349.584 144.171H350.434L351.527 148.125H351.581L352.701 144.171H353.537L351.959 149.353H351.176L350.042 145.372H349.962L348.828 149.353H348.045ZM354.59 149.353V144.171H355.359V144.954H355.413C355.508 144.697 355.679 144.489 355.926 144.33C356.173 144.17 356.452 144.09 356.763 144.09C356.821 144.09 356.894 144.091 356.982 144.094C357.07 144.096 357.136 144.099 357.181 144.104V144.913C357.154 144.907 357.092 144.897 356.995 144.883C356.901 144.867 356.801 144.859 356.695 144.859C356.443 144.859 356.218 144.912 356.02 145.018C355.825 145.121 355.67 145.265 355.555 145.45C355.442 145.632 355.386 145.84 355.386 146.074V149.353H354.59ZM358.125 149.353V144.171H358.921V149.353H358.125ZM358.53 143.308C358.374 143.308 358.241 143.255 358.128 143.149C358.018 143.043 357.963 142.916 357.963 142.768C357.963 142.619 358.018 142.492 358.128 142.387C358.241 142.281 358.374 142.228 358.53 142.228C358.685 142.228 358.817 142.281 358.928 142.387C359.04 142.492 359.096 142.619 359.096 142.768C359.096 142.916 359.04 143.043 358.928 143.149C358.817 143.255 358.685 143.308 358.53 143.308ZM362.471 151.404C362.086 151.404 361.756 151.355 361.479 151.256C361.202 151.159 360.972 151.031 360.787 150.871C360.605 150.714 360.46 150.545 360.352 150.365L360.986 149.92C361.058 150.014 361.149 150.122 361.26 150.244C361.37 150.367 361.521 150.474 361.712 150.564C361.905 150.656 362.158 150.702 362.471 150.702C362.889 150.702 363.234 150.601 363.506 150.399C363.779 150.196 363.915 149.879 363.915 149.447V148.395H363.847C363.789 148.489 363.705 148.606 363.598 148.746C363.492 148.883 363.339 149.006 363.139 149.114C362.941 149.219 362.673 149.272 362.336 149.272C361.917 149.272 361.542 149.173 361.209 148.975C360.878 148.777 360.616 148.489 360.423 148.112C360.232 147.734 360.136 147.275 360.136 146.735C360.136 146.204 360.23 145.742 360.416 145.349C360.603 144.953 360.863 144.647 361.196 144.431C361.528 144.213 361.913 144.104 362.349 144.104C362.687 144.104 362.954 144.16 363.152 144.272C363.352 144.383 363.505 144.509 363.611 144.65C363.719 144.79 363.802 144.904 363.861 144.994H363.942V144.171H364.711V149.501C364.711 149.947 364.61 150.309 364.407 150.588C364.207 150.869 363.937 151.075 363.598 151.205C363.26 151.338 362.885 151.404 362.471 151.404ZM362.444 148.557C362.763 148.557 363.033 148.484 363.253 148.338C363.474 148.191 363.641 147.981 363.756 147.707C363.871 147.432 363.928 147.104 363.928 146.722C363.928 146.348 363.872 146.019 363.759 145.733C363.647 145.448 363.481 145.224 363.26 145.062C363.04 144.9 362.768 144.819 362.444 144.819C362.106 144.819 361.825 144.904 361.6 145.075C361.378 145.246 361.21 145.476 361.098 145.764C360.987 146.051 360.932 146.371 360.932 146.722C360.932 147.081 360.989 147.4 361.101 147.676C361.216 147.951 361.384 148.167 361.607 148.324C361.832 148.479 362.111 148.557 362.444 148.557ZM366.964 146.236V149.353H366.168V142.444H366.964V144.981H367.032C367.153 144.713 367.335 144.501 367.578 144.343C367.823 144.184 368.15 144.104 368.557 144.104C368.91 144.104 369.219 144.175 369.484 144.316C369.75 144.456 369.956 144.67 370.102 144.961C370.25 145.249 370.324 145.615 370.324 146.06V149.353H369.528V146.114C369.528 145.703 369.421 145.385 369.208 145.16C368.996 144.933 368.703 144.819 368.327 144.819C368.066 144.819 367.832 144.874 367.626 144.984C367.421 145.094 367.259 145.255 367.14 145.467C367.023 145.678 366.964 145.934 366.964 146.236ZM374.035 144.171V144.846H371.349V144.171H374.035ZM372.132 142.93H372.928V147.869C372.928 148.094 372.961 148.262 373.026 148.375C373.093 148.485 373.179 148.559 373.282 148.597C373.388 148.633 373.499 148.651 373.616 148.651C373.704 148.651 373.776 148.647 373.832 148.638C373.888 148.627 373.933 148.618 373.967 148.611L374.129 149.326C374.075 149.346 374 149.367 373.903 149.387C373.806 149.409 373.684 149.42 373.535 149.42C373.31 149.42 373.09 149.372 372.874 149.275C372.66 149.179 372.483 149.031 372.341 148.833C372.202 148.636 372.132 148.386 372.132 148.085V142.93Z" fill="#D9D9D9"/>
<path d="M605.258 471.263V464.354H607.593C608.135 464.354 608.578 464.451 608.922 464.647C609.268 464.841 609.525 465.103 609.691 465.433C609.858 465.764 609.941 466.133 609.941 466.54C609.941 466.947 609.858 467.317 609.691 467.65C609.527 467.982 609.273 468.248 608.929 468.446C608.585 468.641 608.144 468.739 607.606 468.739H605.933V467.997H607.579C607.95 467.997 608.248 467.933 608.473 467.805C608.698 467.677 608.861 467.503 608.962 467.285C609.066 467.065 609.118 466.816 609.118 466.54C609.118 466.263 609.066 466.016 608.962 465.797C608.861 465.579 608.697 465.408 608.47 465.285C608.243 465.159 607.941 465.096 607.566 465.096H606.095V471.263H605.258ZM611.977 464.354V471.263H611.181V464.354H611.977ZM614.96 471.384C614.632 471.384 614.334 471.322 614.066 471.199C613.798 471.073 613.586 470.892 613.428 470.655C613.271 470.417 613.192 470.129 613.192 469.792C613.192 469.495 613.251 469.254 613.368 469.07C613.485 468.883 613.641 468.737 613.836 468.631C614.032 468.526 614.248 468.447 614.484 468.395C614.723 468.341 614.962 468.298 615.203 468.267C615.518 468.226 615.773 468.196 615.969 468.176C616.166 468.153 616.31 468.116 616.4 468.065C616.493 468.013 616.539 467.923 616.539 467.795V467.768C616.539 467.435 616.448 467.176 616.265 466.992C616.086 466.807 615.812 466.715 615.446 466.715C615.066 466.715 614.768 466.798 614.552 466.965C614.336 467.131 614.184 467.309 614.096 467.498L613.341 467.228C613.476 466.913 613.655 466.668 613.88 466.492C614.107 466.315 614.355 466.191 614.623 466.121C614.892 466.049 615.158 466.013 615.419 466.013C615.585 466.013 615.776 466.034 615.992 466.074C616.21 466.112 616.421 466.192 616.623 466.314C616.828 466.435 616.998 466.618 617.132 466.864C617.267 467.109 617.335 467.437 617.335 467.849V471.263H616.539V470.561H616.498C616.444 470.673 616.354 470.794 616.228 470.922C616.102 471.05 615.935 471.159 615.726 471.249C615.517 471.339 615.261 471.384 614.96 471.384ZM615.081 470.669C615.396 470.669 615.662 470.607 615.877 470.483C616.096 470.36 616.26 470.2 616.37 470.004C616.482 469.809 616.539 469.603 616.539 469.387V468.658C616.505 468.699 616.431 468.736 616.316 468.77C616.204 468.801 616.073 468.829 615.925 468.854C615.779 468.876 615.636 468.897 615.496 468.915C615.359 468.93 615.248 468.944 615.162 468.955C614.955 468.982 614.762 469.026 614.582 469.087C614.404 469.145 614.26 469.234 614.15 469.353C614.042 469.47 613.988 469.63 613.988 469.832C613.988 470.109 614.091 470.318 614.295 470.46C614.502 470.599 614.764 470.669 615.081 470.669ZM619.115 473.206C618.98 473.206 618.86 473.195 618.754 473.172C618.649 473.152 618.576 473.132 618.535 473.111L618.737 472.41C618.931 472.459 619.102 472.477 619.25 472.464C619.399 472.45 619.53 472.384 619.645 472.265C619.762 472.148 619.869 471.958 619.965 471.695L620.114 471.29L618.198 466.081H619.061L620.492 470.21H620.546L621.976 466.081H622.84L620.64 472.018C620.541 472.286 620.419 472.508 620.272 472.683C620.126 472.861 619.956 472.992 619.763 473.078C619.572 473.163 619.356 473.206 619.115 473.206ZM625.065 471.263L623.486 466.081H624.322L625.442 470.048H625.496L626.603 466.081H627.453L628.546 470.035H628.6L629.72 466.081H630.557L628.978 471.263H628.195L627.062 467.282H626.981L625.847 471.263H625.065ZM631.609 471.263V466.081H632.379V466.864H632.432C632.527 466.607 632.698 466.399 632.945 466.239C633.193 466.08 633.472 466 633.782 466C633.84 466 633.913 466.001 634.001 466.003C634.089 466.006 634.155 466.009 634.2 466.013V466.823C634.173 466.816 634.111 466.806 634.015 466.793C633.92 466.777 633.82 466.769 633.714 466.769C633.463 466.769 633.238 466.822 633.04 466.928C632.844 467.031 632.689 467.175 632.574 467.359C632.462 467.542 632.406 467.75 632.406 467.984V471.263H631.609ZM635.144 471.263V466.081H635.94V471.263H635.144ZM635.549 465.217C635.394 465.217 635.26 465.164 635.147 465.059C635.037 464.953 634.982 464.826 634.982 464.677C634.982 464.529 635.037 464.402 635.147 464.296C635.26 464.191 635.394 464.138 635.549 464.138C635.704 464.138 635.837 464.191 635.947 464.296C636.059 464.402 636.116 464.529 636.116 464.677C636.116 464.826 636.059 464.953 635.947 465.059C635.837 465.164 635.704 465.217 635.549 465.217ZM639.49 473.314C639.105 473.314 638.775 473.264 638.498 473.165C638.222 473.069 637.991 472.94 637.807 472.781C637.624 472.623 637.479 472.455 637.371 472.275L638.006 471.829C638.078 471.924 638.169 472.032 638.279 472.153C638.389 472.277 638.54 472.384 638.731 472.474C638.924 472.566 639.177 472.612 639.49 472.612C639.908 472.612 640.254 472.511 640.526 472.309C640.798 472.106 640.934 471.789 640.934 471.357V470.305H640.866C640.808 470.399 640.725 470.516 640.617 470.655C640.511 470.793 640.358 470.915 640.158 471.023C639.96 471.129 639.692 471.182 639.355 471.182C638.937 471.182 638.561 471.083 638.228 470.885C637.898 470.687 637.636 470.399 637.442 470.021C637.251 469.643 637.156 469.185 637.156 468.645C637.156 468.114 637.249 467.652 637.436 467.258C637.622 466.862 637.882 466.557 638.215 466.341C638.548 466.122 638.932 466.013 639.369 466.013C639.706 466.013 639.974 466.07 640.171 466.182C640.372 466.292 640.525 466.418 640.63 466.56C640.738 466.699 640.821 466.814 640.88 466.904H640.961V466.081H641.73V471.411C641.73 471.856 641.629 472.219 641.426 472.497C641.226 472.779 640.956 472.984 640.617 473.115C640.279 473.247 639.904 473.314 639.49 473.314ZM639.463 470.467C639.782 470.467 640.052 470.393 640.273 470.247C640.493 470.101 640.661 469.891 640.775 469.616C640.89 469.342 640.947 469.014 640.947 468.631C640.947 468.258 640.891 467.928 640.779 467.643C640.666 467.357 640.5 467.133 640.279 466.972C640.059 466.81 639.787 466.729 639.463 466.729C639.126 466.729 638.845 466.814 638.62 466.985C638.397 467.156 638.229 467.385 638.117 467.673C638.007 467.961 637.952 468.28 637.952 468.631C637.952 468.991 638.008 469.309 638.12 469.586C638.235 469.86 638.404 470.076 638.626 470.234C638.851 470.389 639.13 470.467 639.463 470.467ZM643.984 468.146V471.263H643.187V464.354H643.984V466.891H644.051C644.173 466.623 644.355 466.41 644.598 466.253C644.843 466.093 645.169 466.013 645.576 466.013C645.929 466.013 646.238 466.084 646.504 466.226C646.769 466.365 646.975 466.58 647.121 466.87C647.269 467.158 647.344 467.525 647.344 467.97V471.263H646.548V468.024C646.548 467.612 646.441 467.294 646.227 467.069C646.016 466.842 645.722 466.729 645.347 466.729C645.086 466.729 644.852 466.784 644.645 466.894C644.44 467.004 644.278 467.165 644.159 467.376C644.042 467.588 643.984 467.844 643.984 468.146ZM651.054 466.081V466.756H648.368V466.081H651.054ZM649.151 464.839H649.947V469.778C649.947 470.003 649.98 470.172 650.045 470.284C650.113 470.395 650.198 470.469 650.301 470.507C650.407 470.543 650.519 470.561 650.635 470.561C650.723 470.561 650.795 470.556 650.851 470.547C650.908 470.536 650.953 470.527 650.986 470.521L651.148 471.236C651.094 471.256 651.019 471.276 650.922 471.296C650.826 471.319 650.703 471.33 650.555 471.33C650.33 471.33 650.109 471.282 649.893 471.185C649.68 471.088 649.502 470.941 649.36 470.743C649.221 470.545 649.151 470.296 649.151 469.994V464.839Z" fill="#D9D9D9"/>
<path d="M434.316 149.353V142.444H436.651C437.193 142.444 437.636 142.542 437.98 142.737C438.326 142.931 438.583 143.193 438.749 143.523C438.916 143.854 438.999 144.223 438.999 144.63C438.999 145.037 438.916 145.407 438.749 145.74C438.585 146.073 438.331 146.338 437.987 146.536C437.643 146.732 437.202 146.83 436.664 146.83H434.991V146.087H436.637C437.008 146.087 437.306 146.023 437.531 145.895C437.756 145.767 437.919 145.594 438.021 145.376C438.124 145.155 438.176 144.907 438.176 144.63C438.176 144.353 438.124 144.106 438.021 143.888C437.919 143.67 437.755 143.499 437.528 143.375C437.301 143.249 436.999 143.186 436.624 143.186H435.153V149.353H434.316ZM441.035 142.444V149.353H440.239V142.444H441.035ZM444.018 149.474C443.69 149.474 443.392 149.413 443.124 149.289C442.856 149.163 442.644 148.982 442.486 148.746C442.329 148.507 442.25 148.22 442.25 147.882C442.25 147.585 442.309 147.345 442.426 147.16C442.543 146.974 442.699 146.827 442.895 146.722C443.09 146.616 443.306 146.537 443.542 146.485C443.781 146.432 444.02 146.389 444.261 146.357C444.576 146.317 444.831 146.286 445.027 146.266C445.225 146.244 445.368 146.207 445.458 146.155C445.551 146.103 445.597 146.013 445.597 145.885V145.858C445.597 145.525 445.506 145.266 445.324 145.082C445.144 144.898 444.87 144.805 444.504 144.805C444.124 144.805 443.826 144.889 443.61 145.055C443.394 145.222 443.242 145.399 443.154 145.588L442.399 145.318C442.534 145.003 442.713 144.758 442.938 144.583C443.166 144.405 443.413 144.281 443.681 144.212C443.95 144.14 444.216 144.104 444.477 144.104C444.643 144.104 444.834 144.124 445.05 144.164C445.268 144.203 445.479 144.283 445.681 144.404C445.886 144.525 446.056 144.709 446.191 144.954C446.325 145.199 446.393 145.527 446.393 145.939V149.353H445.597V148.651H445.556C445.502 148.764 445.412 148.884 445.286 149.012C445.16 149.14 444.993 149.25 444.784 149.34C444.575 149.429 444.319 149.474 444.018 149.474ZM444.139 148.759C444.454 148.759 444.72 148.697 444.936 148.574C445.154 148.45 445.318 148.29 445.428 148.095C445.541 147.899 445.597 147.693 445.597 147.477V146.749C445.563 146.789 445.489 146.826 445.374 146.86C445.262 146.891 445.131 146.92 444.983 146.944C444.837 146.967 444.694 146.987 444.554 147.005C444.417 147.021 444.306 147.034 444.22 147.045C444.013 147.072 443.82 147.116 443.64 147.177C443.462 147.236 443.318 147.324 443.208 147.444C443.1 147.561 443.046 147.72 443.046 147.923C443.046 148.199 443.149 148.408 443.353 148.55C443.56 148.69 443.822 148.759 444.139 148.759ZM448.173 151.296C448.038 151.296 447.918 151.285 447.812 151.262C447.707 151.242 447.634 151.222 447.593 151.202L447.795 150.5C447.989 150.55 448.16 150.568 448.308 150.554C448.457 150.541 448.588 150.474 448.703 150.355C448.82 150.238 448.927 150.048 449.023 149.785L449.172 149.38L447.256 144.171H448.119L449.55 148.3H449.604L451.034 144.171H451.898L449.698 150.109C449.599 150.376 449.477 150.598 449.33 150.773C449.184 150.951 449.014 151.083 448.821 151.168C448.63 151.253 448.414 151.296 448.173 151.296ZM454.123 149.353L452.544 144.171H453.38L454.5 148.139H454.554L455.661 144.171H456.511L457.604 148.125H457.658L458.778 144.171H459.615L458.036 149.353H457.253L456.12 145.372H456.039L454.905 149.353H454.123ZM460.667 149.353V144.171H461.437V144.954H461.491C461.585 144.697 461.756 144.489 462.003 144.33C462.251 144.17 462.53 144.09 462.84 144.09C462.898 144.09 462.972 144.091 463.059 144.094C463.147 144.096 463.213 144.099 463.258 144.104V144.913C463.231 144.907 463.169 144.897 463.073 144.883C462.978 144.867 462.878 144.859 462.772 144.859C462.521 144.859 462.296 144.912 462.098 145.018C461.902 145.121 461.747 145.265 461.632 145.45C461.52 145.632 461.464 145.84 461.464 146.074V149.353H460.667ZM464.202 149.353V144.171H464.998V149.353H464.202ZM464.607 143.308C464.452 143.308 464.318 143.255 464.205 143.149C464.095 143.043 464.04 142.916 464.04 142.768C464.04 142.619 464.095 142.492 464.205 142.387C464.318 142.281 464.452 142.228 464.607 142.228C464.762 142.228 464.895 142.281 465.005 142.387C465.117 142.492 465.174 142.619 465.174 142.768C465.174 142.916 465.117 143.043 465.005 143.149C464.895 143.255 464.762 143.308 464.607 143.308ZM468.548 151.404C468.163 151.404 467.833 151.355 467.556 151.256C467.28 151.159 467.049 151.031 466.865 150.871C466.682 150.714 466.537 150.545 466.429 150.365L467.064 149.92C467.136 150.014 467.227 150.122 467.337 150.244C467.447 150.367 467.598 150.474 467.789 150.564C467.982 150.656 468.235 150.702 468.548 150.702C468.966 150.702 469.312 150.601 469.584 150.399C469.856 150.196 469.992 149.879 469.992 149.447V148.395H469.924C469.866 148.489 469.783 148.606 469.675 148.746C469.569 148.883 469.416 149.006 469.216 149.114C469.018 149.219 468.75 149.272 468.413 149.272C467.995 149.272 467.619 149.173 467.286 148.975C466.956 148.777 466.694 148.489 466.5 148.112C466.309 147.734 466.214 147.275 466.214 146.735C466.214 146.204 466.307 145.742 466.494 145.349C466.68 144.953 466.94 144.647 467.273 144.431C467.606 144.213 467.99 144.104 468.427 144.104C468.764 144.104 469.032 144.16 469.23 144.272C469.43 144.383 469.583 144.509 469.688 144.65C469.796 144.79 469.88 144.904 469.938 144.994H470.019V144.171H470.788V149.501C470.788 149.947 470.687 150.309 470.485 150.588C470.284 150.869 470.014 151.075 469.675 151.205C469.337 151.338 468.962 151.404 468.548 151.404ZM468.521 148.557C468.84 148.557 469.11 148.484 469.331 148.338C469.551 148.191 469.719 147.981 469.833 147.707C469.948 147.432 470.005 147.104 470.005 146.722C470.005 146.348 469.949 146.019 469.837 145.733C469.724 145.448 469.558 145.224 469.337 145.062C469.117 144.9 468.845 144.819 468.521 144.819C468.184 144.819 467.903 144.904 467.678 145.075C467.455 145.246 467.287 145.476 467.175 145.764C467.065 146.051 467.01 146.371 467.01 146.722C467.01 147.081 467.066 147.4 467.178 147.676C467.293 147.951 467.462 148.167 467.684 148.324C467.909 148.479 468.188 148.557 468.521 148.557ZM473.042 146.236V149.353H472.246V142.444H473.042V144.981H473.109C473.231 144.713 473.413 144.501 473.656 144.343C473.901 144.184 474.227 144.104 474.634 144.104C474.987 144.104 475.296 144.175 475.562 144.316C475.827 144.456 476.033 144.67 476.179 144.961C476.328 145.249 476.402 145.615 476.402 146.06V149.353H475.606V146.114C475.606 145.703 475.499 145.385 475.285 145.16C475.074 144.933 474.78 144.819 474.405 144.819C474.144 144.819 473.91 144.874 473.703 144.984C473.498 145.094 473.336 145.255 473.217 145.467C473.1 145.678 473.042 145.934 473.042 146.236ZM480.112 144.171V144.846H477.426V144.171H480.112ZM478.209 142.93H479.005V147.869C479.005 148.094 479.038 148.262 479.103 148.375C479.171 148.485 479.256 148.559 479.36 148.597C479.465 148.633 479.577 148.651 479.694 148.651C479.781 148.651 479.853 148.647 479.909 148.638C479.966 148.627 480.011 148.618 480.044 148.611L480.206 149.326C480.152 149.346 480.077 149.367 479.98 149.387C479.884 149.409 479.761 149.42 479.613 149.42C479.388 149.42 479.167 149.372 478.951 149.275C478.738 149.179 478.56 149.031 478.418 148.833C478.279 148.636 478.209 148.386 478.209 148.085V142.93Z" fill="#D9D9D9"/>
<path d="M716.306 471.263V464.354H718.641C719.183 464.354 719.626 464.451 719.97 464.647C720.316 464.841 720.573 465.103 720.739 465.433C720.906 465.764 720.989 466.133 720.989 466.54C720.989 466.947 720.906 467.317 720.739 467.65C720.575 467.982 720.321 468.248 719.977 468.446C719.633 468.641 719.192 468.739 718.654 468.739H716.981V467.997H718.627C718.998 467.997 719.296 467.933 719.521 467.805C719.746 467.677 719.909 467.503 720.01 467.285C720.114 467.065 720.166 466.816 720.166 466.54C720.166 466.263 720.114 466.016 720.01 465.797C719.909 465.579 719.745 465.408 719.518 465.285C719.291 465.159 718.989 465.096 718.614 465.096H717.143V471.263H716.306ZM723.025 464.354V471.263H722.229V464.354H723.025ZM726.008 471.384C725.679 471.384 725.381 471.322 725.114 471.199C724.846 471.073 724.634 470.892 724.476 470.655C724.319 470.417 724.24 470.129 724.24 469.792C724.24 469.495 724.299 469.254 724.416 469.07C724.532 468.883 724.689 468.737 724.884 468.631C725.08 468.526 725.296 468.447 725.532 468.395C725.771 468.341 726.01 468.298 726.251 468.267C726.566 468.226 726.821 468.196 727.017 468.176C727.214 468.153 727.358 468.116 727.448 468.065C727.541 468.013 727.587 467.923 727.587 467.795V467.768C727.587 467.435 727.496 467.176 727.313 466.992C727.134 466.807 726.86 466.715 726.494 466.715C726.114 466.715 725.816 466.798 725.6 466.965C725.384 467.131 725.232 467.309 725.144 467.498L724.389 467.228C724.523 466.913 724.703 466.668 724.928 466.492C725.155 466.315 725.403 466.191 725.67 466.121C725.94 466.049 726.206 466.013 726.467 466.013C726.633 466.013 726.824 466.034 727.04 466.074C727.258 466.112 727.469 466.192 727.671 466.314C727.876 466.435 728.045 466.618 728.18 466.864C728.315 467.109 728.383 467.437 728.383 467.849V471.263H727.587V470.561H727.546C727.492 470.673 727.402 470.794 727.276 470.922C727.15 471.05 726.983 471.159 726.774 471.249C726.564 471.339 726.309 471.384 726.008 471.384ZM726.129 470.669C726.444 470.669 726.71 470.607 726.925 470.483C727.144 470.36 727.308 470.2 727.418 470.004C727.53 469.809 727.587 469.603 727.587 469.387V468.658C727.553 468.699 727.479 468.736 727.364 468.77C727.252 468.801 727.121 468.829 726.973 468.854C726.827 468.876 726.684 468.897 726.544 468.915C726.407 468.93 726.296 468.944 726.21 468.955C726.003 468.982 725.81 469.026 725.63 469.087C725.452 469.145 725.308 469.234 725.198 469.353C725.09 469.47 725.036 469.63 725.036 469.832C725.036 470.109 725.139 470.318 725.343 470.46C725.55 470.599 725.812 470.669 726.129 470.669ZM730.163 473.206C730.028 473.206 729.908 473.195 729.802 473.172C729.697 473.152 729.623 473.132 729.583 473.111L729.785 472.41C729.979 472.459 730.15 472.477 730.298 472.464C730.447 472.45 730.578 472.384 730.693 472.265C730.81 472.148 730.917 471.958 731.013 471.695L731.162 471.29L729.246 466.081H730.109L731.54 470.21H731.594L733.024 466.081H733.888L731.688 472.018C731.589 472.286 731.467 472.508 731.32 472.683C731.174 472.861 731.004 472.992 730.811 473.078C730.62 473.163 730.404 473.206 730.163 473.206ZM736.113 471.263L734.534 466.081H735.37L736.49 470.048H736.544L737.651 466.081H738.501L739.594 470.035H739.648L740.768 466.081H741.605L740.026 471.263H739.243L738.11 467.282H738.029L736.895 471.263H736.113ZM742.657 471.263V466.081H743.426V466.864H743.48C743.575 466.607 743.746 466.399 743.993 466.239C744.241 466.08 744.52 466 744.83 466C744.888 466 744.961 466.001 745.049 466.003C745.137 466.006 745.203 466.009 745.248 466.013V466.823C745.221 466.816 745.159 466.806 745.063 466.793C744.968 466.777 744.868 466.769 744.762 466.769C744.511 466.769 744.286 466.822 744.088 466.928C743.892 467.031 743.737 467.175 743.622 467.359C743.51 467.542 743.453 467.75 743.453 467.984V471.263H742.657ZM746.192 471.263V466.081H746.988V471.263H746.192ZM746.597 465.217C746.442 465.217 746.308 465.164 746.195 465.059C746.085 464.953 746.03 464.826 746.03 464.677C746.03 464.529 746.085 464.402 746.195 464.296C746.308 464.191 746.442 464.138 746.597 464.138C746.752 464.138 746.885 464.191 746.995 464.296C747.107 464.402 747.164 464.529 747.164 464.677C747.164 464.826 747.107 464.953 746.995 465.059C746.885 465.164 746.752 465.217 746.597 465.217ZM750.538 473.314C750.153 473.314 749.823 473.264 749.546 473.165C749.27 473.069 749.039 472.94 748.855 472.781C748.672 472.623 748.527 472.455 748.419 472.275L749.054 471.829C749.126 471.924 749.217 472.032 749.327 472.153C749.437 472.277 749.588 472.384 749.779 472.474C749.972 472.566 750.225 472.612 750.538 472.612C750.956 472.612 751.302 472.511 751.574 472.309C751.846 472.106 751.982 471.789 751.982 471.357V470.305H751.914C751.856 470.399 751.773 470.516 751.665 470.655C751.559 470.793 751.406 470.915 751.206 471.023C751.008 471.129 750.74 471.182 750.403 471.182C749.985 471.182 749.609 471.083 749.276 470.885C748.946 470.687 748.684 470.399 748.49 470.021C748.299 469.643 748.203 469.185 748.203 468.645C748.203 468.114 748.297 467.652 748.483 467.258C748.67 466.862 748.93 466.557 749.263 466.341C749.596 466.122 749.98 466.013 750.417 466.013C750.754 466.013 751.022 466.07 751.219 466.182C751.42 466.292 751.573 466.418 751.678 466.56C751.786 466.699 751.869 466.814 751.928 466.904H752.009V466.081H752.778V471.411C752.778 471.856 752.677 472.219 752.474 472.497C752.274 472.779 752.004 472.984 751.665 473.115C751.327 473.247 750.952 473.314 750.538 473.314ZM750.511 470.467C750.83 470.467 751.1 470.393 751.321 470.247C751.541 470.101 751.709 469.891 751.823 469.616C751.938 469.342 751.995 469.014 751.995 468.631C751.995 468.258 751.939 467.928 751.827 467.643C751.714 467.357 751.548 467.133 751.327 466.972C751.107 466.81 750.835 466.729 750.511 466.729C750.174 466.729 749.893 466.814 749.668 466.985C749.445 467.156 749.277 467.385 749.165 467.673C749.055 467.961 749 468.28 749 468.631C749 468.991 749.056 469.309 749.168 469.586C749.283 469.86 749.452 470.076 749.674 470.234C749.899 470.389 750.178 470.467 750.511 470.467ZM755.032 468.146V471.263H754.235V464.354H755.032V466.891H755.099C755.221 466.623 755.403 466.41 755.646 466.253C755.891 466.093 756.217 466.013 756.624 466.013C756.977 466.013 757.286 466.084 757.552 466.226C757.817 466.365 758.023 466.58 758.169 466.87C758.317 467.158 758.392 467.525 758.392 467.97V471.263H757.596V468.024C757.596 467.612 757.489 467.294 757.275 467.069C757.064 466.842 756.77 466.729 756.395 466.729C756.134 466.729 755.9 466.784 755.693 466.894C755.488 467.004 755.326 467.165 755.207 467.376C755.09 467.588 755.032 467.844 755.032 468.146ZM762.102 466.081V466.756H759.416V466.081H762.102ZM760.199 464.839H760.995V469.778C760.995 470.003 761.028 470.172 761.093 470.284C761.161 470.395 761.246 470.469 761.349 470.507C761.455 470.543 761.567 470.561 761.683 470.561C761.771 470.561 761.843 470.556 761.899 470.547C761.956 470.536 762.001 470.527 762.034 470.521L762.196 471.236C762.142 471.256 762.067 471.276 761.97 471.296C761.874 471.319 761.751 471.33 761.602 471.33C761.378 471.33 761.157 471.282 760.941 471.185C760.728 471.088 760.55 470.941 760.408 470.743C760.269 470.545 760.199 470.296 760.199 469.994V464.839Z" fill="#D9D9D9"/>
<path d="M331.384 156.944H332.221V161.883C332.221 162.324 332.14 162.698 331.978 163.006C331.816 163.314 331.587 163.548 331.293 163.708C330.998 163.868 330.651 163.947 330.25 163.947C329.873 163.947 329.536 163.879 329.242 163.742C328.947 163.602 328.715 163.404 328.547 163.148C328.378 162.892 328.294 162.587 328.294 162.234H329.117C329.117 162.429 329.165 162.6 329.262 162.746C329.361 162.89 329.496 163.003 329.667 163.084C329.838 163.165 330.032 163.205 330.25 163.205C330.491 163.205 330.696 163.155 330.864 163.053C331.033 162.952 331.161 162.804 331.249 162.608C331.339 162.41 331.384 162.168 331.384 161.883V156.944ZM335.314 163.974C334.986 163.974 334.688 163.913 334.42 163.789C334.152 163.663 333.94 163.482 333.783 163.246C333.625 163.007 333.546 162.72 333.546 162.382C333.546 162.085 333.605 161.845 333.722 161.66C333.839 161.474 333.995 161.327 334.191 161.222C334.386 161.116 334.602 161.037 334.838 160.985C335.077 160.932 335.316 160.889 335.557 160.857C335.872 160.817 336.127 160.786 336.323 160.766C336.521 160.744 336.665 160.707 336.755 160.655C336.847 160.603 336.893 160.513 336.893 160.385V160.358C336.893 160.025 336.802 159.766 336.62 159.582C336.44 159.398 336.167 159.305 335.8 159.305C335.42 159.305 335.122 159.389 334.906 159.555C334.69 159.722 334.538 159.899 334.45 160.088L333.695 159.818C333.83 159.503 334.01 159.258 334.235 159.083C334.462 158.905 334.709 158.781 334.977 158.712C335.247 158.64 335.512 158.604 335.773 158.604C335.939 158.604 336.131 158.624 336.346 158.664C336.565 158.703 336.775 158.783 336.977 158.904C337.182 159.025 337.352 159.209 337.487 159.454C337.622 159.699 337.689 160.027 337.689 160.439V163.853H336.893V163.151H336.852C336.799 163.264 336.709 163.384 336.583 163.512C336.457 163.64 336.289 163.75 336.08 163.84C335.871 163.929 335.616 163.974 335.314 163.974ZM335.436 163.259C335.75 163.259 336.016 163.197 336.232 163.074C336.45 162.95 336.614 162.79 336.724 162.595C336.837 162.399 336.893 162.193 336.893 161.977V161.249C336.859 161.289 336.785 161.326 336.67 161.36C336.558 161.391 336.427 161.42 336.279 161.444C336.133 161.467 335.99 161.487 335.851 161.505C335.713 161.521 335.602 161.534 335.517 161.545C335.31 161.572 335.116 161.616 334.936 161.677C334.759 161.736 334.615 161.824 334.504 161.944C334.397 162.061 334.343 162.22 334.343 162.423C334.343 162.699 334.445 162.908 334.65 163.05C334.856 163.19 335.118 163.259 335.436 163.259ZM343.194 158.671L341.278 163.853H340.468L338.552 158.671H339.416L340.846 162.8H340.9L342.33 158.671H343.194ZM345.612 163.974C345.284 163.974 344.986 163.913 344.718 163.789C344.45 163.663 344.238 163.482 344.08 163.246C343.923 163.007 343.844 162.72 343.844 162.382C343.844 162.085 343.903 161.845 344.02 161.66C344.137 161.474 344.293 161.327 344.489 161.222C344.684 161.116 344.9 161.037 345.136 160.985C345.375 160.932 345.614 160.889 345.855 160.857C346.17 160.817 346.425 160.786 346.621 160.766C346.819 160.744 346.963 160.707 347.052 160.655C347.145 160.603 347.191 160.513 347.191 160.385V160.358C347.191 160.025 347.1 159.766 346.918 159.582C346.738 159.398 346.464 159.305 346.098 159.305C345.718 159.305 345.42 159.389 345.204 159.555C344.988 159.722 344.836 159.899 344.748 160.088L343.993 159.818C344.128 159.503 344.308 159.258 344.532 159.083C344.76 158.905 345.007 158.781 345.275 158.712C345.545 158.64 345.81 158.604 346.071 158.604C346.237 158.604 346.428 158.624 346.644 158.664C346.862 158.703 347.073 158.783 347.275 158.904C347.48 159.025 347.65 159.209 347.785 159.454C347.92 159.699 347.987 160.027 347.987 160.439V163.853H347.191V163.151H347.15C347.096 163.264 347.006 163.384 346.88 163.512C346.754 163.64 346.587 163.75 346.378 163.84C346.169 163.929 345.913 163.974 345.612 163.974ZM345.733 163.259C346.048 163.259 346.314 163.197 346.53 163.074C346.748 162.95 346.912 162.79 347.022 162.595C347.135 162.399 347.191 162.193 347.191 161.977V161.249C347.157 161.289 347.083 161.326 346.968 161.36C346.856 161.391 346.725 161.42 346.577 161.444C346.431 161.467 346.288 161.487 346.148 161.505C346.011 161.521 345.9 161.534 345.814 161.545C345.607 161.572 345.414 161.616 345.234 161.677C345.056 161.736 344.913 161.824 344.802 161.944C344.694 162.061 344.64 162.22 344.64 162.423C344.64 162.699 344.743 162.908 344.947 163.05C345.154 163.19 345.416 163.259 345.733 163.259ZM353.111 159.832L352.395 160.034C352.35 159.915 352.284 159.799 352.196 159.687C352.111 159.572 351.994 159.477 351.846 159.403C351.697 159.329 351.507 159.292 351.275 159.292C350.958 159.292 350.694 159.365 350.483 159.511C350.273 159.655 350.169 159.838 350.169 160.061C350.169 160.259 350.241 160.415 350.385 160.53C350.529 160.645 350.754 160.74 351.059 160.817L351.829 161.006C352.292 161.118 352.637 161.29 352.864 161.522C353.091 161.751 353.205 162.047 353.205 162.409C353.205 162.706 353.12 162.971 352.949 163.205C352.78 163.439 352.544 163.624 352.24 163.759C351.937 163.894 351.583 163.961 351.181 163.961C350.652 163.961 350.215 163.846 349.869 163.617C349.522 163.387 349.303 163.052 349.211 162.612L349.966 162.423C350.038 162.702 350.174 162.911 350.375 163.05C350.577 163.19 350.841 163.259 351.167 163.259C351.539 163.259 351.833 163.181 352.051 163.023C352.272 162.863 352.382 162.672 352.382 162.45C352.382 162.27 352.319 162.119 352.193 161.998C352.067 161.874 351.874 161.782 351.613 161.721L350.749 161.519C350.275 161.406 349.926 161.232 349.703 160.996C349.483 160.757 349.373 160.459 349.373 160.102C349.373 159.809 349.455 159.551 349.619 159.326C349.785 159.101 350.011 158.924 350.297 158.796C350.585 158.668 350.911 158.604 351.275 158.604C351.788 158.604 352.191 158.716 352.483 158.941C352.778 159.166 352.987 159.463 353.111 159.832ZM356.509 163.961C356.023 163.961 355.605 163.846 355.254 163.617C354.903 163.387 354.633 163.071 354.444 162.669C354.255 162.266 354.161 161.806 354.161 161.289C354.161 160.763 354.257 160.298 354.451 159.896C354.646 159.491 354.919 159.175 355.267 158.948C355.618 158.718 356.027 158.604 356.495 158.604C356.859 158.604 357.188 158.671 357.48 158.806C357.773 158.941 358.012 159.13 358.199 159.373C358.385 159.616 358.501 159.899 358.546 160.223H357.75C357.689 159.987 357.554 159.778 357.345 159.596C357.138 159.411 356.859 159.319 356.509 159.319C356.198 159.319 355.926 159.4 355.692 159.562C355.461 159.722 355.28 159.948 355.149 160.24C355.021 160.53 354.957 160.871 354.957 161.262C354.957 161.662 355.02 162.011 355.146 162.308C355.274 162.605 355.454 162.835 355.685 163C355.919 163.164 356.194 163.246 356.509 163.246C356.716 163.246 356.903 163.21 357.072 163.138C357.241 163.066 357.384 162.962 357.5 162.827C357.617 162.693 357.701 162.531 357.75 162.342H358.546C358.501 162.648 358.39 162.923 358.212 163.168C358.037 163.411 357.804 163.605 357.514 163.748C357.226 163.89 356.891 163.961 356.509 163.961ZM359.71 163.853V158.671H360.479V159.454H360.533C360.628 159.197 360.799 158.989 361.046 158.83C361.294 158.67 361.572 158.59 361.883 158.59C361.941 158.59 362.014 158.591 362.102 158.594C362.19 158.596 362.256 158.599 362.301 158.604V159.413C362.274 159.407 362.212 159.397 362.116 159.383C362.021 159.367 361.921 159.359 361.815 159.359C361.563 159.359 361.338 159.412 361.141 159.518C360.945 159.621 360.79 159.765 360.675 159.95C360.563 160.132 360.506 160.34 360.506 160.574V163.853H359.71ZM363.245 163.853V158.671H364.041V163.853H363.245ZM363.65 157.808C363.494 157.808 363.361 157.755 363.248 157.649C363.138 157.543 363.083 157.416 363.083 157.268C363.083 157.119 363.138 156.992 363.248 156.887C363.361 156.781 363.494 156.728 363.65 156.728C363.805 156.728 363.938 156.781 364.048 156.887C364.16 156.992 364.216 157.119 364.216 157.268C364.216 157.416 364.16 157.543 364.048 157.649C363.938 157.755 363.805 157.808 363.65 157.808ZM365.499 165.796V158.671H366.268V159.494H366.363C366.421 159.404 366.502 159.29 366.606 159.15C366.711 159.009 366.862 158.883 367.058 158.772C367.256 158.66 367.523 158.604 367.861 158.604C368.297 158.604 368.682 158.713 369.015 158.931C369.347 159.149 369.607 159.458 369.794 159.859C369.98 160.259 370.074 160.731 370.074 161.276C370.074 161.824 369.98 162.3 369.794 162.703C369.607 163.103 369.348 163.413 369.018 163.634C368.687 163.852 368.306 163.961 367.874 163.961C367.541 163.961 367.275 163.906 367.075 163.796C366.875 163.683 366.72 163.556 366.613 163.414C366.505 163.271 366.421 163.151 366.363 163.057H366.295V165.796H365.499ZM366.282 161.262C366.282 161.653 366.339 161.999 366.454 162.298C366.569 162.595 366.736 162.827 366.957 162.996C367.177 163.163 367.447 163.246 367.766 163.246C368.099 163.246 368.377 163.158 368.6 162.983C368.824 162.805 368.993 162.567 369.106 162.267C369.22 161.966 369.278 161.631 369.278 161.262C369.278 160.898 369.221 160.569 369.109 160.277C368.999 159.982 368.831 159.75 368.606 159.579C368.384 159.406 368.104 159.319 367.766 159.319C367.442 159.319 367.17 159.401 366.95 159.565C366.729 159.727 366.563 159.954 366.451 160.247C366.338 160.537 366.282 160.875 366.282 161.262ZM373.542 158.671V159.346H370.856V158.671H373.542ZM371.639 157.43H372.435V162.369C372.435 162.594 372.468 162.762 372.533 162.875C372.601 162.985 372.686 163.059 372.79 163.097C372.895 163.133 373.007 163.151 373.124 163.151C373.211 163.151 373.283 163.147 373.339 163.138C373.396 163.127 373.441 163.118 373.474 163.111L373.636 163.826C373.582 163.846 373.507 163.867 373.41 163.887C373.314 163.909 373.191 163.92 373.043 163.92C372.818 163.92 372.597 163.872 372.381 163.775C372.168 163.679 371.99 163.531 371.848 163.333C371.709 163.136 371.639 162.886 371.639 162.585V157.43Z" fill="#D9D9D9"/>
<path d="M608.403 478.854H609.24V483.793C609.24 484.233 609.159 484.608 608.997 484.916C608.835 485.224 608.607 485.458 608.312 485.618C608.017 485.777 607.67 485.857 607.27 485.857C606.892 485.857 606.556 485.789 606.261 485.651C605.966 485.512 605.735 485.314 605.566 485.058C605.397 484.801 605.313 484.496 605.313 484.143H606.136C606.136 484.339 606.185 484.51 606.281 484.656C606.38 484.8 606.515 484.913 606.686 484.994C606.857 485.074 607.052 485.115 607.27 485.115C607.51 485.115 607.715 485.064 607.884 484.963C608.052 484.862 608.181 484.714 608.268 484.518C608.358 484.32 608.403 484.078 608.403 483.793V478.854ZM612.333 485.884C612.005 485.884 611.707 485.822 611.439 485.699C611.172 485.573 610.959 485.392 610.802 485.155C610.644 484.917 610.566 484.629 610.566 484.292C610.566 483.995 610.624 483.754 610.741 483.57C610.858 483.383 611.014 483.237 611.21 483.131C611.406 483.026 611.622 482.947 611.858 482.895C612.096 482.841 612.336 482.798 612.576 482.767C612.891 482.726 613.146 482.696 613.342 482.676C613.54 482.653 613.684 482.616 613.774 482.565C613.866 482.513 613.912 482.423 613.912 482.295V482.268C613.912 481.935 613.821 481.676 613.639 481.492C613.459 481.307 613.186 481.215 612.819 481.215C612.439 481.215 612.141 481.298 611.925 481.465C611.709 481.631 611.557 481.809 611.47 481.998L610.714 481.728C610.849 481.413 611.029 481.168 611.254 480.992C611.481 480.815 611.728 480.691 611.996 480.621C612.266 480.549 612.531 480.513 612.792 480.513C612.959 480.513 613.15 480.534 613.366 480.574C613.584 480.612 613.794 480.692 613.997 480.814C614.201 480.935 614.371 481.118 614.506 481.364C614.641 481.609 614.708 481.937 614.708 482.349V485.763H613.912V485.061H613.872C613.818 485.173 613.728 485.294 613.602 485.422C613.476 485.55 613.308 485.659 613.099 485.749C612.89 485.839 612.635 485.884 612.333 485.884ZM612.455 485.169C612.77 485.169 613.035 485.107 613.251 484.983C613.469 484.86 613.633 484.7 613.744 484.504C613.856 484.309 613.912 484.103 613.912 483.887V483.158C613.879 483.199 613.804 483.236 613.69 483.27C613.577 483.301 613.447 483.329 613.298 483.354C613.152 483.376 613.009 483.397 612.87 483.415C612.733 483.43 612.621 483.444 612.536 483.455C612.329 483.482 612.135 483.526 611.956 483.587C611.778 483.645 611.634 483.734 611.524 483.853C611.416 483.97 611.362 484.13 611.362 484.332C611.362 484.609 611.464 484.818 611.669 484.96C611.876 485.099 612.138 485.169 612.455 485.169ZM620.213 480.581L618.297 485.763H617.487L615.571 480.581H616.435L617.865 484.71H617.919L619.35 480.581H620.213ZM622.631 485.884C622.303 485.884 622.005 485.822 621.737 485.699C621.47 485.573 621.257 485.392 621.1 485.155C620.942 484.917 620.864 484.629 620.864 484.292C620.864 483.995 620.922 483.754 621.039 483.57C621.156 483.383 621.312 483.237 621.508 483.131C621.704 483.026 621.919 482.947 622.156 482.895C622.394 482.841 622.634 482.798 622.874 482.767C623.189 482.726 623.444 482.696 623.64 482.676C623.838 482.653 623.982 482.616 624.072 482.565C624.164 482.513 624.21 482.423 624.21 482.295V482.268C624.21 481.935 624.119 481.676 623.937 481.492C623.757 481.307 623.484 481.215 623.117 481.215C622.737 481.215 622.439 481.298 622.223 481.465C622.007 481.631 621.855 481.809 621.768 481.998L621.012 481.728C621.147 481.413 621.327 481.168 621.552 480.992C621.779 480.815 622.026 480.691 622.294 480.621C622.564 480.549 622.829 480.513 623.09 480.513C623.257 480.513 623.448 480.534 623.664 480.574C623.882 480.612 624.092 480.692 624.294 480.814C624.499 480.935 624.669 481.118 624.804 481.364C624.939 481.609 625.006 481.937 625.006 482.349V485.763H624.21V485.061H624.17C624.116 485.173 624.026 485.294 623.9 485.422C623.774 485.55 623.606 485.659 623.397 485.749C623.188 485.839 622.933 485.884 622.631 485.884ZM622.753 485.169C623.068 485.169 623.333 485.107 623.549 484.983C623.767 484.86 623.931 484.7 624.041 484.504C624.154 484.309 624.21 484.103 624.21 483.887V483.158C624.176 483.199 624.102 483.236 623.987 483.27C623.875 483.301 623.745 483.329 623.596 483.354C623.45 483.376 623.307 483.397 623.168 483.415C623.03 483.43 622.919 483.444 622.834 483.455C622.627 483.482 622.433 483.526 622.253 483.587C622.076 483.645 621.932 483.734 621.822 483.853C621.714 483.97 621.66 484.13 621.66 484.332C621.66 484.609 621.762 484.818 621.967 484.96C622.174 485.099 622.436 485.169 622.753 485.169ZM630.13 481.741L629.415 481.944C629.37 481.825 629.303 481.709 629.216 481.596C629.13 481.482 629.013 481.387 628.865 481.313C628.716 481.239 628.526 481.202 628.295 481.202C627.978 481.202 627.713 481.275 627.502 481.421C627.293 481.565 627.188 481.748 627.188 481.971C627.188 482.169 627.26 482.325 627.404 482.44C627.548 482.554 627.773 482.65 628.079 482.726L628.848 482.915C629.311 483.028 629.656 483.2 629.884 483.432C630.111 483.661 630.224 483.957 630.224 484.319C630.224 484.616 630.139 484.881 629.968 485.115C629.799 485.349 629.563 485.533 629.26 485.668C628.956 485.803 628.603 485.871 628.2 485.871C627.672 485.871 627.234 485.756 626.888 485.527C626.542 485.297 626.322 484.962 626.23 484.521L626.986 484.332C627.058 484.611 627.194 484.82 627.394 484.96C627.596 485.099 627.861 485.169 628.187 485.169C628.558 485.169 628.852 485.09 629.071 484.933C629.291 484.773 629.401 484.582 629.401 484.359C629.401 484.179 629.338 484.029 629.212 483.907C629.086 483.784 628.893 483.691 628.632 483.631L627.768 483.428C627.294 483.316 626.945 483.141 626.723 482.905C626.502 482.667 626.392 482.369 626.392 482.011C626.392 481.719 626.474 481.46 626.638 481.235C626.805 481.01 627.031 480.834 627.316 480.706C627.604 480.578 627.93 480.513 628.295 480.513C628.807 480.513 629.21 480.626 629.502 480.851C629.797 481.076 630.006 481.373 630.13 481.741ZM633.528 485.871C633.042 485.871 632.624 485.756 632.273 485.527C631.922 485.297 631.652 484.981 631.463 484.579C631.274 484.176 631.18 483.716 631.18 483.199C631.18 482.672 631.277 482.208 631.47 481.805C631.666 481.401 631.938 481.085 632.286 480.858C632.637 480.628 633.047 480.513 633.514 480.513C633.879 480.513 634.207 480.581 634.5 480.716C634.792 480.851 635.031 481.04 635.218 481.283C635.405 481.525 635.521 481.809 635.566 482.133H634.769C634.709 481.897 634.574 481.687 634.365 481.505C634.158 481.321 633.879 481.229 633.528 481.229C633.218 481.229 632.945 481.31 632.712 481.472C632.48 481.631 632.299 481.857 632.168 482.15C632.04 482.44 631.976 482.78 631.976 483.172C631.976 483.572 632.039 483.921 632.165 484.218C632.293 484.514 632.473 484.745 632.705 484.909C632.939 485.073 633.213 485.155 633.528 485.155C633.735 485.155 633.923 485.119 634.091 485.047C634.26 484.976 634.403 484.872 634.52 484.737C634.637 484.602 634.72 484.44 634.769 484.251H635.566C635.521 484.557 635.409 484.833 635.232 485.078C635.056 485.321 634.823 485.514 634.533 485.658C634.245 485.8 633.91 485.871 633.528 485.871ZM636.729 485.763V480.581H637.499V481.364H637.553C637.647 481.107 637.818 480.899 638.065 480.739C638.313 480.58 638.592 480.5 638.902 480.5C638.961 480.5 639.034 480.501 639.121 480.503C639.209 480.506 639.275 480.509 639.32 480.513V481.323C639.293 481.316 639.232 481.306 639.135 481.293C639.04 481.277 638.94 481.269 638.835 481.269C638.583 481.269 638.358 481.322 638.16 481.428C637.964 481.531 637.809 481.675 637.694 481.859C637.582 482.042 637.526 482.25 637.526 482.484V485.763H636.729ZM640.264 485.763V480.581H641.06V485.763H640.264ZM640.669 479.717C640.514 479.717 640.38 479.664 640.267 479.559C640.157 479.453 640.102 479.326 640.102 479.177C640.102 479.029 640.157 478.902 640.267 478.796C640.38 478.691 640.514 478.638 640.669 478.638C640.824 478.638 640.957 478.691 641.067 478.796C641.179 478.902 641.236 479.029 641.236 479.177C641.236 479.326 641.179 479.453 641.067 479.559C640.957 479.664 640.824 479.717 640.669 479.717ZM642.519 487.706V480.581H643.288V481.404H643.382C643.441 481.314 643.522 481.199 643.625 481.06C643.731 480.918 643.881 480.792 644.077 480.682C644.275 480.57 644.543 480.513 644.88 480.513C645.316 480.513 645.701 480.622 646.034 480.841C646.367 481.059 646.626 481.368 646.813 481.768C647 482.169 647.093 482.641 647.093 483.185C647.093 483.734 647 484.21 646.813 484.612C646.626 485.013 646.368 485.323 646.037 485.543C645.707 485.762 645.325 485.871 644.894 485.871C644.561 485.871 644.294 485.816 644.094 485.705C643.894 485.593 643.74 485.466 643.632 485.324C643.524 485.18 643.441 485.061 643.382 484.967H643.315V487.706H642.519ZM643.301 483.172C643.301 483.563 643.359 483.908 643.473 484.207C643.588 484.504 643.755 484.737 643.976 484.906C644.196 485.072 644.466 485.155 644.786 485.155C645.118 485.155 645.396 485.068 645.619 484.892C645.844 484.715 646.012 484.476 646.125 484.177C646.24 483.876 646.297 483.541 646.297 483.172C646.297 482.807 646.241 482.479 646.128 482.187C646.018 481.892 645.85 481.659 645.626 481.488C645.403 481.315 645.123 481.229 644.786 481.229C644.462 481.229 644.19 481.311 643.969 481.475C643.749 481.637 643.582 481.864 643.47 482.156C643.357 482.446 643.301 482.785 643.301 483.172ZM650.561 480.581V481.256H647.876V480.581H650.561ZM648.658 479.339H649.455V484.278C649.455 484.503 649.487 484.672 649.552 484.784C649.62 484.895 649.705 484.969 649.809 485.007C649.915 485.043 650.026 485.061 650.143 485.061C650.231 485.061 650.302 485.056 650.359 485.047C650.415 485.036 650.46 485.027 650.494 485.021L650.656 485.736C650.602 485.756 650.526 485.776 650.43 485.796C650.333 485.819 650.21 485.83 650.062 485.83C649.837 485.83 649.617 485.782 649.401 485.685C649.187 485.588 649.009 485.441 648.868 485.243C648.728 485.045 648.658 484.796 648.658 484.494V479.339Z" fill="#D9D9D9"/>
<path d="M437.461 156.944H438.298V161.883C438.298 162.324 438.217 162.698 438.055 163.006C437.893 163.314 437.665 163.548 437.37 163.708C437.076 163.868 436.728 163.947 436.328 163.947C435.95 163.947 435.614 163.879 435.319 163.742C435.024 163.602 434.793 163.404 434.624 163.148C434.455 162.892 434.371 162.587 434.371 162.234H435.194C435.194 162.429 435.243 162.6 435.339 162.746C435.438 162.89 435.573 163.003 435.744 163.084C435.915 163.165 436.11 163.205 436.328 163.205C436.568 163.205 436.773 163.155 436.942 163.053C437.11 162.952 437.239 162.804 437.326 162.608C437.416 162.41 437.461 162.168 437.461 161.883V156.944ZM441.391 163.974C441.063 163.974 440.765 163.913 440.497 163.789C440.23 163.663 440.017 163.482 439.86 163.246C439.702 163.007 439.624 162.72 439.624 162.382C439.624 162.085 439.682 161.845 439.799 161.66C439.916 161.474 440.072 161.327 440.268 161.222C440.464 161.116 440.68 161.037 440.916 160.985C441.154 160.932 441.394 160.889 441.634 160.857C441.949 160.817 442.204 160.786 442.4 160.766C442.598 160.744 442.742 160.707 442.832 160.655C442.924 160.603 442.97 160.513 442.97 160.385V160.358C442.97 160.025 442.879 159.766 442.697 159.582C442.517 159.398 442.244 159.305 441.877 159.305C441.497 159.305 441.199 159.389 440.983 159.555C440.767 159.722 440.616 159.899 440.528 160.088L439.772 159.818C439.907 159.503 440.087 159.258 440.312 159.083C440.539 158.905 440.786 158.781 441.054 158.712C441.324 158.64 441.589 158.604 441.85 158.604C442.017 158.604 442.208 158.624 442.424 158.664C442.642 158.703 442.852 158.783 443.055 158.904C443.259 159.025 443.429 159.209 443.564 159.454C443.699 159.699 443.766 160.027 443.766 160.439V163.853H442.97V163.151H442.93C442.876 163.264 442.786 163.384 442.66 163.512C442.534 163.64 442.366 163.75 442.157 163.84C441.948 163.929 441.693 163.974 441.391 163.974ZM441.513 163.259C441.828 163.259 442.093 163.197 442.309 163.074C442.527 162.95 442.691 162.79 442.802 162.595C442.914 162.399 442.97 162.193 442.97 161.977V161.249C442.937 161.289 442.862 161.326 442.748 161.36C442.635 161.391 442.505 161.42 442.356 161.444C442.21 161.467 442.067 161.487 441.928 161.505C441.791 161.521 441.679 161.534 441.594 161.545C441.387 161.572 441.194 161.616 441.014 161.677C440.836 161.736 440.692 161.824 440.582 161.944C440.474 162.061 440.42 162.22 440.42 162.423C440.42 162.699 440.522 162.908 440.727 163.05C440.934 163.19 441.196 163.259 441.513 163.259ZM449.271 158.671L447.355 163.853H446.545L444.629 158.671H445.493L446.923 162.8H446.977L448.408 158.671H449.271ZM451.689 163.974C451.361 163.974 451.063 163.913 450.795 163.789C450.528 163.663 450.315 163.482 450.158 163.246C450 163.007 449.922 162.72 449.922 162.382C449.922 162.085 449.98 161.845 450.097 161.66C450.214 161.474 450.37 161.327 450.566 161.222C450.762 161.116 450.977 161.037 451.214 160.985C451.452 160.932 451.692 160.889 451.932 160.857C452.247 160.817 452.502 160.786 452.698 160.766C452.896 160.744 453.04 160.707 453.13 160.655C453.222 160.603 453.268 160.513 453.268 160.385V160.358C453.268 160.025 453.177 159.766 452.995 159.582C452.815 159.398 452.542 159.305 452.175 159.305C451.795 159.305 451.497 159.389 451.281 159.555C451.065 159.722 450.913 159.899 450.826 160.088L450.07 159.818C450.205 159.503 450.385 159.258 450.61 159.083C450.837 158.905 451.084 158.781 451.352 158.712C451.622 158.64 451.887 158.604 452.148 158.604C452.315 158.604 452.506 158.624 452.722 158.664C452.94 158.703 453.15 158.783 453.352 158.904C453.557 159.025 453.727 159.209 453.862 159.454C453.997 159.699 454.064 160.027 454.064 160.439V163.853H453.268V163.151H453.228C453.174 163.264 453.084 163.384 452.958 163.512C452.832 163.64 452.664 163.75 452.455 163.84C452.246 163.929 451.991 163.974 451.689 163.974ZM451.811 163.259C452.126 163.259 452.391 163.197 452.607 163.074C452.825 162.95 452.989 162.79 453.099 162.595C453.212 162.399 453.268 162.193 453.268 161.977V161.249C453.234 161.289 453.16 161.326 453.045 161.36C452.933 161.391 452.803 161.42 452.654 161.444C452.508 161.467 452.365 161.487 452.226 161.505C452.089 161.521 451.977 161.534 451.892 161.545C451.685 161.572 451.491 161.616 451.311 161.677C451.134 161.736 450.99 161.824 450.88 161.944C450.772 162.061 450.718 162.22 450.718 162.423C450.718 162.699 450.82 162.908 451.025 163.05C451.232 163.19 451.494 163.259 451.811 163.259ZM459.188 159.832L458.473 160.034C458.428 159.915 458.361 159.799 458.274 159.687C458.188 159.572 458.071 159.477 457.923 159.403C457.774 159.329 457.584 159.292 457.353 159.292C457.036 159.292 456.771 159.365 456.56 159.511C456.351 159.655 456.246 159.838 456.246 160.061C456.246 160.259 456.318 160.415 456.462 160.53C456.606 160.645 456.831 160.74 457.137 160.817L457.906 161.006C458.369 161.118 458.715 161.29 458.942 161.522C459.169 161.751 459.282 162.047 459.282 162.409C459.282 162.706 459.197 162.971 459.026 163.205C458.857 163.439 458.621 163.624 458.318 163.759C458.014 163.894 457.661 163.961 457.258 163.961C456.73 163.961 456.292 163.846 455.946 163.617C455.6 163.387 455.38 163.052 455.288 162.612L456.044 162.423C456.116 162.702 456.252 162.911 456.452 163.05C456.654 163.19 456.919 163.259 457.245 163.259C457.616 163.259 457.91 163.181 458.129 163.023C458.349 162.863 458.459 162.672 458.459 162.45C458.459 162.27 458.396 162.119 458.27 161.998C458.144 161.874 457.951 161.782 457.69 161.721L456.826 161.519C456.352 161.406 456.003 161.232 455.781 160.996C455.56 160.757 455.45 160.459 455.45 160.102C455.45 159.809 455.532 159.551 455.696 159.326C455.863 159.101 456.089 158.924 456.374 158.796C456.662 158.668 456.988 158.604 457.353 158.604C457.865 158.604 458.268 158.716 458.56 158.941C458.855 159.166 459.064 159.463 459.188 159.832ZM462.586 163.961C462.1 163.961 461.682 163.846 461.331 163.617C460.98 163.387 460.71 163.071 460.521 162.669C460.332 162.266 460.238 161.806 460.238 161.289C460.238 160.763 460.335 160.298 460.528 159.896C460.724 159.491 460.996 159.175 461.344 158.948C461.695 158.718 462.105 158.604 462.572 158.604C462.937 158.604 463.265 158.671 463.558 158.806C463.85 158.941 464.089 159.13 464.276 159.373C464.463 159.616 464.579 159.899 464.624 160.223H463.827C463.767 159.987 463.632 159.778 463.423 159.596C463.216 159.411 462.937 159.319 462.586 159.319C462.276 159.319 462.003 159.4 461.77 159.562C461.538 159.722 461.357 159.948 461.226 160.24C461.098 160.53 461.034 160.871 461.034 161.262C461.034 161.662 461.097 162.011 461.223 162.308C461.351 162.605 461.531 162.835 461.763 163C461.997 163.164 462.271 163.246 462.586 163.246C462.793 163.246 462.981 163.21 463.149 163.138C463.318 163.066 463.461 162.962 463.578 162.827C463.695 162.693 463.778 162.531 463.827 162.342H464.624C464.579 162.648 464.467 162.923 464.29 163.168C464.114 163.411 463.881 163.605 463.591 163.748C463.303 163.89 462.968 163.961 462.586 163.961ZM465.788 163.853V158.671H466.557V159.454H466.611C466.705 159.197 466.876 158.989 467.123 158.83C467.371 158.67 467.65 158.59 467.96 158.59C468.019 158.59 468.092 158.591 468.179 158.594C468.267 158.596 468.333 158.599 468.378 158.604V159.413C468.351 159.407 468.29 159.397 468.193 159.383C468.098 159.367 467.998 159.359 467.893 159.359C467.641 159.359 467.416 159.412 467.218 159.518C467.022 159.621 466.867 159.765 466.752 159.95C466.64 160.132 466.584 160.34 466.584 160.574V163.853H465.788ZM469.322 163.853V158.671H470.118V163.853H469.322ZM469.727 157.808C469.572 157.808 469.438 157.755 469.326 157.649C469.215 157.543 469.16 157.416 469.16 157.268C469.16 157.119 469.215 156.992 469.326 156.887C469.438 156.781 469.572 156.728 469.727 156.728C469.882 156.728 470.015 156.781 470.125 156.887C470.238 156.992 470.294 157.119 470.294 157.268C470.294 157.416 470.238 157.543 470.125 157.649C470.015 157.755 469.882 157.808 469.727 157.808ZM471.577 165.796V158.671H472.346V159.494H472.44C472.499 159.404 472.58 159.29 472.683 159.15C472.789 159.009 472.939 158.883 473.135 158.772C473.333 158.66 473.601 158.604 473.938 158.604C474.374 158.604 474.759 158.713 475.092 158.931C475.425 159.149 475.684 159.458 475.871 159.859C476.058 160.259 476.151 160.731 476.151 161.276C476.151 161.824 476.058 162.3 475.871 162.703C475.684 163.103 475.426 163.413 475.095 163.634C474.765 163.852 474.383 163.961 473.952 163.961C473.619 163.961 473.352 163.906 473.152 163.796C472.952 163.683 472.798 163.556 472.69 163.414C472.582 163.271 472.499 163.151 472.44 163.057H472.373V165.796H471.577ZM472.359 161.262C472.359 161.653 472.417 161.999 472.531 162.298C472.646 162.595 472.814 162.827 473.034 162.996C473.254 163.163 473.524 163.246 473.844 163.246C474.176 163.246 474.454 163.158 474.677 162.983C474.902 162.805 475.07 162.567 475.183 162.267C475.298 161.966 475.355 161.631 475.355 161.262C475.355 160.898 475.299 160.569 475.186 160.277C475.076 159.982 474.909 159.75 474.684 159.579C474.461 159.406 474.181 159.319 473.844 159.319C473.52 159.319 473.248 159.401 473.027 159.565C472.807 159.727 472.64 159.954 472.528 160.247C472.415 160.537 472.359 160.875 472.359 161.262ZM479.619 158.671V159.346H476.934V158.671H479.619ZM477.716 157.43H478.513V162.369C478.513 162.594 478.545 162.762 478.61 162.875C478.678 162.985 478.763 163.059 478.867 163.097C478.973 163.133 479.084 163.151 479.201 163.151C479.289 163.151 479.361 163.147 479.417 163.138C479.473 163.127 479.518 163.118 479.552 163.111L479.714 163.826C479.66 163.846 479.584 163.867 479.488 163.887C479.391 163.909 479.268 163.92 479.12 163.92C478.895 163.92 478.675 163.872 478.459 163.775C478.245 163.679 478.067 163.531 477.926 163.333C477.786 163.136 477.716 162.886 477.716 162.585V157.43Z" fill="#D9D9D9"/>
<path d="M719.451 478.854H720.288V483.793C720.288 484.233 720.207 484.608 720.045 484.916C719.883 485.224 719.655 485.458 719.36 485.618C719.065 485.777 718.718 485.857 718.318 485.857C717.94 485.857 717.604 485.789 717.309 485.651C717.014 485.512 716.783 485.314 716.614 485.058C716.445 484.801 716.361 484.496 716.361 484.143H717.184C717.184 484.339 717.232 484.51 717.329 484.656C717.428 484.8 717.563 484.913 717.734 484.994C717.905 485.074 718.099 485.115 718.318 485.115C718.558 485.115 718.763 485.064 718.932 484.963C719.1 484.862 719.229 484.714 719.316 484.518C719.406 484.32 719.451 484.078 719.451 483.793V478.854ZM723.381 485.884C723.053 485.884 722.755 485.822 722.487 485.699C722.22 485.573 722.007 485.392 721.85 485.155C721.692 484.917 721.614 484.629 721.614 484.292C721.614 483.995 721.672 483.754 721.789 483.57C721.906 483.383 722.062 483.237 722.258 483.131C722.454 483.026 722.67 482.947 722.906 482.895C723.144 482.841 723.384 482.798 723.624 482.767C723.939 482.726 724.194 482.696 724.39 482.676C724.588 482.653 724.732 482.616 724.822 482.565C724.914 482.513 724.96 482.423 724.96 482.295V482.268C724.96 481.935 724.869 481.676 724.687 481.492C724.507 481.307 724.234 481.215 723.867 481.215C723.487 481.215 723.189 481.298 722.973 481.465C722.757 481.631 722.605 481.809 722.518 481.998L721.762 481.728C721.897 481.413 722.077 481.168 722.302 480.992C722.529 480.815 722.776 480.691 723.044 480.621C723.314 480.549 723.579 480.513 723.84 480.513C724.007 480.513 724.198 480.534 724.414 480.574C724.632 480.612 724.842 480.692 725.045 480.814C725.249 480.935 725.419 481.118 725.554 481.364C725.689 481.609 725.756 481.937 725.756 482.349V485.763H724.96V485.061H724.92C724.866 485.173 724.776 485.294 724.65 485.422C724.524 485.55 724.356 485.659 724.147 485.749C723.938 485.839 723.683 485.884 723.381 485.884ZM723.503 485.169C723.818 485.169 724.083 485.107 724.299 484.983C724.517 484.86 724.681 484.7 724.792 484.504C724.904 484.309 724.96 484.103 724.96 483.887V483.158C724.926 483.199 724.852 483.236 724.738 483.27C724.625 483.301 724.495 483.329 724.346 483.354C724.2 483.376 724.057 483.397 723.918 483.415C723.781 483.43 723.669 483.444 723.584 483.455C723.377 483.482 723.183 483.526 723.004 483.587C722.826 483.645 722.682 483.734 722.572 483.853C722.464 483.97 722.41 484.13 722.41 484.332C722.41 484.609 722.512 484.818 722.717 484.96C722.924 485.099 723.186 485.169 723.503 485.169ZM731.261 480.581L729.345 485.763H728.535L726.619 480.581H727.483L728.913 484.71H728.967L730.398 480.581H731.261ZM733.679 485.884C733.351 485.884 733.053 485.822 732.785 485.699C732.518 485.573 732.305 485.392 732.148 485.155C731.99 484.917 731.911 484.629 731.911 484.292C731.911 483.995 731.97 483.754 732.087 483.57C732.204 483.383 732.36 483.237 732.556 483.131C732.752 483.026 732.967 482.947 733.204 482.895C733.442 482.841 733.681 482.798 733.922 482.767C734.237 482.726 734.492 482.696 734.688 482.676C734.886 482.653 735.03 482.616 735.12 482.565C735.212 482.513 735.258 482.423 735.258 482.295V482.268C735.258 481.935 735.167 481.676 734.985 481.492C734.805 481.307 734.532 481.215 734.165 481.215C733.785 481.215 733.487 481.298 733.271 481.465C733.055 481.631 732.903 481.809 732.816 481.998L732.06 481.728C732.195 481.413 732.375 481.168 732.6 480.992C732.827 480.815 733.074 480.691 733.342 480.621C733.612 480.549 733.877 480.513 734.138 480.513C734.304 480.513 734.496 480.534 734.712 480.574C734.93 480.612 735.14 480.692 735.342 480.814C735.547 480.935 735.717 481.118 735.852 481.364C735.987 481.609 736.054 481.937 736.054 482.349V485.763H735.258V485.061H735.218C735.164 485.173 735.074 485.294 734.948 485.422C734.822 485.55 734.654 485.659 734.445 485.749C734.236 485.839 733.981 485.884 733.679 485.884ZM733.801 485.169C734.116 485.169 734.381 485.107 734.597 484.983C734.815 484.86 734.979 484.7 735.089 484.504C735.202 484.309 735.258 484.103 735.258 483.887V483.158C735.224 483.199 735.15 483.236 735.035 483.27C734.923 483.301 734.793 483.329 734.644 483.354C734.498 483.376 734.355 483.397 734.216 483.415C734.078 483.43 733.967 483.444 733.882 483.455C733.675 483.482 733.481 483.526 733.301 483.587C733.124 483.645 732.98 483.734 732.87 483.853C732.762 483.97 732.708 484.13 732.708 484.332C732.708 484.609 732.81 484.818 733.015 484.96C733.222 485.099 733.484 485.169 733.801 485.169ZM741.178 481.741L740.463 481.944C740.418 481.825 740.351 481.709 740.264 481.596C740.178 481.482 740.061 481.387 739.913 481.313C739.764 481.239 739.574 481.202 739.343 481.202C739.026 481.202 738.761 481.275 738.55 481.421C738.341 481.565 738.236 481.748 738.236 481.971C738.236 482.169 738.308 482.325 738.452 482.44C738.596 482.554 738.821 482.65 739.127 482.726L739.896 482.915C740.359 483.028 740.704 483.2 740.932 483.432C741.159 483.661 741.272 483.957 741.272 484.319C741.272 484.616 741.187 484.881 741.016 485.115C740.847 485.349 740.611 485.533 740.307 485.668C740.004 485.803 739.651 485.871 739.248 485.871C738.72 485.871 738.282 485.756 737.936 485.527C737.59 485.297 737.37 484.962 737.278 484.521L738.034 484.332C738.106 484.611 738.242 484.82 738.442 484.96C738.644 485.099 738.909 485.169 739.235 485.169C739.606 485.169 739.9 485.09 740.119 484.933C740.339 484.773 740.449 484.582 740.449 484.359C740.449 484.179 740.386 484.029 740.26 483.907C740.134 483.784 739.941 483.691 739.68 483.631L738.816 483.428C738.342 483.316 737.993 483.141 737.771 482.905C737.55 482.667 737.44 482.369 737.44 482.011C737.44 481.719 737.522 481.46 737.686 481.235C737.853 481.01 738.079 480.834 738.364 480.706C738.652 480.578 738.978 480.513 739.343 480.513C739.855 480.513 740.258 480.626 740.55 480.851C740.845 481.076 741.054 481.373 741.178 481.741ZM744.576 485.871C744.09 485.871 743.672 485.756 743.321 485.527C742.97 485.297 742.7 484.981 742.511 484.579C742.322 484.176 742.228 483.716 742.228 483.199C742.228 482.672 742.325 482.208 742.518 481.805C742.714 481.401 742.986 481.085 743.334 480.858C743.685 480.628 744.095 480.513 744.562 480.513C744.927 480.513 745.255 480.581 745.547 480.716C745.84 480.851 746.079 481.04 746.266 481.283C746.453 481.525 746.569 481.809 746.614 482.133H745.817C745.757 481.897 745.622 481.687 745.413 481.505C745.206 481.321 744.927 481.229 744.576 481.229C744.266 481.229 743.993 481.31 743.759 481.472C743.528 481.631 743.347 481.857 743.216 482.15C743.088 482.44 743.024 482.78 743.024 483.172C743.024 483.572 743.087 483.921 743.213 484.218C743.341 484.514 743.521 484.745 743.753 484.909C743.987 485.073 744.261 485.155 744.576 485.155C744.783 485.155 744.971 485.119 745.139 485.047C745.308 484.976 745.451 484.872 745.568 484.737C745.685 484.602 745.768 484.44 745.817 484.251H746.614C746.569 484.557 746.457 484.833 746.28 485.078C746.104 485.321 745.871 485.514 745.581 485.658C745.293 485.8 744.958 485.871 744.576 485.871ZM747.777 485.763V480.581H748.547V481.364H748.601C748.695 481.107 748.866 480.899 749.113 480.739C749.361 480.58 749.64 480.5 749.95 480.5C750.008 480.5 750.082 480.501 750.169 480.503C750.257 480.506 750.323 480.509 750.368 480.513V481.323C750.341 481.316 750.28 481.306 750.183 481.293C750.088 481.277 749.988 481.269 749.883 481.269C749.631 481.269 749.406 481.322 749.208 481.428C749.012 481.531 748.857 481.675 748.742 481.859C748.63 482.042 748.574 482.25 748.574 482.484V485.763H747.777ZM751.312 485.763V480.581H752.108V485.763H751.312ZM751.717 479.717C751.562 479.717 751.428 479.664 751.315 479.559C751.205 479.453 751.15 479.326 751.15 479.177C751.15 479.029 751.205 478.902 751.315 478.796C751.428 478.691 751.562 478.638 751.717 478.638C751.872 478.638 752.005 478.691 752.115 478.796C752.227 478.902 752.284 479.029 752.284 479.177C752.284 479.326 752.227 479.453 752.115 479.559C752.005 479.664 751.872 479.717 751.717 479.717ZM753.566 487.706V480.581H754.336V481.404H754.43C754.489 481.314 754.57 481.199 754.673 481.06C754.779 480.918 754.929 480.792 755.125 480.682C755.323 480.57 755.591 480.513 755.928 480.513C756.364 480.513 756.749 480.622 757.082 480.841C757.415 481.059 757.674 481.368 757.861 481.768C758.048 482.169 758.141 482.641 758.141 483.185C758.141 483.734 758.048 484.21 757.861 484.612C757.674 485.013 757.416 485.323 757.085 485.543C756.755 485.762 756.373 485.871 755.941 485.871C755.609 485.871 755.342 485.816 755.142 485.705C754.942 485.593 754.788 485.466 754.68 485.324C754.572 485.18 754.489 485.061 754.43 484.967H754.363V487.706H753.566ZM754.349 483.172C754.349 483.563 754.407 483.908 754.521 484.207C754.636 484.504 754.803 484.737 755.024 484.906C755.244 485.072 755.514 485.155 755.834 485.155C756.166 485.155 756.444 485.068 756.667 484.892C756.892 484.715 757.06 484.476 757.173 484.177C757.288 483.876 757.345 483.541 757.345 483.172C757.345 482.807 757.289 482.479 757.176 482.187C757.066 481.892 756.898 481.659 756.674 481.488C756.451 481.315 756.171 481.229 755.834 481.229C755.51 481.229 755.238 481.311 755.017 481.475C754.797 481.637 754.63 481.864 754.518 482.156C754.405 482.446 754.349 482.785 754.349 483.172ZM761.609 480.581V481.256H758.924V480.581H761.609ZM759.706 479.339H760.503V484.278C760.503 484.503 760.535 484.672 760.6 484.784C760.668 484.895 760.753 484.969 760.857 485.007C760.963 485.043 761.074 485.061 761.191 485.061C761.278 485.061 761.35 485.056 761.407 485.047C761.463 485.036 761.508 485.027 761.542 485.021L761.704 485.736C761.65 485.756 761.574 485.776 761.478 485.796C761.381 485.819 761.258 485.83 761.11 485.83C760.885 485.83 760.665 485.782 760.449 485.685C760.235 485.588 760.057 485.441 759.916 485.243C759.776 485.045 759.706 484.796 759.706 484.494V479.339Z" fill="#D9D9D9"/>
<path d="M333.462 173.603C333.388 173.376 333.29 173.172 333.169 172.992C333.049 172.81 332.907 172.655 332.74 172.527C332.576 172.399 332.389 172.301 332.18 172.233C331.971 172.166 331.742 172.132 331.492 172.132C331.083 172.132 330.71 172.238 330.375 172.449C330.04 172.661 329.774 172.972 329.576 173.384C329.378 173.795 329.279 174.3 329.279 174.898C329.279 175.497 329.379 176.002 329.579 176.413C329.779 176.825 330.05 177.136 330.392 177.348C330.734 177.559 331.119 177.665 331.546 177.665C331.942 177.665 332.29 177.58 332.592 177.412C332.895 177.241 333.131 177 333.3 176.69C333.471 176.377 333.556 176.01 333.556 175.587L333.813 175.641H331.735V174.898H334.366V175.641C334.366 176.21 334.245 176.704 334.002 177.125C333.761 177.546 333.428 177.872 333.003 178.103C332.58 178.333 332.095 178.447 331.546 178.447C330.934 178.447 330.397 178.304 329.933 178.016C329.472 177.728 329.112 177.318 328.854 176.788C328.597 176.257 328.469 175.627 328.469 174.898C328.469 174.352 328.542 173.861 328.688 173.424C328.837 172.986 329.046 172.612 329.316 172.304C329.586 171.996 329.905 171.76 330.274 171.596C330.643 171.432 331.049 171.349 331.492 171.349C331.856 171.349 332.196 171.405 332.511 171.515C332.828 171.623 333.11 171.777 333.357 171.977C333.607 172.175 333.815 172.412 333.982 172.689C334.148 172.963 334.263 173.268 334.326 173.603H333.462ZM336.016 178.353V173.171H336.812V178.353H336.016ZM336.421 172.308C336.265 172.308 336.132 172.255 336.019 172.149C335.909 172.043 335.854 171.916 335.854 171.768C335.854 171.619 335.909 171.492 336.019 171.387C336.132 171.281 336.265 171.228 336.421 171.228C336.576 171.228 336.709 171.281 336.819 171.387C336.931 171.492 336.987 171.619 336.987 171.768C336.987 171.916 336.931 172.043 336.819 172.149C336.709 172.255 336.576 172.308 336.421 172.308ZM340.524 173.171V173.846H337.838V173.171H340.524ZM338.621 171.93H339.417V176.869C339.417 177.094 339.45 177.262 339.515 177.375C339.583 177.485 339.668 177.559 339.771 177.597C339.877 177.633 339.989 177.651 340.105 177.651C340.193 177.651 340.265 177.647 340.321 177.638C340.378 177.627 340.423 177.618 340.456 177.611L340.618 178.326C340.564 178.346 340.489 178.367 340.392 178.387C340.296 178.409 340.173 178.42 340.024 178.42C339.8 178.42 339.579 178.372 339.363 178.275C339.15 178.179 338.972 178.031 338.83 177.833C338.691 177.636 338.621 177.386 338.621 177.085V171.93ZM342.629 175.236V178.353H341.833V171.444H342.629V173.981H342.696C342.818 173.713 343 173.501 343.243 173.343C343.488 173.184 343.814 173.104 344.221 173.104C344.574 173.104 344.884 173.175 345.149 173.316C345.414 173.456 345.62 173.67 345.766 173.961C345.915 174.249 345.989 174.615 345.989 175.06V178.353H345.193V175.114C345.193 174.703 345.086 174.385 344.872 174.16C344.661 173.933 344.367 173.819 343.992 173.819C343.731 173.819 343.497 173.874 343.29 173.984C343.085 174.094 342.924 174.255 342.804 174.467C342.687 174.678 342.629 174.934 342.629 175.236ZM350.711 176.234V173.171H351.507V178.353H350.711V177.476H350.657C350.536 177.739 350.347 177.963 350.09 178.147C349.834 178.329 349.51 178.42 349.119 178.42C348.795 178.42 348.507 178.35 348.255 178.208C348.003 178.064 347.805 177.848 347.661 177.56C347.517 177.27 347.446 176.905 347.446 176.464V173.171H348.242V176.41C348.242 176.788 348.347 177.089 348.559 177.314C348.772 177.539 349.045 177.651 349.375 177.651C349.573 177.651 349.774 177.601 349.979 177.5C350.186 177.398 350.359 177.243 350.499 177.034C350.64 176.825 350.711 176.558 350.711 176.234ZM353.073 178.353V171.444H353.87V173.994H353.937C353.996 173.904 354.077 173.79 354.18 173.65C354.286 173.509 354.436 173.383 354.632 173.272C354.83 173.16 355.098 173.104 355.435 173.104C355.871 173.104 356.256 173.213 356.589 173.431C356.922 173.649 357.181 173.958 357.368 174.359C357.555 174.759 357.648 175.231 357.648 175.776C357.648 176.324 357.555 176.8 357.368 177.203C357.181 177.603 356.923 177.913 356.592 178.134C356.262 178.352 355.88 178.461 355.448 178.461C355.116 178.461 354.849 178.406 354.649 178.296C354.449 178.183 354.295 178.056 354.187 177.914C354.079 177.771 353.996 177.651 353.937 177.557H353.843V178.353H353.073ZM353.856 175.762C353.856 176.153 353.914 176.499 354.028 176.798C354.143 177.095 354.31 177.327 354.531 177.496C354.751 177.663 355.021 177.746 355.341 177.746C355.673 177.746 355.951 177.658 356.174 177.483C356.399 177.305 356.567 177.067 356.68 176.767C356.795 176.466 356.852 176.131 356.852 175.762C356.852 175.398 356.796 175.069 356.683 174.777C356.573 174.482 356.405 174.25 356.181 174.079C355.958 173.906 355.678 173.819 355.341 173.819C355.017 173.819 354.745 173.901 354.524 174.065C354.304 174.227 354.137 174.454 354.025 174.747C353.912 175.037 353.856 175.375 353.856 175.762Z" fill="#D9D9D9"/>
<path d="M610.481 495.513C610.407 495.286 610.309 495.082 610.188 494.902C610.069 494.72 609.926 494.565 609.759 494.437C609.595 494.308 609.409 494.21 609.199 494.143C608.99 494.076 608.761 494.042 608.511 494.042C608.102 494.042 607.73 494.148 607.394 494.359C607.059 494.57 606.793 494.882 606.595 495.293C606.397 495.705 606.298 496.21 606.298 496.808C606.298 497.406 606.398 497.911 606.598 498.323C606.798 498.734 607.07 499.046 607.411 499.257C607.753 499.469 608.138 499.574 608.565 499.574C608.961 499.574 609.31 499.49 609.611 499.321C609.915 499.151 610.151 498.91 610.319 498.6C610.49 498.287 610.576 497.919 610.576 497.496L610.832 497.55H608.754V496.808H611.385V497.55C611.385 498.119 611.264 498.614 611.021 499.035C610.78 499.455 610.448 499.781 610.023 500.013C609.6 500.242 609.114 500.357 608.565 500.357C607.953 500.357 607.416 500.213 606.953 499.925C606.492 499.637 606.132 499.228 605.873 498.697C605.617 498.167 605.488 497.537 605.488 496.808C605.488 496.262 605.562 495.77 605.708 495.334C605.856 494.895 606.065 494.522 606.335 494.214C606.605 493.906 606.924 493.67 607.293 493.505C607.662 493.341 608.068 493.259 608.511 493.259C608.875 493.259 609.215 493.314 609.53 493.424C609.847 493.532 610.129 493.686 610.377 493.887C610.626 494.085 610.834 494.322 611.001 494.598C611.167 494.873 611.282 495.178 611.345 495.513H610.481ZM613.035 500.263V495.081H613.831V500.263H613.035ZM613.44 494.217C613.285 494.217 613.151 494.164 613.038 494.059C612.928 493.953 612.873 493.826 612.873 493.677C612.873 493.529 612.928 493.402 613.038 493.296C613.151 493.191 613.285 493.138 613.44 493.138C613.595 493.138 613.728 493.191 613.838 493.296C613.95 493.402 614.007 493.529 614.007 493.677C614.007 493.826 613.95 493.953 613.838 494.059C613.728 494.164 613.595 494.217 613.44 494.217ZM617.543 495.081V495.756H614.858V495.081H617.543ZM615.64 493.839H616.437V498.778C616.437 499.003 616.469 499.172 616.534 499.284C616.602 499.395 616.687 499.469 616.791 499.507C616.896 499.543 617.008 499.561 617.125 499.561C617.212 499.561 617.284 499.556 617.341 499.547C617.397 499.536 617.442 499.527 617.476 499.521L617.638 500.236C617.584 500.256 617.508 500.276 617.411 500.296C617.315 500.319 617.192 500.33 617.044 500.33C616.819 500.33 616.598 500.282 616.383 500.185C616.169 500.088 615.991 499.941 615.85 499.743C615.71 499.545 615.64 499.296 615.64 498.994V493.839ZM619.648 497.146V500.263H618.852V493.354H619.648V495.891H619.716C619.837 495.623 620.019 495.41 620.262 495.253C620.507 495.093 620.833 495.013 621.241 495.013C621.594 495.013 621.903 495.084 622.168 495.226C622.434 495.365 622.639 495.58 622.786 495.87C622.934 496.158 623.008 496.525 623.008 496.97V500.263H622.212V497.024C622.212 496.612 622.105 496.294 621.892 496.069C621.68 495.842 621.387 495.729 621.011 495.729C620.75 495.729 620.516 495.784 620.309 495.894C620.105 496.004 619.943 496.165 619.824 496.376C619.707 496.588 619.648 496.844 619.648 497.146ZM627.73 498.144V495.081H628.527V500.263H627.73V499.386H627.676C627.555 499.649 627.366 499.872 627.11 500.057C626.853 500.239 626.529 500.33 626.138 500.33C625.814 500.33 625.526 500.259 625.274 500.118C625.023 499.974 624.825 499.758 624.681 499.47C624.537 499.18 624.465 498.814 624.465 498.373V495.081H625.261V498.32C625.261 498.697 625.367 498.999 625.578 499.224C625.792 499.449 626.064 499.561 626.394 499.561C626.592 499.561 626.794 499.51 626.998 499.409C627.205 499.308 627.378 499.153 627.518 498.944C627.66 498.734 627.73 498.468 627.73 498.144ZM630.093 500.263V493.354H630.889V495.904H630.956C631.015 495.814 631.096 495.699 631.199 495.56C631.305 495.418 631.456 495.292 631.651 495.182C631.849 495.07 632.117 495.013 632.454 495.013C632.891 495.013 633.275 495.122 633.608 495.341C633.941 495.559 634.201 495.868 634.387 496.268C634.574 496.669 634.667 497.141 634.667 497.685C634.667 498.234 634.574 498.71 634.387 499.112C634.201 499.513 633.942 499.823 633.611 500.043C633.281 500.262 632.9 500.371 632.468 500.371C632.135 500.371 631.868 500.316 631.668 500.205C631.468 500.093 631.314 499.966 631.206 499.824C631.098 499.68 631.015 499.561 630.956 499.467H630.862V500.263H630.093ZM630.875 497.672C630.875 498.063 630.933 498.408 631.048 498.707C631.162 499.004 631.33 499.237 631.55 499.406C631.771 499.572 632.04 499.655 632.36 499.655C632.693 499.655 632.97 499.568 633.193 499.392C633.418 499.215 633.587 498.976 633.699 498.677C633.814 498.376 633.871 498.041 633.871 497.672C633.871 497.307 633.815 496.979 633.703 496.687C633.592 496.392 633.425 496.159 633.2 495.988C632.977 495.815 632.697 495.729 632.36 495.729C632.036 495.729 631.764 495.811 631.543 495.975C631.323 496.137 631.157 496.364 631.044 496.656C630.932 496.946 630.875 497.285 630.875 497.672Z" fill="#D9D9D9"/>
<path d="M439.539 173.603C439.465 173.376 439.367 173.172 439.246 172.992C439.127 172.81 438.984 172.655 438.817 172.527C438.653 172.399 438.467 172.301 438.257 172.233C438.048 172.166 437.819 172.132 437.569 172.132C437.16 172.132 436.788 172.238 436.453 172.449C436.117 172.661 435.851 172.972 435.653 173.384C435.455 173.795 435.356 174.3 435.356 174.898C435.356 175.497 435.456 176.002 435.656 176.413C435.857 176.825 436.128 177.136 436.469 177.348C436.811 177.559 437.196 177.665 437.623 177.665C438.019 177.665 438.368 177.58 438.669 177.412C438.973 177.241 439.209 177 439.377 176.69C439.548 176.377 439.634 176.01 439.634 175.587L439.89 175.641H437.812V174.898H440.443V175.641C440.443 176.21 440.322 176.704 440.079 177.125C439.838 177.546 439.506 177.872 439.081 178.103C438.658 178.333 438.172 178.447 437.623 178.447C437.011 178.447 436.474 178.304 436.011 178.016C435.55 177.728 435.19 177.318 434.931 176.788C434.675 176.257 434.546 175.627 434.546 174.898C434.546 174.352 434.62 173.861 434.766 173.424C434.914 172.986 435.123 172.612 435.393 172.304C435.663 171.996 435.982 171.76 436.351 171.596C436.72 171.432 437.126 171.349 437.569 171.349C437.934 171.349 438.273 171.405 438.588 171.515C438.905 171.623 439.187 171.777 439.435 171.977C439.684 172.175 439.892 172.412 440.059 172.689C440.225 172.963 440.34 173.268 440.403 173.603H439.539ZM442.093 178.353V173.171H442.889V178.353H442.093ZM442.498 172.308C442.343 172.308 442.209 172.255 442.097 172.149C441.986 172.043 441.931 171.916 441.931 171.768C441.931 171.619 441.986 171.492 442.097 171.387C442.209 171.281 442.343 171.228 442.498 171.228C442.653 171.228 442.786 171.281 442.896 171.387C443.009 171.492 443.065 171.619 443.065 171.768C443.065 171.916 443.009 172.043 442.896 172.149C442.786 172.255 442.653 172.308 442.498 172.308ZM446.601 173.171V173.846H443.916V173.171H446.601ZM444.698 171.93H445.495V176.869C445.495 177.094 445.527 177.262 445.592 177.375C445.66 177.485 445.745 177.559 445.849 177.597C445.955 177.633 446.066 177.651 446.183 177.651C446.27 177.651 446.342 177.647 446.399 177.638C446.455 177.627 446.5 177.618 446.534 177.611L446.696 178.326C446.642 178.346 446.566 178.367 446.47 178.387C446.373 178.409 446.25 178.42 446.102 178.42C445.877 178.42 445.657 178.372 445.441 178.275C445.227 178.179 445.049 178.031 444.908 177.833C444.768 177.636 444.698 177.386 444.698 177.085V171.93ZM448.706 175.236V178.353H447.91V171.444H448.706V173.981H448.774C448.895 173.713 449.077 173.501 449.32 173.343C449.565 173.184 449.891 173.104 450.299 173.104C450.652 173.104 450.961 173.175 451.226 173.316C451.492 173.456 451.697 173.67 451.844 173.961C451.992 174.249 452.066 174.615 452.066 175.06V178.353H451.27V175.114C451.27 174.703 451.163 174.385 450.95 174.16C450.738 173.933 450.445 173.819 450.069 173.819C449.808 173.819 449.574 173.874 449.367 173.984C449.163 174.094 449.001 174.255 448.882 174.467C448.765 174.678 448.706 174.934 448.706 175.236ZM456.788 176.234V173.171H457.585V178.353H456.788V177.476H456.735C456.613 177.739 456.424 177.963 456.168 178.147C455.911 178.329 455.587 178.42 455.196 178.42C454.872 178.42 454.584 178.35 454.333 178.208C454.081 178.064 453.883 177.848 453.739 177.56C453.595 177.27 453.523 176.905 453.523 176.464V173.171H454.319V176.41C454.319 176.788 454.425 177.089 454.636 177.314C454.85 177.539 455.122 177.651 455.453 177.651C455.65 177.651 455.852 177.601 456.056 177.5C456.263 177.398 456.437 177.243 456.576 177.034C456.718 176.825 456.788 176.558 456.788 176.234ZM459.151 178.353V171.444H459.947V173.994H460.014C460.073 173.904 460.154 173.79 460.257 173.65C460.363 173.509 460.514 173.383 460.709 173.272C460.907 173.16 461.175 173.104 461.512 173.104C461.949 173.104 462.333 173.213 462.666 173.431C462.999 173.649 463.259 173.958 463.445 174.359C463.632 174.759 463.725 175.231 463.725 175.776C463.725 176.324 463.632 176.8 463.445 177.203C463.259 177.603 463 177.913 462.669 178.134C462.339 178.352 461.958 178.461 461.526 178.461C461.193 178.461 460.926 178.406 460.726 178.296C460.526 178.183 460.372 178.056 460.264 177.914C460.156 177.771 460.073 177.651 460.014 177.557H459.92V178.353H459.151ZM459.933 175.762C459.933 176.153 459.991 176.499 460.106 176.798C460.22 177.095 460.388 177.327 460.608 177.496C460.829 177.663 461.099 177.746 461.418 177.746C461.751 177.746 462.028 177.658 462.251 177.483C462.476 177.305 462.645 177.067 462.757 176.767C462.872 176.466 462.929 176.131 462.929 175.762C462.929 175.398 462.873 175.069 462.761 174.777C462.65 174.482 462.483 174.25 462.258 174.079C462.035 173.906 461.755 173.819 461.418 173.819C461.094 173.819 460.822 173.901 460.601 174.065C460.381 174.227 460.215 174.454 460.102 174.747C459.99 175.037 459.933 175.375 459.933 175.762Z" fill="#D9D9D9"/>
<path d="M721.529 495.513C721.455 495.286 721.357 495.082 721.236 494.902C721.117 494.72 720.974 494.565 720.807 494.437C720.643 494.308 720.456 494.21 720.247 494.143C720.038 494.076 719.809 494.042 719.559 494.042C719.15 494.042 718.778 494.148 718.442 494.359C718.107 494.57 717.841 494.882 717.643 495.293C717.445 495.705 717.346 496.21 717.346 496.808C717.346 497.406 717.446 497.911 717.646 498.323C717.846 498.734 718.117 499.046 718.459 499.257C718.801 499.469 719.186 499.574 719.613 499.574C720.009 499.574 720.358 499.49 720.659 499.321C720.963 499.151 721.199 498.91 721.367 498.6C721.538 498.287 721.624 497.919 721.624 497.496L721.88 497.55H719.802V496.808H722.433V497.55C722.433 498.119 722.312 498.614 722.069 499.035C721.828 499.455 721.496 499.781 721.07 500.013C720.648 500.242 720.162 500.357 719.613 500.357C719.001 500.357 718.464 500.213 718.001 499.925C717.539 499.637 717.18 499.228 716.921 498.697C716.665 498.167 716.536 497.537 716.536 496.808C716.536 496.262 716.609 495.77 716.756 495.334C716.904 494.895 717.113 494.522 717.383 494.214C717.653 493.906 717.972 493.67 718.341 493.505C718.71 493.341 719.116 493.259 719.559 493.259C719.923 493.259 720.263 493.314 720.578 493.424C720.895 493.532 721.177 493.686 721.425 493.887C721.674 494.085 721.882 494.322 722.049 494.598C722.215 494.873 722.33 495.178 722.393 495.513H721.529ZM724.083 500.263V495.081H724.879V500.263H724.083ZM724.488 494.217C724.333 494.217 724.199 494.164 724.086 494.059C723.976 493.953 723.921 493.826 723.921 493.677C723.921 493.529 723.976 493.402 724.086 493.296C724.199 493.191 724.333 493.138 724.488 493.138C724.643 493.138 724.776 493.191 724.886 493.296C724.998 493.402 725.055 493.529 725.055 493.677C725.055 493.826 724.998 493.953 724.886 494.059C724.776 494.164 724.643 494.217 724.488 494.217ZM728.591 495.081V495.756H725.906V495.081H728.591ZM726.688 493.839H727.485V498.778C727.485 499.003 727.517 499.172 727.582 499.284C727.65 499.395 727.735 499.469 727.839 499.507C727.944 499.543 728.056 499.561 728.173 499.561C728.26 499.561 728.332 499.556 728.389 499.547C728.445 499.536 728.49 499.527 728.524 499.521L728.685 500.236C728.632 500.256 728.556 500.276 728.459 500.296C728.363 500.319 728.24 500.33 728.092 500.33C727.867 500.33 727.646 500.282 727.431 500.185C727.217 500.088 727.039 499.941 726.898 499.743C726.758 499.545 726.688 499.296 726.688 498.994V493.839ZM730.696 497.146V500.263H729.9V493.354H730.696V495.891H730.764C730.885 495.623 731.067 495.41 731.31 495.253C731.555 495.093 731.881 495.013 732.288 495.013C732.642 495.013 732.951 495.084 733.216 495.226C733.482 495.365 733.687 495.58 733.834 495.87C733.982 496.158 734.056 496.525 734.056 496.97V500.263H733.26V497.024C733.26 496.612 733.153 496.294 732.94 496.069C732.728 495.842 732.435 495.729 732.059 495.729C731.798 495.729 731.564 495.784 731.357 495.894C731.153 496.004 730.991 496.165 730.872 496.376C730.755 496.588 730.696 496.844 730.696 497.146ZM738.778 498.144V495.081H739.575V500.263H738.778V499.386H738.724C738.603 499.649 738.414 499.872 738.158 500.057C737.901 500.239 737.577 500.33 737.186 500.33C736.862 500.33 736.574 500.259 736.322 500.118C736.071 499.974 735.873 499.758 735.729 499.47C735.585 499.18 735.513 498.814 735.513 498.373V495.081H736.309V498.32C736.309 498.697 736.415 498.999 736.626 499.224C736.84 499.449 737.112 499.561 737.442 499.561C737.64 499.561 737.842 499.51 738.046 499.409C738.253 499.308 738.426 499.153 738.566 498.944C738.708 498.734 738.778 498.468 738.778 498.144ZM741.141 500.263V493.354H741.937V495.904H742.004C742.063 495.814 742.144 495.699 742.247 495.56C742.353 495.418 742.504 495.292 742.699 495.182C742.897 495.07 743.165 495.013 743.502 495.013C743.939 495.013 744.323 495.122 744.656 495.341C744.989 495.559 745.249 495.868 745.435 496.268C745.622 496.669 745.715 497.141 745.715 497.685C745.715 498.234 745.622 498.71 745.435 499.112C745.249 499.513 744.99 499.823 744.659 500.043C744.329 500.262 743.948 500.371 743.516 500.371C743.183 500.371 742.916 500.316 742.716 500.205C742.516 500.093 742.362 499.966 742.254 499.824C742.146 499.68 742.063 499.561 742.004 499.467H741.91V500.263H741.141ZM741.923 497.672C741.923 498.063 741.981 498.408 742.095 498.707C742.21 499.004 742.378 499.237 742.598 499.406C742.819 499.572 743.088 499.655 743.408 499.655C743.741 499.655 744.018 499.568 744.241 499.392C744.466 499.215 744.635 498.976 744.747 498.677C744.862 498.376 744.919 498.041 744.919 497.672C744.919 497.307 744.863 496.979 744.75 496.687C744.64 496.392 744.473 496.159 744.248 495.988C744.025 495.815 743.745 495.729 743.408 495.729C743.084 495.729 742.812 495.811 742.591 495.975C742.371 496.137 742.205 496.364 742.092 496.656C741.98 496.946 741.923 497.285 741.923 497.672Z" fill="#D9D9D9"/>
<path d="M458.311 210.031L460.362 215.847H460.443L462.494 210.031H463.371L460.834 216.94H459.971L457.434 210.031H458.311ZM464.34 216.94V211.759H465.136V216.94H464.34ZM464.744 210.895C464.589 210.895 464.455 210.842 464.343 210.736C464.233 210.631 464.178 210.504 464.178 210.355C464.178 210.207 464.233 210.08 464.343 209.974C464.455 209.868 464.589 209.815 464.744 209.815C464.9 209.815 465.032 209.868 465.142 209.974C465.255 210.08 465.311 210.207 465.311 210.355C465.311 210.504 465.255 210.631 465.142 210.736C465.032 210.842 464.9 210.895 464.744 210.895ZM468.766 217.048C468.267 217.048 467.836 216.938 467.474 216.718C467.115 216.495 466.837 216.185 466.641 215.787C466.448 215.386 466.351 214.921 466.351 214.39C466.351 213.859 466.448 213.391 466.641 212.987C466.837 212.58 467.109 212.262 467.458 212.035C467.808 211.806 468.218 211.691 468.686 211.691C468.955 211.691 469.222 211.736 469.485 211.826C469.748 211.916 469.988 212.062 470.204 212.265C470.42 212.465 470.592 212.73 470.72 213.061C470.848 213.391 470.912 213.799 470.912 214.282V214.619H466.918V213.931H470.102C470.102 213.639 470.044 213.378 469.927 213.149C469.812 212.919 469.648 212.738 469.434 212.605C469.223 212.473 468.973 212.406 468.686 212.406C468.368 212.406 468.094 212.485 467.862 212.642C467.633 212.798 467.456 213 467.333 213.25C467.209 213.499 467.147 213.767 467.147 214.053V214.511C467.147 214.903 467.215 215.235 467.35 215.507C467.487 215.777 467.677 215.982 467.92 216.124C468.163 216.263 468.445 216.333 468.766 216.333C468.976 216.333 469.165 216.304 469.333 216.245C469.504 216.185 469.651 216.095 469.775 215.976C469.899 215.854 469.994 215.703 470.062 215.524L470.831 215.739C470.75 216 470.614 216.23 470.423 216.428C470.232 216.623 469.996 216.776 469.714 216.886C469.433 216.994 469.117 217.048 468.766 217.048ZM473.297 216.94L471.718 211.759H472.555L473.675 215.726H473.729L474.836 211.759H475.686L476.779 215.712H476.833L477.953 211.759H478.789L477.211 216.94H476.428L475.294 212.96H475.213L474.08 216.94H473.297ZM482.622 216.94V210.031H484.956C485.498 210.031 485.941 210.129 486.285 210.325C486.632 210.518 486.888 210.78 487.055 211.111C487.221 211.441 487.304 211.81 487.304 212.217C487.304 212.624 487.221 212.994 487.055 213.327C486.89 213.66 486.636 213.926 486.292 214.123C485.948 214.319 485.507 214.417 484.97 214.417H483.296V213.675H484.943C485.314 213.675 485.612 213.611 485.837 213.483C486.062 213.354 486.225 213.181 486.326 212.963C486.429 212.743 486.481 212.494 486.481 212.217C486.481 211.941 486.429 211.693 486.326 211.475C486.225 211.257 486.061 211.086 485.833 210.962C485.606 210.836 485.305 210.774 484.929 210.774H483.458V216.94H482.622ZM488.544 216.94V211.759H489.313V212.541H489.367C489.462 212.285 489.633 212.077 489.88 211.917C490.127 211.757 490.406 211.678 490.717 211.678C490.775 211.678 490.848 211.679 490.936 211.681C491.024 211.683 491.09 211.687 491.135 211.691V212.501C491.108 212.494 491.046 212.484 490.949 212.47C490.855 212.455 490.755 212.447 490.649 212.447C490.397 212.447 490.172 212.5 489.974 212.605C489.779 212.709 489.624 212.853 489.509 213.037C489.396 213.219 489.34 213.427 489.34 213.661V216.94H488.544ZM494.026 217.048C493.558 217.048 493.148 216.937 492.795 216.714C492.444 216.492 492.17 216.18 491.972 215.78C491.776 215.38 491.678 214.912 491.678 214.377C491.678 213.837 491.776 213.366 491.972 212.963C492.17 212.56 492.444 212.248 492.795 212.025C493.148 211.802 493.558 211.691 494.026 211.691C494.494 211.691 494.903 211.802 495.254 212.025C495.607 212.248 495.882 212.56 496.077 212.963C496.275 213.366 496.374 213.837 496.374 214.377C496.374 214.912 496.275 215.38 496.077 215.78C495.882 216.18 495.607 216.492 495.254 216.714C494.903 216.937 494.494 217.048 494.026 217.048ZM494.026 216.333C494.382 216.333 494.674 216.242 494.903 216.06C495.133 215.878 495.302 215.638 495.413 215.341C495.523 215.044 495.578 214.723 495.578 214.377C495.578 214.03 495.523 213.707 495.413 213.408C495.302 213.109 495.133 212.867 494.903 212.683C494.674 212.499 494.382 212.406 494.026 212.406C493.671 212.406 493.378 212.499 493.149 212.683C492.92 212.867 492.75 213.109 492.64 213.408C492.529 213.707 492.474 214.03 492.474 214.377C492.474 214.723 492.529 215.044 492.64 215.341C492.75 215.638 492.92 215.878 493.149 216.06C493.378 216.242 493.671 216.333 494.026 216.333ZM497.59 211.759H498.386V217.318C498.386 217.638 498.331 217.914 498.22 218.148C498.112 218.382 497.948 218.563 497.728 218.691C497.51 218.82 497.234 218.884 496.901 218.884C496.874 218.884 496.847 218.884 496.82 218.884C496.793 218.884 496.766 218.884 496.739 218.884V218.141C496.766 218.141 496.791 218.141 496.814 218.141C496.836 218.141 496.861 218.141 496.888 218.141C497.131 218.141 497.308 218.069 497.421 217.926C497.533 217.784 497.59 217.581 497.59 217.318V211.759ZM497.981 210.895C497.826 210.895 497.692 210.842 497.579 210.736C497.469 210.631 497.414 210.504 497.414 210.355C497.414 210.207 497.469 210.08 497.579 209.974C497.692 209.868 497.826 209.815 497.981 209.815C498.136 209.815 498.269 209.868 498.379 209.974C498.491 210.08 498.548 210.207 498.548 210.355C498.548 210.504 498.491 210.631 498.379 210.736C498.269 210.842 498.136 210.895 497.981 210.895ZM502.016 217.048C501.517 217.048 501.086 216.938 500.724 216.718C500.365 216.495 500.087 216.185 499.891 215.787C499.698 215.386 499.601 214.921 499.601 214.39C499.601 213.859 499.698 213.391 499.891 212.987C500.087 212.58 500.359 212.262 500.708 212.035C501.058 211.806 501.468 211.691 501.936 211.691C502.205 211.691 502.472 211.736 502.735 211.826C502.998 211.916 503.238 212.062 503.454 212.265C503.67 212.465 503.842 212.73 503.97 213.061C504.098 213.391 504.162 213.799 504.162 214.282V214.619H500.168V213.931H503.352C503.352 213.639 503.294 213.378 503.177 213.149C503.062 212.919 502.898 212.738 502.684 212.605C502.473 212.473 502.223 212.406 501.936 212.406C501.618 212.406 501.344 212.485 501.112 212.642C500.883 212.798 500.706 213 500.583 213.25C500.459 213.499 500.397 213.767 500.397 214.053V214.511C500.397 214.903 500.465 215.235 500.6 215.507C500.737 215.777 500.927 215.982 501.17 216.124C501.413 216.263 501.695 216.333 502.016 216.333C502.226 216.333 502.415 216.304 502.583 216.245C502.754 216.185 502.901 216.095 503.025 215.976C503.149 215.854 503.244 215.703 503.312 215.524L504.081 215.739C504 216 503.864 216.23 503.673 216.428C503.482 216.623 503.246 216.776 502.964 216.886C502.683 216.994 502.367 217.048 502.016 217.048ZM507.478 217.048C506.993 217.048 506.574 216.934 506.223 216.704C505.872 216.475 505.603 216.159 505.414 215.756C505.225 215.354 505.13 214.894 505.13 214.377C505.13 213.85 505.227 213.386 505.42 212.983C505.616 212.578 505.888 212.262 506.237 212.035C506.588 211.806 506.997 211.691 507.465 211.691C507.829 211.691 508.158 211.759 508.45 211.894C508.742 212.028 508.982 212.217 509.168 212.46C509.355 212.703 509.471 212.987 509.516 213.31H508.72C508.659 213.074 508.524 212.865 508.315 212.683C508.108 212.499 507.829 212.406 507.478 212.406C507.168 212.406 506.896 212.487 506.662 212.649C506.43 212.809 506.249 213.035 506.119 213.327C505.991 213.617 505.926 213.958 505.926 214.35C505.926 214.75 505.989 215.098 506.115 215.395C506.244 215.692 506.424 215.923 506.655 216.087C506.889 216.251 507.163 216.333 507.478 216.333C507.685 216.333 507.873 216.297 508.042 216.225C508.21 216.153 508.353 216.05 508.47 215.915C508.587 215.78 508.67 215.618 508.72 215.429H509.516C509.471 215.735 509.36 216.01 509.182 216.256C509.007 216.498 508.774 216.692 508.484 216.836C508.196 216.978 507.861 217.048 507.478 217.048ZM512.933 211.759V212.433H510.248V211.759H512.933ZM511.031 210.517H511.827V215.456C511.827 215.681 511.859 215.85 511.925 215.962C511.992 216.072 512.078 216.147 512.181 216.185C512.287 216.221 512.398 216.239 512.515 216.239C512.603 216.239 512.675 216.234 512.731 216.225C512.787 216.214 512.832 216.205 512.866 216.198L513.028 216.913C512.974 216.934 512.899 216.954 512.802 216.974C512.705 216.997 512.583 217.008 512.434 217.008C512.209 217.008 511.989 216.96 511.773 216.863C511.559 216.766 511.382 216.619 511.24 216.421C511.1 216.223 511.031 215.973 511.031 215.672V210.517Z" fill="#1119FF"/>
<rect x="28.4927" y="203.023" width="102.037" height="20.8345" rx="7.5" stroke="#5155CE"/>
<rect x="24.6028" y="541.603" width="102.037" height="20.8345" rx="7.5" stroke="#5155CE"/>
<rect x="309.793" y="541.603" width="102.037" height="20.8345" rx="7.5" stroke="#5155CE"/>
<path d="M602.484 541.603H689.521C693.663 541.603 697.021 544.96 697.021 549.103V554.938C697.021 559.079 693.663 562.437 689.521 562.438H602.484C598.342 562.438 594.984 559.079 594.984 554.938V549.103L594.993 548.717C595.194 544.754 598.471 541.603 602.484 541.603Z" stroke="#929292"/>
<rect x="314.241" y="203.023" width="102.037" height="20.8345" rx="7.5" stroke="#929292"/>
<circle cx="212.542" cy="93.6331" r="3.08325" fill="#64C514"/>
<rect x="649.784" y="110.035" width="117.167" height="18" rx="9" stroke="#BDBDBD"/>
<circle cx="660.368" cy="119.034" r="3.08325" fill="#F0D22B"/>
<path d="M671.344 117.441C671.308 117.121 671.159 116.874 670.899 116.698C670.638 116.521 670.309 116.432 669.914 116.432C669.63 116.432 669.385 116.477 669.178 116.567C668.971 116.655 668.81 116.776 668.696 116.931C668.583 117.084 668.527 117.258 668.527 117.454C668.527 117.618 668.565 117.76 668.642 117.879C668.72 117.998 668.823 118.098 668.949 118.179C669.077 118.258 669.214 118.324 669.36 118.378C669.506 118.43 669.647 118.473 669.782 118.507L670.457 118.682C670.677 118.736 670.903 118.809 671.135 118.901C671.366 118.994 671.581 119.115 671.779 119.266C671.977 119.416 672.137 119.603 672.258 119.826C672.382 120.048 672.444 120.315 672.444 120.625C672.444 121.017 672.342 121.364 672.14 121.668C671.94 121.971 671.649 122.211 671.266 122.386C670.886 122.562 670.426 122.649 669.887 122.649C669.369 122.649 668.922 122.567 668.544 122.403C668.166 122.239 667.87 122.006 667.657 121.705C667.443 121.401 667.325 121.041 667.302 120.625H668.348C668.368 120.875 668.449 121.083 668.591 121.249C668.735 121.414 668.918 121.536 669.141 121.617C669.366 121.696 669.612 121.735 669.88 121.735C670.174 121.735 670.436 121.689 670.666 121.597C670.897 121.502 671.08 121.372 671.212 121.205C671.345 121.037 671.411 120.84 671.411 120.615C671.411 120.41 671.353 120.243 671.236 120.112C671.121 119.982 670.965 119.874 670.767 119.789C670.571 119.703 670.35 119.628 670.102 119.563L669.286 119.34C668.733 119.189 668.294 118.968 667.97 118.675C667.649 118.383 667.488 117.996 667.488 117.515C667.488 117.117 667.596 116.769 667.812 116.472C668.028 116.175 668.32 115.945 668.689 115.781C669.058 115.614 669.474 115.531 669.937 115.531C670.405 115.531 670.818 115.613 671.175 115.777C671.535 115.942 671.818 116.168 672.025 116.455C672.232 116.741 672.34 117.069 672.349 117.441H671.344ZM675.842 122.639C675.331 122.639 674.892 122.53 674.523 122.312C674.156 122.092 673.873 121.782 673.673 121.384C673.475 120.984 673.376 120.515 673.376 119.977C673.376 119.447 673.475 118.979 673.673 118.574C673.873 118.169 674.152 117.853 674.509 117.626C674.869 117.399 675.29 117.285 675.771 117.285C676.063 117.285 676.347 117.334 676.621 117.43C676.895 117.527 677.142 117.679 677.36 117.886C677.578 118.093 677.75 118.362 677.876 118.692C678.002 119.021 678.065 119.42 678.065 119.89V120.247H673.946V119.492H677.076C677.076 119.226 677.022 118.991 676.915 118.787C676.807 118.58 676.655 118.417 676.459 118.297C676.266 118.178 676.039 118.119 675.778 118.119C675.494 118.119 675.247 118.188 675.035 118.328C674.826 118.465 674.664 118.645 674.55 118.868C674.437 119.088 674.381 119.328 674.381 119.586V120.177C674.381 120.523 674.442 120.818 674.563 121.06C674.687 121.303 674.859 121.489 675.079 121.617C675.3 121.743 675.557 121.806 675.852 121.806C676.043 121.806 676.217 121.779 676.375 121.725C676.532 121.669 676.668 121.586 676.783 121.475C676.898 121.365 676.985 121.229 677.046 121.067L678.001 121.239C677.924 121.52 677.787 121.767 677.589 121.978C677.394 122.187 677.147 122.35 676.85 122.467C676.556 122.582 676.22 122.639 675.842 122.639ZM680.193 115.626V122.535H679.184V115.626H680.193ZM683.783 122.639C683.273 122.639 682.833 122.53 682.464 122.312C682.097 122.092 681.814 121.782 681.614 121.384C681.416 120.984 681.317 120.515 681.317 119.977C681.317 119.447 681.416 118.979 681.614 118.574C681.814 118.169 682.093 117.853 682.451 117.626C682.81 117.399 683.231 117.285 683.712 117.285C684.005 117.285 684.288 117.334 684.562 117.43C684.837 117.527 685.083 117.679 685.301 117.886C685.519 118.093 685.691 118.362 685.817 118.692C685.943 119.021 686.006 119.42 686.006 119.89V120.247H681.887V119.492H685.018C685.018 119.226 684.964 118.991 684.856 118.787C684.748 118.58 684.596 118.417 684.4 118.297C684.207 118.178 683.98 118.119 683.719 118.119C683.436 118.119 683.188 118.188 682.977 118.328C682.768 118.465 682.606 118.645 682.491 118.868C682.379 119.088 682.322 119.328 682.322 119.586V120.177C682.322 120.523 682.383 120.818 682.505 121.06C682.628 121.303 682.8 121.489 683.021 121.617C683.241 121.743 683.499 121.806 683.793 121.806C683.984 121.806 684.159 121.779 684.316 121.725C684.474 121.669 684.61 121.586 684.724 121.475C684.839 121.365 684.927 121.229 684.988 121.067L685.942 121.239C685.866 121.52 685.729 121.767 685.531 121.978C685.335 122.187 685.089 122.35 684.792 122.467C684.497 122.582 684.161 122.639 683.783 122.639ZM689.308 122.639C688.807 122.639 688.375 122.526 688.013 122.299C687.653 122.069 687.376 121.753 687.183 121.351C686.989 120.948 686.893 120.487 686.893 119.967C686.893 119.441 686.992 118.977 687.19 118.574C687.388 118.169 687.666 117.853 688.026 117.626C688.386 117.399 688.81 117.285 689.298 117.285C689.692 117.285 690.043 117.358 690.351 117.505C690.659 117.649 690.907 117.851 691.096 118.112C691.287 118.373 691.401 118.678 691.437 119.026H690.455C690.401 118.783 690.278 118.574 690.084 118.399C689.893 118.223 689.637 118.136 689.315 118.136C689.034 118.136 688.788 118.21 688.576 118.358C688.367 118.504 688.204 118.714 688.087 118.986C687.97 119.256 687.912 119.575 687.912 119.944C687.912 120.322 687.969 120.648 688.084 120.922C688.198 121.196 688.36 121.409 688.569 121.56C688.781 121.71 689.029 121.786 689.315 121.786C689.506 121.786 689.679 121.751 689.834 121.681C689.992 121.609 690.123 121.507 690.229 121.374C690.337 121.241 690.412 121.082 690.455 120.895H691.437C691.401 121.23 691.292 121.529 691.11 121.792C690.928 122.056 690.684 122.263 690.378 122.413C690.074 122.564 689.718 122.639 689.308 122.639ZM694.935 117.353V118.163H692.104V117.353H694.935ZM692.863 116.111H693.872V121.013C693.872 121.209 693.901 121.356 693.96 121.455C694.018 121.552 694.093 121.618 694.186 121.654C694.28 121.688 694.382 121.705 694.493 121.705C694.574 121.705 694.644 121.699 694.705 121.688C694.766 121.677 694.813 121.668 694.847 121.661L695.029 122.494C694.97 122.517 694.887 122.539 694.779 122.562C694.671 122.586 694.536 122.6 694.374 122.602C694.109 122.607 693.862 122.559 693.632 122.46C693.403 122.361 693.217 122.209 693.076 122.002C692.934 121.795 692.863 121.535 692.863 121.222V116.111ZM696.05 122.535V117.353H697.059V122.535H696.05ZM696.56 116.553C696.384 116.553 696.234 116.495 696.108 116.378C695.984 116.259 695.922 116.117 695.922 115.953C695.922 115.786 695.984 115.645 696.108 115.528C696.234 115.409 696.384 115.349 696.56 115.349C696.735 115.349 696.885 115.409 697.008 115.528C697.134 115.645 697.197 115.786 697.197 115.953C697.197 116.117 697.134 116.259 697.008 116.378C696.885 116.495 696.735 116.553 696.56 116.553ZM702.849 117.353L700.97 122.535H699.89L698.008 117.353H699.091L700.403 121.34H700.457L701.766 117.353H702.849ZM705.854 122.639C705.343 122.639 704.904 122.53 704.535 122.312C704.168 122.092 703.885 121.782 703.685 121.384C703.487 120.984 703.388 120.515 703.388 119.977C703.388 119.447 703.487 118.979 703.685 118.574C703.885 118.169 704.164 117.853 704.521 117.626C704.881 117.399 705.302 117.285 705.783 117.285C706.075 117.285 706.359 117.334 706.633 117.43C706.908 117.527 707.154 117.679 707.372 117.886C707.59 118.093 707.762 118.362 707.888 118.692C708.014 119.021 708.077 119.42 708.077 119.89V120.247H703.958V119.492H707.089C707.089 119.226 707.035 118.991 706.927 118.787C706.819 118.58 706.667 118.417 706.471 118.297C706.278 118.178 706.051 118.119 705.79 118.119C705.506 118.119 705.259 118.188 705.048 118.328C704.838 118.465 704.677 118.645 704.562 118.868C704.449 119.088 704.393 119.328 704.393 119.586V120.177C704.393 120.523 704.454 120.818 704.575 121.06C704.699 121.303 704.871 121.489 705.092 121.617C705.312 121.743 705.569 121.806 705.864 121.806C706.055 121.806 706.23 121.779 706.387 121.725C706.544 121.669 706.68 121.586 706.795 121.475C706.91 121.365 706.998 121.229 707.058 121.067L708.013 121.239C707.937 121.52 707.799 121.767 707.601 121.978C707.406 122.187 707.16 122.35 706.863 122.467C706.568 122.582 706.232 122.639 705.854 122.639ZM710.205 115.626V122.535H709.196V115.626H710.205ZM712.2 124.478C712.049 124.478 711.912 124.465 711.788 124.441C711.664 124.418 711.572 124.394 711.511 124.367L711.754 123.54C711.939 123.589 712.103 123.611 712.247 123.604C712.391 123.597 712.518 123.543 712.628 123.442C712.741 123.341 712.839 123.176 712.925 122.946L713.05 122.602L711.154 117.353H712.233L713.546 121.374H713.6L714.912 117.353H715.995L713.859 123.226C713.76 123.496 713.635 123.724 713.482 123.911C713.329 124.1 713.146 124.242 712.935 124.336C712.724 124.431 712.479 124.478 712.2 124.478ZM720.122 122.535H719.015L721.501 115.626H722.706L725.192 122.535H724.086L722.132 116.881H722.078L720.122 122.535ZM720.307 119.829H723.897V120.706H720.307V119.829ZM729.892 117.353L728.013 122.535H726.934L725.051 117.353H726.134L727.447 121.34H727.501L728.809 117.353H729.892ZM732.2 122.649C731.872 122.649 731.575 122.589 731.309 122.467C731.044 122.343 730.834 122.165 730.678 121.931C730.525 121.697 730.449 121.41 730.449 121.071C730.449 120.778 730.505 120.538 730.618 120.349C730.73 120.16 730.882 120.01 731.073 119.9C731.264 119.79 731.478 119.706 731.714 119.65C731.95 119.594 732.191 119.551 732.436 119.522C732.746 119.486 732.998 119.457 733.192 119.434C733.385 119.41 733.526 119.37 733.613 119.316C733.701 119.262 733.745 119.175 733.745 119.053V119.03C733.745 118.735 733.662 118.507 733.495 118.345C733.331 118.183 733.086 118.102 732.76 118.102C732.42 118.102 732.153 118.177 731.957 118.328C731.764 118.476 731.63 118.642 731.556 118.824L730.608 118.608C730.72 118.293 730.884 118.039 731.1 117.845C731.318 117.65 731.569 117.508 731.852 117.42C732.136 117.33 732.434 117.285 732.746 117.285C732.953 117.285 733.173 117.31 733.404 117.36C733.638 117.407 733.856 117.495 734.059 117.623C734.263 117.751 734.431 117.934 734.561 118.173C734.692 118.409 734.757 118.716 734.757 119.094V122.535H733.772V121.826H733.732C733.666 121.957 733.568 122.085 733.438 122.211C733.308 122.337 733.14 122.441 732.935 122.525C732.731 122.608 732.486 122.649 732.2 122.649ZM732.419 121.84C732.698 121.84 732.936 121.785 733.134 121.674C733.335 121.564 733.486 121.42 733.59 121.243C733.696 121.063 733.748 120.87 733.748 120.666V119.998C733.712 120.034 733.643 120.067 733.539 120.099C733.438 120.128 733.322 120.154 733.192 120.177C733.061 120.197 732.934 120.216 732.811 120.234C732.687 120.25 732.583 120.263 732.5 120.274C732.304 120.299 732.126 120.341 731.964 120.399C731.804 120.458 731.676 120.542 731.579 120.652C731.485 120.76 731.437 120.904 731.437 121.084C731.437 121.334 731.53 121.523 731.714 121.651C731.899 121.777 732.134 121.84 732.419 121.84ZM736.101 122.535V117.353H737.109V122.535H736.101ZM736.61 116.553C736.435 116.553 736.284 116.495 736.158 116.378C736.034 116.259 735.972 116.117 735.972 115.953C735.972 115.786 736.034 115.645 736.158 115.528C736.284 115.409 736.435 115.349 736.61 115.349C736.785 115.349 736.935 115.409 737.059 115.528C737.185 115.645 737.248 115.786 737.248 115.953C737.248 116.117 737.185 116.259 737.059 116.378C736.935 116.495 736.785 116.553 736.61 116.553ZM739.475 115.626V122.535H738.466V115.626H739.475ZM742.34 122.649C742.012 122.649 741.715 122.589 741.449 122.467C741.184 122.343 740.974 122.165 740.819 121.931C740.666 121.697 740.589 121.41 740.589 121.071C740.589 120.778 740.645 120.538 740.758 120.349C740.87 120.16 741.022 120.01 741.213 119.9C741.404 119.79 741.618 119.706 741.854 119.65C742.09 119.594 742.331 119.551 742.576 119.522C742.887 119.486 743.138 119.457 743.332 119.434C743.525 119.41 743.666 119.37 743.754 119.316C743.841 119.262 743.885 119.175 743.885 119.053V119.03C743.885 118.735 743.802 118.507 743.635 118.345C743.471 118.183 743.226 118.102 742.9 118.102C742.56 118.102 742.293 118.177 742.097 118.328C741.904 118.476 741.77 118.642 741.696 118.824L740.748 118.608C740.86 118.293 741.024 118.039 741.24 117.845C741.458 117.65 741.709 117.508 741.993 117.42C742.276 117.33 742.574 117.285 742.887 117.285C743.093 117.285 743.313 117.31 743.544 117.36C743.778 117.407 743.996 117.495 744.199 117.623C744.404 117.751 744.571 117.934 744.702 118.173C744.832 118.409 744.897 118.716 744.897 119.094V122.535H743.912V121.826H743.872C743.806 121.957 743.709 122.085 743.578 122.211C743.448 122.337 743.28 122.441 743.075 122.525C742.871 122.608 742.626 122.649 742.34 122.649ZM742.559 121.84C742.838 121.84 743.077 121.785 743.275 121.674C743.475 121.564 743.626 121.42 743.73 121.243C743.836 121.063 743.889 120.87 743.889 120.666V119.998C743.853 120.034 743.783 120.067 743.679 120.099C743.578 120.128 743.462 120.154 743.332 120.177C743.201 120.197 743.074 120.216 742.951 120.234C742.827 120.25 742.724 120.263 742.64 120.274C742.445 120.299 742.266 120.341 742.104 120.399C741.944 120.458 741.816 120.542 741.719 120.652C741.625 120.76 741.578 120.904 741.578 121.084C741.578 121.334 741.67 121.523 741.854 121.651C742.039 121.777 742.274 121.84 742.559 121.84ZM746.322 122.535V115.626H747.33V118.193H747.391C747.45 118.085 747.534 117.96 747.644 117.818C747.754 117.677 747.907 117.553 748.103 117.447C748.299 117.339 748.557 117.285 748.879 117.285C749.297 117.285 749.671 117.391 749.999 117.602C750.327 117.814 750.585 118.119 750.771 118.517C750.96 118.915 751.055 119.394 751.055 119.954C751.055 120.514 750.962 120.994 750.775 121.394C750.588 121.792 750.332 122.099 750.006 122.315C749.68 122.529 749.307 122.636 748.889 122.636C748.574 122.636 748.317 122.583 748.116 122.477C747.919 122.372 747.763 122.248 747.651 122.106C747.538 121.965 747.452 121.839 747.391 121.728H747.307V122.535H746.322ZM747.31 119.944C747.31 120.308 747.363 120.627 747.469 120.902C747.574 121.176 747.727 121.391 747.928 121.546C748.128 121.699 748.373 121.776 748.663 121.776C748.964 121.776 749.216 121.696 749.419 121.536C749.621 121.374 749.774 121.155 749.877 120.878C749.983 120.602 750.036 120.29 750.036 119.944C750.036 119.602 749.984 119.295 749.881 119.023C749.78 118.751 749.627 118.536 749.422 118.378C749.22 118.221 748.967 118.142 748.663 118.142C748.371 118.142 748.123 118.218 747.921 118.368C747.721 118.519 747.569 118.729 747.465 118.999C747.362 119.269 747.31 119.584 747.31 119.944ZM753.196 115.626V122.535H752.188V115.626H753.196ZM756.787 122.639C756.276 122.639 755.836 122.53 755.467 122.312C755.101 122.092 754.818 121.782 754.617 121.384C754.419 120.984 754.32 120.515 754.32 119.977C754.32 119.447 754.419 118.979 754.617 118.574C754.818 118.169 755.096 117.853 755.454 117.626C755.814 117.399 756.234 117.285 756.716 117.285C757.008 117.285 757.291 117.334 757.566 117.43C757.84 117.527 758.087 117.679 758.305 117.886C758.523 118.093 758.695 118.362 758.821 118.692C758.947 119.021 759.01 119.42 759.01 119.89V120.247H754.891V119.492H758.021C758.021 119.226 757.967 118.991 757.859 118.787C757.751 118.58 757.6 118.417 757.404 118.297C757.21 118.178 756.983 118.119 756.722 118.119C756.439 118.119 756.192 118.188 755.98 118.328C755.771 118.465 755.609 118.645 755.494 118.868C755.382 119.088 755.326 119.328 755.326 119.586V120.177C755.326 120.523 755.387 120.818 755.508 121.06C755.632 121.303 755.804 121.489 756.024 121.617C756.245 121.743 756.502 121.806 756.797 121.806C756.988 121.806 757.162 121.779 757.32 121.725C757.477 121.669 757.613 121.586 757.728 121.475C757.842 121.365 757.93 121.229 757.991 121.067L758.946 121.239C758.869 121.52 758.732 121.767 758.534 121.978C758.338 122.187 758.092 122.35 757.795 122.467C757.501 122.582 757.164 122.639 756.787 122.639Z" fill="#505050"/>
<rect x="649.784" y="152.671" width="117.167" height="18" rx="9" stroke="#BDBDBD"/>
<circle cx="660.368" cy="161.671" r="3.08325" fill="#F0D22B"/>
<path d="M671.344 160.077C671.308 159.758 671.159 159.511 670.899 159.335C670.638 159.157 670.309 159.069 669.914 159.069C669.63 159.069 669.385 159.114 669.178 159.204C668.971 159.291 668.81 159.413 668.696 159.568C668.583 159.721 668.527 159.895 668.527 160.091C668.527 160.255 668.565 160.397 668.642 160.516C668.72 160.635 668.823 160.735 668.949 160.816C669.077 160.895 669.214 160.961 669.36 161.015C669.506 161.067 669.647 161.11 669.782 161.143L670.457 161.319C670.677 161.373 670.903 161.446 671.135 161.538C671.366 161.63 671.581 161.752 671.779 161.902C671.977 162.053 672.137 162.24 672.258 162.462C672.382 162.685 672.444 162.952 672.444 163.262C672.444 163.653 672.342 164.001 672.14 164.304C671.94 164.608 671.649 164.848 671.266 165.023C670.886 165.198 670.426 165.286 669.887 165.286C669.369 165.286 668.922 165.204 668.544 165.04C668.166 164.876 667.87 164.643 667.657 164.341C667.443 164.038 667.325 163.678 667.302 163.262H668.348C668.368 163.512 668.449 163.72 668.591 163.886C668.735 164.05 668.918 164.173 669.141 164.254C669.366 164.332 669.612 164.372 669.88 164.372C670.174 164.372 670.436 164.326 670.666 164.234C670.897 164.139 671.08 164.009 671.212 163.842C671.345 163.674 671.411 163.477 671.411 163.252C671.411 163.047 671.353 162.88 671.236 162.749C671.121 162.619 670.965 162.511 670.767 162.425C670.571 162.34 670.35 162.264 670.102 162.199L669.286 161.977C668.733 161.826 668.294 161.604 667.97 161.312C667.649 161.02 667.488 160.633 667.488 160.152C667.488 159.753 667.596 159.406 667.812 159.109C668.028 158.812 668.32 158.582 668.689 158.417C669.058 158.251 669.474 158.168 669.937 158.168C670.405 158.168 670.818 158.25 671.175 158.414C671.535 158.578 671.818 158.804 672.025 159.092C672.232 159.378 672.34 159.706 672.349 160.077H671.344ZM675.842 165.276C675.331 165.276 674.892 165.167 674.523 164.949C674.156 164.728 673.873 164.419 673.673 164.021C673.475 163.621 673.376 163.152 673.376 162.614C673.376 162.083 673.475 161.616 673.673 161.211C673.873 160.806 674.152 160.49 674.509 160.263C674.869 160.036 675.29 159.922 675.771 159.922C676.063 159.922 676.347 159.97 676.621 160.067C676.895 160.164 677.142 160.316 677.36 160.523C677.578 160.73 677.75 160.998 677.876 161.329C678.002 161.657 678.065 162.056 678.065 162.527V162.884H673.946V162.128H677.076C677.076 161.863 677.022 161.628 676.915 161.423C676.807 161.216 676.655 161.053 676.459 160.934C676.266 160.815 676.039 160.755 675.778 160.755C675.494 160.755 675.247 160.825 675.035 160.965C674.826 161.102 674.664 161.282 674.55 161.504C674.437 161.725 674.381 161.964 674.381 162.223V162.813C674.381 163.16 674.442 163.454 674.563 163.697C674.687 163.94 674.859 164.126 675.079 164.254C675.3 164.38 675.557 164.443 675.852 164.443C676.043 164.443 676.217 164.416 676.375 164.362C676.532 164.306 676.668 164.222 676.783 164.112C676.898 164.002 676.985 163.866 677.046 163.704L678.001 163.876C677.924 164.157 677.787 164.403 677.589 164.615C677.394 164.824 677.147 164.987 676.85 165.104C676.556 165.219 676.22 165.276 675.842 165.276ZM680.193 158.262V165.171H679.184V158.262H680.193ZM683.783 165.276C683.273 165.276 682.833 165.167 682.464 164.949C682.097 164.728 681.814 164.419 681.614 164.021C681.416 163.621 681.317 163.152 681.317 162.614C681.317 162.083 681.416 161.616 681.614 161.211C681.814 160.806 682.093 160.49 682.451 160.263C682.81 160.036 683.231 159.922 683.712 159.922C684.005 159.922 684.288 159.97 684.562 160.067C684.837 160.164 685.083 160.316 685.301 160.523C685.519 160.73 685.691 160.998 685.817 161.329C685.943 161.657 686.006 162.056 686.006 162.527V162.884H681.887V162.128H685.018C685.018 161.863 684.964 161.628 684.856 161.423C684.748 161.216 684.596 161.053 684.4 160.934C684.207 160.815 683.98 160.755 683.719 160.755C683.436 160.755 683.188 160.825 682.977 160.965C682.768 161.102 682.606 161.282 682.491 161.504C682.379 161.725 682.322 161.964 682.322 162.223V162.813C682.322 163.16 682.383 163.454 682.505 163.697C682.628 163.94 682.8 164.126 683.021 164.254C683.241 164.38 683.499 164.443 683.793 164.443C683.984 164.443 684.159 164.416 684.316 164.362C684.474 164.306 684.61 164.222 684.724 164.112C684.839 164.002 684.927 163.866 684.988 163.704L685.942 163.876C685.866 164.157 685.729 164.403 685.531 164.615C685.335 164.824 685.089 164.987 684.792 165.104C684.497 165.219 684.161 165.276 683.783 165.276ZM689.308 165.276C688.807 165.276 688.375 165.162 688.013 164.935C687.653 164.706 687.376 164.39 687.183 163.987C686.989 163.585 686.893 163.124 686.893 162.604C686.893 162.078 686.992 161.613 687.19 161.211C687.388 160.806 687.666 160.49 688.026 160.263C688.386 160.036 688.81 159.922 689.298 159.922C689.692 159.922 690.043 159.995 690.351 160.141C690.659 160.285 690.907 160.488 691.096 160.749C691.287 161.01 691.401 161.314 691.437 161.663H690.455C690.401 161.42 690.278 161.211 690.084 161.035C689.893 160.86 689.637 160.772 689.315 160.772C689.034 160.772 688.788 160.846 688.576 160.995C688.367 161.141 688.204 161.35 688.087 161.622C687.97 161.892 687.912 162.212 687.912 162.58C687.912 162.958 687.969 163.284 688.084 163.559C688.198 163.833 688.36 164.046 688.569 164.196C688.781 164.347 689.029 164.422 689.315 164.422C689.506 164.422 689.679 164.388 689.834 164.318C689.992 164.246 690.123 164.144 690.229 164.011C690.337 163.878 690.412 163.718 690.455 163.532H691.437C691.401 163.867 691.292 164.166 691.11 164.429C690.928 164.692 690.684 164.899 690.378 165.05C690.074 165.201 689.718 165.276 689.308 165.276ZM694.935 159.99V160.799H692.104V159.99H694.935ZM692.863 158.748H693.872V163.65C693.872 163.846 693.901 163.993 693.96 164.092C694.018 164.189 694.093 164.255 694.186 164.291C694.28 164.325 694.382 164.341 694.493 164.341C694.574 164.341 694.644 164.336 694.705 164.325C694.766 164.313 694.813 164.304 694.847 164.298L695.029 165.131C694.97 165.153 694.887 165.176 694.779 165.198C694.671 165.223 694.536 165.237 694.374 165.239C694.109 165.243 693.862 165.196 693.632 165.097C693.403 164.998 693.217 164.845 693.076 164.638C692.934 164.431 692.863 164.172 692.863 163.859V158.748ZM696.05 165.171V159.99H697.059V165.171H696.05ZM696.56 159.19C696.384 159.19 696.234 159.132 696.108 159.015C695.984 158.895 695.922 158.754 695.922 158.59C695.922 158.423 695.984 158.281 696.108 158.164C696.234 158.045 696.384 157.986 696.56 157.986C696.735 157.986 696.885 158.045 697.008 158.164C697.134 158.281 697.197 158.423 697.197 158.59C697.197 158.754 697.134 158.895 697.008 159.015C696.885 159.132 696.735 159.19 696.56 159.19ZM702.849 159.99L700.97 165.171H699.89L698.008 159.99H699.091L700.403 163.977H700.457L701.766 159.99H702.849ZM705.854 165.276C705.343 165.276 704.904 165.167 704.535 164.949C704.168 164.728 703.885 164.419 703.685 164.021C703.487 163.621 703.388 163.152 703.388 162.614C703.388 162.083 703.487 161.616 703.685 161.211C703.885 160.806 704.164 160.49 704.521 160.263C704.881 160.036 705.302 159.922 705.783 159.922C706.075 159.922 706.359 159.97 706.633 160.067C706.908 160.164 707.154 160.316 707.372 160.523C707.59 160.73 707.762 160.998 707.888 161.329C708.014 161.657 708.077 162.056 708.077 162.527V162.884H703.958V162.128H707.089C707.089 161.863 707.035 161.628 706.927 161.423C706.819 161.216 706.667 161.053 706.471 160.934C706.278 160.815 706.051 160.755 705.79 160.755C705.506 160.755 705.259 160.825 705.048 160.965C704.838 161.102 704.677 161.282 704.562 161.504C704.449 161.725 704.393 161.964 704.393 162.223V162.813C704.393 163.16 704.454 163.454 704.575 163.697C704.699 163.94 704.871 164.126 705.092 164.254C705.312 164.38 705.569 164.443 705.864 164.443C706.055 164.443 706.23 164.416 706.387 164.362C706.544 164.306 706.68 164.222 706.795 164.112C706.91 164.002 706.998 163.866 707.058 163.704L708.013 163.876C707.937 164.157 707.799 164.403 707.601 164.615C707.406 164.824 707.16 164.987 706.863 165.104C706.568 165.219 706.232 165.276 705.854 165.276ZM710.205 158.262V165.171H709.196V158.262H710.205ZM712.2 167.115C712.049 167.115 711.912 167.102 711.788 167.077C711.664 167.055 711.572 167.03 711.511 167.003L711.754 166.177C711.939 166.226 712.103 166.248 712.247 166.241C712.391 166.234 712.518 166.18 712.628 166.079C712.741 165.978 712.839 165.812 712.925 165.583L713.05 165.239L711.154 159.99H712.233L713.546 164.011H713.6L714.912 159.99H715.995L713.859 165.863C713.76 166.133 713.635 166.361 713.482 166.548C713.329 166.737 713.146 166.878 712.935 166.973C712.724 167.067 712.479 167.115 712.2 167.115ZM720.122 165.171H719.015L721.501 158.262H722.706L725.192 165.171H724.086L722.132 159.517H722.078L720.122 165.171ZM720.307 162.466H723.897V163.343H720.307V162.466ZM729.892 159.99L728.013 165.171H726.934L725.051 159.99H726.134L727.447 163.977H727.501L728.809 159.99H729.892ZM732.2 165.286C731.872 165.286 731.575 165.225 731.309 165.104C731.044 164.98 730.834 164.801 730.678 164.568C730.525 164.334 730.449 164.047 730.449 163.707C730.449 163.415 730.505 163.174 730.618 162.985C730.73 162.796 730.882 162.647 731.073 162.537C731.264 162.426 731.478 162.343 731.714 162.287C731.95 162.231 732.191 162.188 732.436 162.159C732.746 162.123 732.998 162.094 733.192 162.071C733.385 162.046 733.526 162.007 733.613 161.953C733.701 161.899 733.745 161.811 733.745 161.69V161.666C733.745 161.372 733.662 161.143 733.495 160.981C733.331 160.819 733.086 160.739 732.76 160.739C732.42 160.739 732.153 160.814 731.957 160.965C731.764 161.113 731.63 161.278 731.556 161.46L730.608 161.245C730.72 160.93 730.884 160.676 731.1 160.482C731.318 160.286 731.569 160.145 731.852 160.057C732.136 159.967 732.434 159.922 732.746 159.922C732.953 159.922 733.173 159.947 733.404 159.996C733.638 160.044 733.856 160.131 734.059 160.259C734.263 160.388 734.431 160.571 734.561 160.809C734.692 161.045 734.757 161.352 734.757 161.73V165.171H733.772V164.463H733.732C733.666 164.593 733.568 164.722 733.438 164.848C733.308 164.973 733.14 165.078 732.935 165.161C732.731 165.244 732.486 165.286 732.2 165.286ZM732.419 164.476C732.698 164.476 732.936 164.421 733.134 164.311C733.335 164.201 733.486 164.057 733.59 163.879C733.696 163.699 733.748 163.507 733.748 163.302V162.634C733.712 162.67 733.643 162.704 733.539 162.736C733.438 162.765 733.322 162.791 733.192 162.813C733.061 162.833 732.934 162.853 732.811 162.871C732.687 162.886 732.583 162.9 732.5 162.911C732.304 162.936 732.126 162.977 731.964 163.036C731.804 163.094 731.676 163.179 731.579 163.289C731.485 163.397 731.437 163.541 731.437 163.721C731.437 163.97 731.53 164.159 731.714 164.288C731.899 164.413 732.134 164.476 732.419 164.476ZM736.101 165.171V159.99H737.109V165.171H736.101ZM736.61 159.19C736.435 159.19 736.284 159.132 736.158 159.015C736.034 158.895 735.972 158.754 735.972 158.59C735.972 158.423 736.034 158.281 736.158 158.164C736.284 158.045 736.435 157.986 736.61 157.986C736.785 157.986 736.935 158.045 737.059 158.164C737.185 158.281 737.248 158.423 737.248 158.59C737.248 158.754 737.185 158.895 737.059 159.015C736.935 159.132 736.785 159.19 736.61 159.19ZM739.475 158.262V165.171H738.466V158.262H739.475ZM742.34 165.286C742.012 165.286 741.715 165.225 741.449 165.104C741.184 164.98 740.974 164.801 740.819 164.568C740.666 164.334 740.589 164.047 740.589 163.707C740.589 163.415 740.645 163.174 740.758 162.985C740.87 162.796 741.022 162.647 741.213 162.537C741.404 162.426 741.618 162.343 741.854 162.287C742.09 162.231 742.331 162.188 742.576 162.159C742.887 162.123 743.138 162.094 743.332 162.071C743.525 162.046 743.666 162.007 743.754 161.953C743.841 161.899 743.885 161.811 743.885 161.69V161.666C743.885 161.372 743.802 161.143 743.635 160.981C743.471 160.819 743.226 160.739 742.9 160.739C742.56 160.739 742.293 160.814 742.097 160.965C741.904 161.113 741.77 161.278 741.696 161.46L740.748 161.245C740.86 160.93 741.024 160.676 741.24 160.482C741.458 160.286 741.709 160.145 741.993 160.057C742.276 159.967 742.574 159.922 742.887 159.922C743.093 159.922 743.313 159.947 743.544 159.996C743.778 160.044 743.996 160.131 744.199 160.259C744.404 160.388 744.571 160.571 744.702 160.809C744.832 161.045 744.897 161.352 744.897 161.73V165.171H743.912V164.463H743.872C743.806 164.593 743.709 164.722 743.578 164.848C743.448 164.973 743.28 165.078 743.075 165.161C742.871 165.244 742.626 165.286 742.34 165.286ZM742.559 164.476C742.838 164.476 743.077 164.421 743.275 164.311C743.475 164.201 743.626 164.057 743.73 163.879C743.836 163.699 743.889 163.507 743.889 163.302V162.634C743.853 162.67 743.783 162.704 743.679 162.736C743.578 162.765 743.462 162.791 743.332 162.813C743.201 162.833 743.074 162.853 742.951 162.871C742.827 162.886 742.724 162.9 742.64 162.911C742.445 162.936 742.266 162.977 742.104 163.036C741.944 163.094 741.816 163.179 741.719 163.289C741.625 163.397 741.578 163.541 741.578 163.721C741.578 163.97 741.67 164.159 741.854 164.288C742.039 164.413 742.274 164.476 742.559 164.476ZM746.322 165.171V158.262H747.33V160.83H747.391C747.45 160.722 747.534 160.597 747.644 160.455C747.754 160.313 747.907 160.19 748.103 160.084C748.299 159.976 748.557 159.922 748.879 159.922C749.297 159.922 749.671 160.028 749.999 160.239C750.327 160.451 750.585 160.755 750.771 161.153C750.96 161.552 751.055 162.031 751.055 162.591C751.055 163.151 750.962 163.631 750.775 164.031C750.588 164.429 750.332 164.736 750.006 164.952C749.68 165.166 749.307 165.273 748.889 165.273C748.574 165.273 748.317 165.22 748.116 165.114C747.919 165.008 747.763 164.885 747.651 164.743C747.538 164.601 747.452 164.475 747.391 164.365H747.307V165.171H746.322ZM747.31 162.58C747.31 162.945 747.363 163.264 747.469 163.539C747.574 163.813 747.727 164.028 747.928 164.183C748.128 164.336 748.373 164.412 748.663 164.412C748.964 164.412 749.216 164.332 749.419 164.173C749.621 164.011 749.774 163.792 749.877 163.515C749.983 163.238 750.036 162.927 750.036 162.58C750.036 162.239 749.984 161.932 749.881 161.659C749.78 161.387 749.627 161.173 749.422 161.015C749.22 160.858 748.967 160.779 748.663 160.779C748.371 160.779 748.123 160.854 747.921 161.005C747.721 161.156 747.569 161.366 747.465 161.636C747.362 161.906 747.31 162.221 747.31 162.58ZM753.196 158.262V165.171H752.188V158.262H753.196ZM756.787 165.276C756.276 165.276 755.836 165.167 755.467 164.949C755.101 164.728 754.818 164.419 754.617 164.021C754.419 163.621 754.32 163.152 754.32 162.614C754.32 162.083 754.419 161.616 754.617 161.211C754.818 160.806 755.096 160.49 755.454 160.263C755.814 160.036 756.234 159.922 756.716 159.922C757.008 159.922 757.291 159.97 757.566 160.067C757.84 160.164 758.087 160.316 758.305 160.523C758.523 160.73 758.695 160.998 758.821 161.329C758.947 161.657 759.01 162.056 759.01 162.527V162.884H754.891V162.128H758.021C758.021 161.863 757.967 161.628 757.859 161.423C757.751 161.216 757.6 161.053 757.404 160.934C757.21 160.815 756.983 160.755 756.722 160.755C756.439 160.755 756.192 160.825 755.98 160.965C755.771 161.102 755.609 161.282 755.494 161.504C755.382 161.725 755.326 161.964 755.326 162.223V162.813C755.326 163.16 755.387 163.454 755.508 163.697C755.632 163.94 755.804 164.126 756.024 164.254C756.245 164.38 756.502 164.443 756.797 164.443C756.988 164.443 757.162 164.416 757.32 164.362C757.477 164.306 757.613 164.222 757.728 164.112C757.842 164.002 757.93 163.866 757.991 163.704L758.946 163.876C758.869 164.157 758.732 164.403 758.534 164.615C758.338 164.824 758.092 164.987 757.795 165.104C757.501 165.219 757.164 165.276 756.787 165.276Z" fill="#505050"/>
<circle cx="208.652" cy="326.743" r="3.08325" fill="#64C514"/>
<circle cx="471.513" cy="326.743" r="3.08325" fill="#1119FF"/>
<circle cx="756.703" cy="326.743" r="3.08325" fill="#1119FF"/>
<circle cx="208.652" cy="432.212" r="3.08325" fill="#64C514"/>
<circle cx="493.842" cy="432.212" r="3.08325" fill="#64C514"/>
<rect x="24.1028" y="345.159" width="222.969" height="93.2822" rx="8" fill="#1119FF"/>
<rect x="309.293" y="345.159" width="222.969" height="93.2822" rx="8" fill="#1119FF"/>
<path d="M58.17 411.837L97.3412 392.347C98.1982 391.92 99.1797 391.815 100.108 392.051L155.576 406.136C157.154 406.537 158.817 405.941 159.782 404.629L175.582 383.152C175.953 382.648 176.438 382.237 176.996 381.954L202.912 368.822" stroke="white"/>
<path d="M343.36 411.837L382.532 392.347C383.389 391.92 384.37 391.815 385.298 392.051L440.766 406.136C442.344 406.537 444.008 405.941 444.973 404.629L460.773 383.152C461.144 382.648 461.628 382.237 462.187 381.954L488.102 368.822" stroke="white"/>
<path d="M51.3844 362.072H50.5477C50.4982 361.831 50.4117 361.62 50.288 361.438C50.1665 361.255 50.0181 361.102 49.8426 360.979C49.6695 360.853 49.4772 360.758 49.2658 360.695C49.0544 360.632 48.8339 360.601 48.6045 360.601C48.1862 360.601 47.8073 360.707 47.4676 360.918C47.1303 361.129 46.8615 361.441 46.6614 361.852C46.4634 362.264 46.3645 362.769 46.3645 363.367C46.3645 363.965 46.4634 364.47 46.6614 364.882C46.8615 365.294 47.1303 365.605 47.4676 365.816C47.8073 366.028 48.1862 366.134 48.6045 366.134C48.8339 366.134 49.0544 366.102 49.2658 366.039C49.4772 365.976 49.6695 365.883 49.8426 365.759C50.0181 365.633 50.1665 365.479 50.288 365.297C50.4117 365.112 50.4982 364.901 50.5477 364.663H51.3844C51.3214 365.016 51.2067 365.332 51.0403 365.611C50.8738 365.89 50.6669 366.127 50.4195 366.322C50.1721 366.516 49.8944 366.663 49.5863 366.764C49.2804 366.866 48.9531 366.916 48.6045 366.916C48.0153 366.916 47.4913 366.772 47.0325 366.484C46.5737 366.197 46.2127 365.787 45.9495 365.256C45.6864 364.726 45.5548 364.096 45.5548 363.367C45.5548 362.639 45.6864 362.009 45.9495 361.478C46.2127 360.947 46.5737 360.538 47.0325 360.25C47.4913 359.962 48.0153 359.818 48.6045 359.818C48.9531 359.818 49.2804 359.869 49.5863 359.97C49.8944 360.071 50.1721 360.22 50.4195 360.415C50.6669 360.609 50.8738 360.845 51.0403 361.124C51.2067 361.4 51.3214 361.716 51.3844 362.072ZM54.7335 366.93C54.2657 366.93 53.8552 366.818 53.5021 366.596C53.1513 366.373 52.8769 366.062 52.679 365.661C52.4833 365.261 52.3855 364.793 52.3855 364.258C52.3855 363.718 52.4833 363.247 52.679 362.844C52.8769 362.442 53.1513 362.129 53.5021 361.906C53.8552 361.684 54.2657 361.572 54.7335 361.572C55.2013 361.572 55.6106 361.684 55.9615 361.906C56.3146 362.129 56.589 362.442 56.7846 362.844C56.9825 363.247 57.0815 363.718 57.0815 364.258C57.0815 364.793 56.9825 365.261 56.7846 365.661C56.589 366.062 56.3146 366.373 55.9615 366.596C55.6106 366.818 55.2013 366.93 54.7335 366.93ZM54.7335 366.215C55.0888 366.215 55.3812 366.123 55.6106 365.941C55.84 365.759 56.0098 365.52 56.12 365.223C56.2302 364.926 56.2853 364.604 56.2853 364.258C56.2853 363.912 56.2302 363.589 56.12 363.29C56.0098 362.991 55.84 362.749 55.6106 362.564C55.3812 362.38 55.0888 362.288 54.7335 362.288C54.3781 362.288 54.0858 362.38 53.8564 362.564C53.627 362.749 53.4572 362.991 53.347 363.29C53.2368 363.589 53.1816 363.912 53.1816 364.258C53.1816 364.604 53.2368 364.926 53.347 365.223C53.4572 365.52 53.627 365.759 53.8564 365.941C54.0858 366.123 54.3781 366.215 54.7335 366.215ZM62.3485 361.64L60.4323 366.822H59.6227L57.7065 361.64H58.5701L60.0005 365.769H60.0545L61.4849 361.64H62.3485ZM65.3864 366.93C64.8871 366.93 64.4564 366.82 64.0943 366.599C63.7345 366.376 63.4567 366.066 63.2611 365.668C63.0676 365.268 62.9709 364.802 62.9709 364.271C62.9709 363.741 63.0676 363.273 63.2611 362.868C63.4567 362.461 63.7289 362.144 64.0775 361.917C64.4283 361.687 64.8376 361.572 65.3055 361.572C65.5753 361.572 65.8418 361.617 66.105 361.707C66.3681 361.797 66.6077 361.944 66.8236 362.146C67.0395 362.346 67.2115 362.612 67.3397 362.942C67.4679 363.273 67.532 363.68 67.532 364.163V364.501H63.5377V363.813H66.7224C66.7224 363.52 66.6639 363.259 66.5469 363.03C66.4322 362.8 66.268 362.619 66.0544 362.487C65.843 362.354 65.5933 362.288 65.3055 362.288C64.9883 362.288 64.7139 362.366 64.4823 362.524C64.2529 362.679 64.0763 362.881 63.9526 363.131C63.8289 363.381 63.7671 363.648 63.7671 363.934V364.393C63.7671 364.784 63.8346 365.116 63.9695 365.388C64.1067 365.658 64.2968 365.864 64.5396 366.005C64.7825 366.145 65.0648 366.215 65.3864 366.215C65.5956 366.215 65.7845 366.185 65.9532 366.127C66.1241 366.066 66.2714 365.976 66.3951 365.857C66.5188 365.735 66.6144 365.585 66.6819 365.405L67.451 365.621C67.3701 365.882 67.234 366.111 67.0428 366.309C66.8517 366.505 66.6155 366.658 66.3344 366.768C66.0533 366.876 65.7373 366.93 65.3864 366.93ZM68.7431 366.822V361.64H69.5123V362.423H69.5663C69.6607 362.166 69.8317 361.958 70.0791 361.799C70.3265 361.639 70.6053 361.559 70.9157 361.559C70.9742 361.559 71.0473 361.56 71.135 361.562C71.2227 361.565 71.2891 361.568 71.334 361.572V362.382C71.307 362.375 71.2452 362.365 71.1485 362.352C71.054 362.336 70.9539 362.328 70.8482 362.328C70.5963 362.328 70.3714 362.381 70.1735 362.487C69.9779 362.59 69.8227 362.734 69.708 362.919C69.5955 363.101 69.5393 363.309 69.5393 363.543V366.822H68.7431ZM73.8027 366.943C73.4743 366.943 73.1763 366.881 72.9087 366.758C72.641 366.632 72.4285 366.451 72.271 366.215C72.1136 365.976 72.0349 365.688 72.0349 365.351C72.0349 365.054 72.0934 364.813 72.2103 364.629C72.3273 364.442 72.4836 364.296 72.6793 364.19C72.8749 364.085 73.0908 364.006 73.327 363.954C73.5654 363.9 73.8049 363.858 74.0456 363.826C74.3604 363.786 74.6157 363.755 74.8114 363.735C75.0093 363.712 75.1532 363.675 75.2432 363.624C75.3354 363.572 75.3815 363.482 75.3815 363.354V363.327C75.3815 362.994 75.2904 362.735 75.1082 362.551C74.9283 362.366 74.655 362.274 74.2884 362.274C73.9084 362.274 73.6104 362.357 73.3945 362.524C73.1785 362.69 73.0267 362.868 72.939 363.057L72.1833 362.787C72.3183 362.472 72.4982 362.227 72.7231 362.052C72.9503 361.874 73.1977 361.75 73.4653 361.68C73.7352 361.608 74.0006 361.572 74.2615 361.572C74.4279 361.572 74.6191 361.593 74.835 361.633C75.0531 361.671 75.2634 361.751 75.4658 361.873C75.6705 361.994 75.8403 362.177 75.9752 362.423C76.1102 362.668 76.1777 362.996 76.1777 363.408V366.822H75.3815V366.12H75.341C75.287 366.233 75.1971 366.353 75.0711 366.481C74.9452 366.609 74.7776 366.718 74.5685 366.808C74.3593 366.898 74.104 366.943 73.8027 366.943ZM73.9241 366.228C74.239 366.228 74.5044 366.166 74.7203 366.042C74.9384 365.919 75.1026 365.759 75.2128 365.563C75.3253 365.368 75.3815 365.162 75.3815 364.946V364.217C75.3478 364.258 75.2735 364.295 75.1588 364.329C75.0464 364.36 74.9159 364.388 74.7675 364.413C74.6213 364.436 74.4785 364.456 74.3391 364.474C74.2019 364.49 74.0905 364.503 74.0051 364.514C73.7982 364.541 73.6047 364.585 73.4248 364.646C73.2471 364.704 73.1032 364.793 72.993 364.912C72.885 365.029 72.8311 365.189 72.8311 365.391C72.8311 365.668 72.9334 365.877 73.1381 366.019C73.345 366.158 73.607 366.228 73.9241 366.228ZM79.7224 368.873C79.3379 368.873 79.0072 368.823 78.7306 368.724C78.454 368.628 78.2234 368.5 78.039 368.34C77.8569 368.182 77.7118 368.014 77.6038 367.834L78.2381 367.389C78.31 367.483 78.4011 367.591 78.5113 367.712C78.6215 367.836 78.7722 367.943 78.9634 368.033C79.1568 368.125 79.4098 368.171 79.7224 368.171C80.1408 368.171 80.486 368.07 80.7581 367.868C81.0303 367.665 81.1663 367.348 81.1663 366.916V365.864H81.0989C81.0404 365.958 80.9572 366.075 80.8492 366.215C80.7435 366.352 80.5906 366.474 80.3904 366.582C80.1925 366.688 79.9249 366.741 79.5875 366.741C79.1692 366.741 78.7936 366.642 78.4607 366.444C78.1301 366.246 77.8681 365.958 77.6747 365.58C77.4835 365.202 77.3879 364.744 77.3879 364.204C77.3879 363.673 77.4813 363.211 77.6679 362.817C77.8546 362.422 78.1144 362.116 78.4472 361.9C78.7801 361.682 79.1647 361.572 79.601 361.572C79.9384 361.572 80.206 361.629 80.4039 361.741C80.6041 361.851 80.757 361.977 80.8627 362.119C80.9707 362.258 81.0539 362.373 81.1124 362.463H81.1933V361.64H81.9625V366.97C81.9625 367.416 81.8613 367.778 81.6589 368.057C81.4587 368.338 81.1888 368.543 80.8492 368.674C80.5119 368.807 80.1363 368.873 79.7224 368.873ZM79.6955 366.026C80.0148 366.026 80.2847 365.953 80.5051 365.806C80.7255 365.66 80.8931 365.45 81.0078 365.175C81.1225 364.901 81.1798 364.573 81.1798 364.19C81.1798 363.817 81.1236 363.488 81.0112 363.202C80.8987 362.916 80.7323 362.693 80.5119 362.531C80.2915 362.369 80.0193 362.288 79.6955 362.288C79.3581 362.288 79.077 362.373 78.8521 362.544C78.6294 362.715 78.4618 362.944 78.3494 363.232C78.2392 363.52 78.1841 363.84 78.1841 364.19C78.1841 364.55 78.2403 364.868 78.3528 365.145C78.4675 365.419 78.6362 365.635 78.8588 365.793C79.0837 365.948 79.3626 366.026 79.6955 366.026ZM85.5925 366.93C85.0932 366.93 84.6625 366.82 84.3004 366.599C83.9405 366.376 83.6628 366.066 83.4671 365.668C83.2737 365.268 83.177 364.802 83.177 364.271C83.177 363.741 83.2737 363.273 83.4671 362.868C83.6628 362.461 83.9349 362.144 84.2835 361.917C84.6344 361.687 85.0437 361.572 85.5115 361.572C85.7814 361.572 86.0479 361.617 86.311 361.707C86.5742 361.797 86.8137 361.944 87.0296 362.146C87.2455 362.346 87.4176 362.612 87.5458 362.942C87.674 363.273 87.7381 363.68 87.7381 364.163V364.501H83.7437V363.813H86.9284C86.9284 363.52 86.8699 363.259 86.753 363.03C86.6383 362.8 86.4741 362.619 86.2604 362.487C86.049 362.354 85.7994 362.288 85.5115 362.288C85.1944 362.288 84.92 362.366 84.6884 362.524C84.4589 362.679 84.2824 362.881 84.1587 363.131C84.035 363.381 83.9732 363.648 83.9732 363.934V364.393C83.9732 364.784 84.0406 365.116 84.1756 365.388C84.3128 365.658 84.5028 365.864 84.7457 366.005C84.9886 366.145 85.2709 366.215 85.5925 366.215C85.8016 366.215 85.9906 366.185 86.1592 366.127C86.3302 366.066 86.4775 365.976 86.6012 365.857C86.7249 365.735 86.8205 365.585 86.8879 365.405L87.6571 365.621C87.5761 365.882 87.4401 366.111 87.2489 366.309C87.0577 366.505 86.8216 366.658 86.5404 366.768C86.2593 366.876 85.9433 366.93 85.5925 366.93Z" fill="#F7F5F5"/>
<path d="M336.575 362.072H335.738C335.689 361.831 335.602 361.62 335.478 361.438C335.357 361.255 335.208 361.102 335.033 360.979C334.86 360.853 334.667 360.758 334.456 360.695C334.245 360.632 334.024 360.601 333.795 360.601C333.377 360.601 332.998 360.707 332.658 360.918C332.321 361.129 332.052 361.441 331.852 361.852C331.654 362.264 331.555 362.769 331.555 363.367C331.555 363.965 331.654 364.47 331.852 364.882C332.052 365.294 332.321 365.605 332.658 365.816C332.998 366.028 333.377 366.134 333.795 366.134C334.024 366.134 334.245 366.102 334.456 366.039C334.667 365.976 334.86 365.883 335.033 365.759C335.208 365.633 335.357 365.479 335.478 365.297C335.602 365.112 335.689 364.901 335.738 364.663H336.575C336.512 365.016 336.397 365.332 336.231 365.611C336.064 365.89 335.857 366.127 335.61 366.322C335.362 366.516 335.085 366.663 334.777 366.764C334.471 366.866 334.143 366.916 333.795 366.916C333.206 366.916 332.682 366.772 332.223 366.484C331.764 366.197 331.403 365.787 331.14 365.256C330.877 364.726 330.745 364.096 330.745 363.367C330.745 362.639 330.877 362.009 331.14 361.478C331.403 360.947 331.764 360.538 332.223 360.25C332.682 359.962 333.206 359.818 333.795 359.818C334.143 359.818 334.471 359.869 334.777 359.97C335.085 360.071 335.362 360.22 335.61 360.415C335.857 360.609 336.064 360.845 336.231 361.124C336.397 361.4 336.512 361.716 336.575 362.072ZM339.924 366.93C339.456 366.93 339.046 366.818 338.692 366.596C338.342 366.373 338.067 366.062 337.869 365.661C337.674 365.261 337.576 364.793 337.576 364.258C337.576 363.718 337.674 363.247 337.869 362.844C338.067 362.442 338.342 362.129 338.692 361.906C339.046 361.684 339.456 361.572 339.924 361.572C340.392 361.572 340.801 361.684 341.152 361.906C341.505 362.129 341.779 362.442 341.975 362.844C342.173 363.247 342.272 363.718 342.272 364.258C342.272 364.793 342.173 365.261 341.975 365.661C341.779 366.062 341.505 366.373 341.152 366.596C340.801 366.818 340.392 366.93 339.924 366.93ZM339.924 366.215C340.279 366.215 340.572 366.123 340.801 365.941C341.03 365.759 341.2 365.52 341.31 365.223C341.421 364.926 341.476 364.604 341.476 364.258C341.476 363.912 341.421 363.589 341.31 363.29C341.2 362.991 341.03 362.749 340.801 362.564C340.572 362.38 340.279 362.288 339.924 362.288C339.568 362.288 339.276 362.38 339.047 362.564C338.817 362.749 338.647 362.991 338.537 363.29C338.427 363.589 338.372 363.912 338.372 364.258C338.372 364.604 338.427 364.926 338.537 365.223C338.647 365.52 338.817 365.759 339.047 365.941C339.276 366.123 339.568 366.215 339.924 366.215ZM347.539 361.64L345.623 366.822H344.813L342.897 361.64H343.76L345.191 365.769H345.245L346.675 361.64H347.539ZM350.577 366.93C350.077 366.93 349.647 366.82 349.285 366.599C348.925 366.376 348.647 366.066 348.451 365.668C348.258 365.268 348.161 364.802 348.161 364.271C348.161 363.741 348.258 363.273 348.451 362.868C348.647 362.461 348.919 362.144 349.268 361.917C349.619 361.687 350.028 361.572 350.496 361.572C350.766 361.572 351.032 361.617 351.295 361.707C351.558 361.797 351.798 361.944 352.014 362.146C352.23 362.346 352.402 362.612 352.53 362.942C352.658 363.273 352.722 363.68 352.722 364.163V364.501H348.728V363.813H351.913C351.913 363.52 351.854 363.259 351.737 363.03C351.623 362.8 351.458 362.619 351.245 362.487C351.033 362.354 350.784 362.288 350.496 362.288C350.179 362.288 349.904 362.366 349.673 362.524C349.443 362.679 349.267 362.881 349.143 363.131C349.019 363.381 348.957 363.648 348.957 363.934V364.393C348.957 364.784 349.025 365.116 349.16 365.388C349.297 365.658 349.487 365.864 349.73 366.005C349.973 366.145 350.255 366.215 350.577 366.215C350.786 366.215 350.975 366.185 351.143 366.127C351.314 366.066 351.462 365.976 351.585 365.857C351.709 365.735 351.805 365.585 351.872 365.405L352.641 365.621C352.56 365.882 352.424 366.111 352.233 366.309C352.042 366.505 351.806 366.658 351.525 366.768C351.244 366.876 350.928 366.93 350.577 366.93ZM353.933 366.822V361.64H354.703V362.423H354.757C354.851 362.166 355.022 361.958 355.269 361.799C355.517 361.639 355.796 361.559 356.106 361.559C356.164 361.559 356.238 361.56 356.325 361.562C356.413 361.565 356.479 361.568 356.524 361.572V362.382C356.497 362.375 356.436 362.365 356.339 362.352C356.244 362.336 356.144 362.328 356.039 362.328C355.787 362.328 355.562 362.381 355.364 362.487C355.168 362.59 355.013 362.734 354.898 362.919C354.786 363.101 354.73 363.309 354.73 363.543V366.822H353.933ZM358.993 366.943C358.665 366.943 358.367 366.881 358.099 366.758C357.831 366.632 357.619 366.451 357.461 366.215C357.304 365.976 357.225 365.688 357.225 365.351C357.225 365.054 357.284 364.813 357.401 364.629C357.518 364.442 357.674 364.296 357.87 364.19C358.065 364.085 358.281 364.006 358.517 363.954C358.756 363.9 358.995 363.858 359.236 363.826C359.551 363.786 359.806 363.755 360.002 363.735C360.2 363.712 360.344 363.675 360.433 363.624C360.526 363.572 360.572 363.482 360.572 363.354V363.327C360.572 362.994 360.481 362.735 360.299 362.551C360.119 362.366 359.845 362.274 359.479 362.274C359.099 362.274 358.801 362.357 358.585 362.524C358.369 362.69 358.217 362.868 358.129 363.057L357.374 362.787C357.509 362.472 357.689 362.227 357.913 362.052C358.141 361.874 358.388 361.75 358.656 361.68C358.925 361.608 359.191 361.572 359.452 361.572C359.618 361.572 359.809 361.593 360.025 361.633C360.243 361.671 360.454 361.751 360.656 361.873C360.861 361.994 361.031 362.177 361.166 362.423C361.3 362.668 361.368 362.996 361.368 363.408V366.822H360.572V366.12H360.531C360.477 366.233 360.387 366.353 360.261 366.481C360.135 366.609 359.968 366.718 359.759 366.808C359.55 366.898 359.294 366.943 358.993 366.943ZM359.114 366.228C359.429 366.228 359.695 366.166 359.911 366.042C360.129 365.919 360.293 365.759 360.403 365.563C360.516 365.368 360.572 365.162 360.572 364.946V364.217C360.538 364.258 360.464 364.295 360.349 364.329C360.237 364.36 360.106 364.388 359.958 364.413C359.812 364.436 359.669 364.456 359.529 364.474C359.392 364.49 359.281 364.503 359.195 364.514C358.988 364.541 358.795 364.585 358.615 364.646C358.437 364.704 358.294 364.793 358.183 364.912C358.075 365.029 358.021 365.189 358.021 365.391C358.021 365.668 358.124 365.877 358.328 366.019C358.535 366.158 358.797 366.228 359.114 366.228ZM364.913 368.873C364.528 368.873 364.198 368.823 363.921 368.724C363.644 368.628 363.414 368.5 363.229 368.34C363.047 368.182 362.902 368.014 362.794 367.834L363.428 367.389C363.5 367.483 363.591 367.591 363.702 367.712C363.812 367.836 363.963 367.943 364.154 368.033C364.347 368.125 364.6 368.171 364.913 368.171C365.331 368.171 365.676 368.07 365.948 367.868C366.221 367.665 366.357 367.348 366.357 366.916V365.864H366.289C366.231 365.958 366.147 366.075 366.04 366.215C365.934 366.352 365.781 366.474 365.581 366.582C365.383 366.688 365.115 366.741 364.778 366.741C364.359 366.741 363.984 366.642 363.651 366.444C363.32 366.246 363.058 365.958 362.865 365.58C362.674 365.202 362.578 364.744 362.578 364.204C362.578 363.673 362.672 363.211 362.858 362.817C363.045 362.422 363.305 362.116 363.638 361.9C363.97 361.682 364.355 361.572 364.791 361.572C365.129 361.572 365.396 361.629 365.594 361.741C365.794 361.851 365.947 361.977 366.053 362.119C366.161 362.258 366.244 362.373 366.303 362.463H366.384V361.64H367.153V366.97C367.153 367.416 367.052 367.778 366.849 368.057C366.649 368.338 366.379 368.543 366.04 368.674C365.702 368.807 365.327 368.873 364.913 368.873ZM364.886 366.026C365.205 366.026 365.475 365.953 365.695 365.806C365.916 365.66 366.083 365.45 366.198 365.175C366.313 364.901 366.37 364.573 366.37 364.19C366.37 363.817 366.314 363.488 366.201 363.202C366.089 362.916 365.923 362.693 365.702 362.531C365.482 362.369 365.21 362.288 364.886 362.288C364.548 362.288 364.267 362.373 364.042 362.544C363.82 362.715 363.652 362.944 363.54 363.232C363.429 363.52 363.374 363.84 363.374 364.19C363.374 364.55 363.431 364.868 363.543 365.145C363.658 365.419 363.826 365.635 364.049 365.793C364.274 365.948 364.553 366.026 364.886 366.026ZM370.783 366.93C370.283 366.93 369.853 366.82 369.491 366.599C369.131 366.376 368.853 366.066 368.657 365.668C368.464 365.268 368.367 364.802 368.367 364.271C368.367 363.741 368.464 363.273 368.657 362.868C368.853 362.461 369.125 362.144 369.474 361.917C369.825 361.687 370.234 361.572 370.702 361.572C370.972 361.572 371.238 361.617 371.501 361.707C371.764 361.797 372.004 361.944 372.22 362.146C372.436 362.346 372.608 362.612 372.736 362.942C372.864 363.273 372.928 363.68 372.928 364.163V364.501H368.934V363.813H372.119C372.119 363.52 372.06 363.259 371.943 363.03C371.829 362.8 371.664 362.619 371.451 362.487C371.239 362.354 370.99 362.288 370.702 362.288C370.385 362.288 370.11 362.366 369.879 362.524C369.649 362.679 369.473 362.881 369.349 363.131C369.225 363.381 369.163 363.648 369.163 363.934V364.393C369.163 364.784 369.231 365.116 369.366 365.388C369.503 365.658 369.693 365.864 369.936 366.005C370.179 366.145 370.461 366.215 370.783 366.215C370.992 366.215 371.181 366.185 371.35 366.127C371.52 366.066 371.668 365.976 371.791 365.857C371.915 365.735 372.011 365.585 372.078 365.405L372.847 365.621C372.766 365.882 372.63 366.111 372.439 366.309C372.248 366.505 372.012 366.658 371.731 366.768C371.45 366.876 371.134 366.93 370.783 366.93Z" fill="#F7F5F5"/>
<path d="M208.5 418.722V417.98H213.682V418.722H211.509V424.889H210.673V418.722H208.5ZM214.865 424.889V419.707H215.661V424.889H214.865ZM215.27 418.844C215.115 418.844 214.981 418.791 214.869 418.685C214.758 418.579 214.703 418.452 214.703 418.304C214.703 418.155 214.758 418.028 214.869 417.923C214.981 417.817 215.115 417.764 215.27 417.764C215.425 417.764 215.558 417.817 215.668 417.923C215.781 418.028 215.837 418.155 215.837 418.304C215.837 418.452 215.781 418.579 215.668 418.685C215.558 418.791 215.425 418.844 215.27 418.844ZM217.12 424.889V419.707H217.889V420.517H217.956C218.064 420.24 218.238 420.026 218.479 419.873C218.72 419.717 219.009 419.64 219.346 419.64C219.688 419.64 219.973 419.717 220.2 419.873C220.429 420.026 220.608 420.24 220.736 420.517H220.79C220.923 420.249 221.122 420.037 221.387 419.879C221.653 419.72 221.971 419.64 222.342 419.64C222.805 419.64 223.184 419.785 223.479 420.075C223.773 420.363 223.921 420.812 223.921 421.421V424.889H223.125V421.421C223.125 421.039 223.02 420.766 222.811 420.601C222.602 420.437 222.355 420.355 222.072 420.355C221.708 420.355 221.425 420.465 221.225 420.686C221.025 420.904 220.925 421.18 220.925 421.516V424.889H220.115V421.34C220.115 421.046 220.02 420.808 219.829 420.628C219.637 420.446 219.391 420.355 219.09 420.355C218.883 420.355 218.689 420.41 218.51 420.52C218.332 420.631 218.188 420.784 218.078 420.979C217.97 421.173 217.916 421.396 217.916 421.651V424.889H217.12ZM227.549 424.997C227.05 424.997 226.619 424.887 226.257 424.667C225.897 424.444 225.619 424.133 225.424 423.735C225.23 423.335 225.134 422.87 225.134 422.339C225.134 421.808 225.23 421.34 225.424 420.935C225.619 420.528 225.891 420.211 226.24 419.984C226.591 419.755 227 419.64 227.468 419.64C227.738 419.64 228.004 419.685 228.268 419.775C228.531 419.865 228.77 420.011 228.986 420.213C229.202 420.414 229.374 420.679 229.502 421.01C229.631 421.34 229.695 421.747 229.695 422.231V422.568H225.7V421.88H228.885C228.885 421.588 228.826 421.327 228.71 421.097C228.595 420.868 228.431 420.687 228.217 420.554C228.006 420.421 227.756 420.355 227.468 420.355C227.151 420.355 226.877 420.434 226.645 420.591C226.415 420.746 226.239 420.949 226.115 421.198C225.992 421.448 225.93 421.716 225.93 422.001V422.46C225.93 422.852 225.997 423.183 226.132 423.455C226.269 423.725 226.459 423.931 226.702 424.073C226.945 424.212 227.227 424.282 227.549 424.282C227.758 424.282 227.947 424.253 228.116 424.194C228.287 424.133 228.434 424.044 228.558 423.924C228.681 423.803 228.777 423.652 228.844 423.472L229.614 423.688C229.533 423.949 229.397 424.178 229.205 424.376C229.014 424.572 228.778 424.725 228.497 424.835C228.216 424.943 227.9 424.997 227.549 424.997Z" fill="#F7F5F5"/>
<path d="M493.69 418.722V417.98H498.872V418.722H496.7V424.889H495.863V418.722H493.69ZM500.056 424.889V419.707H500.852V424.889H500.056ZM500.46 418.844C500.305 418.844 500.171 418.791 500.059 418.685C499.949 418.579 499.894 418.452 499.894 418.304C499.894 418.155 499.949 418.028 500.059 417.923C500.171 417.817 500.305 417.764 500.46 417.764C500.616 417.764 500.748 417.817 500.858 417.923C500.971 418.028 501.027 418.155 501.027 418.304C501.027 418.452 500.971 418.579 500.858 418.685C500.748 418.791 500.616 418.844 500.46 418.844ZM502.31 424.889V419.707H503.079V420.517H503.147C503.255 420.24 503.429 420.026 503.669 419.873C503.91 419.717 504.199 419.64 504.536 419.64C504.878 419.64 505.163 419.717 505.39 419.873C505.619 420.026 505.798 420.24 505.926 420.517H505.98C506.113 420.249 506.312 420.037 506.577 419.879C506.843 419.72 507.161 419.64 507.532 419.64C507.996 419.64 508.374 419.785 508.669 420.075C508.964 420.363 509.111 420.812 509.111 421.421V424.889H508.315V421.421C508.315 421.039 508.21 420.766 508.001 420.601C507.792 420.437 507.546 420.355 507.262 420.355C506.898 420.355 506.616 420.465 506.416 420.686C506.215 420.904 506.115 421.18 506.115 421.516V424.889H505.306V421.34C505.306 421.046 505.21 420.808 505.019 420.628C504.828 420.446 504.581 420.355 504.28 420.355C504.073 420.355 503.88 420.41 503.7 420.52C503.522 420.631 503.378 420.784 503.268 420.979C503.16 421.173 503.106 421.396 503.106 421.651V424.889H502.31ZM512.739 424.997C512.24 424.997 511.809 424.887 511.447 424.667C511.087 424.444 510.81 424.133 510.614 423.735C510.421 423.335 510.324 422.87 510.324 422.339C510.324 421.808 510.421 421.34 510.614 420.935C510.81 420.528 511.082 420.211 511.43 419.984C511.781 419.755 512.191 419.64 512.658 419.64C512.928 419.64 513.195 419.685 513.458 419.775C513.721 419.865 513.961 420.011 514.176 420.213C514.392 420.414 514.564 420.679 514.693 421.01C514.821 421.34 514.885 421.747 514.885 422.231V422.568H510.891V421.88H514.075C514.075 421.588 514.017 421.327 513.9 421.097C513.785 420.868 513.621 420.687 513.407 420.554C513.196 420.421 512.946 420.355 512.658 420.355C512.341 420.355 512.067 420.434 511.835 420.591C511.606 420.746 511.429 420.949 511.306 421.198C511.182 421.448 511.12 421.716 511.12 422.001V422.46C511.12 422.852 511.187 423.183 511.322 423.455C511.46 423.725 511.65 423.931 511.893 424.073C512.135 424.212 512.418 424.282 512.739 424.282C512.948 424.282 513.137 424.253 513.306 424.194C513.477 424.133 513.624 424.044 513.748 423.924C513.872 423.803 513.967 423.652 514.035 423.472L514.804 423.688C514.723 423.949 514.587 424.178 514.396 424.376C514.205 424.572 513.968 424.725 513.687 424.835C513.406 424.943 513.09 424.997 512.739 424.997Z" fill="#F7F5F5"/>
<path d="M52.076 376.768V421.389H199.305" stroke="#676BE3"/>
<path d="M337.266 376.768V421.389H484.496" stroke="#676BE3"/>
</svg>
